i,cpu_mj,gpu_mj,ane_mj,dram_mj,time_s,size,profiler,phase,variant
0,297.4059709817293,0.9431835074740536,0.0,64.00173800716793,0.0684758749994216,10,mac,phase-19,without
1,294.011382014694,0.9324180197543812,0.0,63.2712227690473,0.0676942920035799,10,mac,phase-19,without
2,296.82434397453113,0.9413389547272478,0.0,63.87657192792039,0.0683419589986442,10,mac,phase-19,without
3,295.5819955572358,0.937399011847616,0.0,63.609218661088235,0.0680559160027769,10,mac,phase-19,without
4,296.9808780833277,0.941835381847681,0.0,63.91025805394978,0.0683780000035767,10,mac,phase-19,without
5,289.32739877137334,0.9175633894663556,0.0,62.263229999502705,0.0666158339954563,10,mac,phase-19,without
6,302.28069548595926,0.9586430483188196,0.0,65.05077827877705,0.0695982499964884,10,mac,phase-19,without
7,274.08865489071906,0.8692357386952241,0.0,58.98385369717592,0.0631072079995647,10,mac,phase-19,without
8,296.4859330936766,0.9402657295982494,0.0,63.80374593702406,0.0682640419981908,10,mac,phase-19,without
9,296.35961479116827,0.939865127891348,0.0,63.776562249770045,0.0682349579947185,10,mac,phase-19,without
10,294.26564294805104,0.9332243745096194,0.0,63.32593969886703,0.0677528340020217,10,mac,phase-19,without
11,294.8192170865159,0.9349799613118638,0.0,63.44506880330504,0.0678802910042577,10,mac,phase-19,without
12,298.78404079959876,0.9475538727362968,0.0,64.29829850710586,0.068793167003605,10,mac,phase-19,without
13,298.6888503744389,0.9472519889550676,0.0,64.27781353623672,0.0687712500002817,10,mac,phase-19,without
14,297.15551036552364,0.942389204919545,0.0,63.94783890525484,0.0684182080003665,10,mac,phase-19,without
15,300.98587226643184,0.9545366885785584,0.0,64.77213243925932,0.0693001250037923,10,mac,phase-19,without
16,299.0323297879458,0.9483412882616924,0.0,64.35173027490056,0.0688503339988528,10,mac,phase-19,without
17,305.4248281977412,0.968614247314164,0.0,65.72739535346113,0.0703221669973572,10,mac,phase-19,without
18,270.1974922131386,0.8568954334542849,0.0,58.14647584154076,0.0622112919954815,10,mac,phase-19,without
19,305.92375154516304,0.970196516396485,0.0,65.83476361261862,0.0704370409948751,10,mac,phase-19,without
20,294.97846999628473,0.935485010748213,0.0,63.47934001505731,0.0679169579962035,10,mac,phase-19,without
21,294.30110968856326,0.9333368525631184,0.0,63.33357213821159,0.067760999998427,10,mac,phase-19,without
22,296.6591147588,0.9408149522308754,0.0,63.841014615666545,0.0683039159994223,10,mac,phase-19,without
23,297.9800016839759,0.9450039695493628,0.0,64.12526936227819,0.0686080419982317,10,mac,phase-19,without
24,284.32545261547966,0.9017003820629098,0.0,61.18681163998317,0.0654641670043929,10,mac,phase-19,without
25,296.21882492114406,0.9394186315315476,0.0,63.74626428249787,0.0682025420028367,10,mac,phase-19,without
26,295.14442019120094,0.9360112997342424,0.0,63.51505248196644,0.0679551669963984,10,mac,phase-19,without
27,296.4417755439799,0.9401256897985544,0.0,63.79424323633048,0.0682538749970262,10,mac,phase-19,without
28,297.22988805085987,0.9426250838627336,0.0,63.963844976399784,0.0684353329997975,10,mac,phase-19,without
29,271.09653932074855,0.8597466418598888,0.0,58.33995069763532,0.0624182920000748,10,mac,phase-19,without
0,1431.6867028657243,0.8916668429916627,0.0,450.2257063150125,0.4793388750040321,10,mac,phase-19,with
1,1441.6843731260738,0.8978934783724855,0.0,453.3696959500776,0.4826861660039867,10,mac,phase-19,with
2,1441.9302878449869,0.8980466361832127,0.0,453.4470292994718,0.4827684999982011,10,mac,phase-19,with
3,1454.604502298105,0.9059402464026766,0.0,457.43271774843294,0.4870119170009275,10,mac,phase-19,with
4,1440.1645935339263,0.8969469465172544,0.0,452.8917674766566,0.4821773330040741,10,mac,phase-19,with
5,1443.7475013846054,0.8991784124696518,0.0,454.01849248884304,0.4833769159959047,10,mac,phase-19,with
6,1443.403897575609,0.8989644130499505,0.0,453.9104386337028,0.4832618750006077,10,mac,phase-19,with
7,1444.6679358767042,0.8997516670204607,0.0,454.3079435737015,0.4836850840001716,10,mac,phase-19,with
8,1441.1069271725326,0.8975338400456352,0.0,453.18810523489424,0.4824928329981048,10,mac,phase-19,with
9,1438.3328193690356,0.8958061017476463,0.0,452.3157253750245,0.4815640420056297,10,mac,phase-19,with
10,1434.57119962179,0.8934633324826611,0.0,451.1328004346711,0.480304625001736,10,mac,phase-19,with
11,1437.6711189179844,0.8953939889921014,0.0,452.1076389603451,0.4813424999956623,10,mac,phase-19,with
12,1446.278188474604,0.9007545462450248,0.0,454.8143232947564,0.4842242080048891,10,mac,phase-19,with
13,1461.7319885114002,0.9103793063712816,0.0,459.6741142133216,0.4893982499997946,10,mac,phase-19,with
14,1485.9730603675405,0.925476855275964,0.0,467.29725807323024,0.4975143330011633,10,mac,phase-19,with
15,1485.196744674062,0.9249933591575864,0.0,467.0531283479768,0.4972544169941102,10,mac,phase-19,with
16,1441.8283634898155,0.8979831568145649,0.0,453.4149769204801,0.482734375000291,10,mac,phase-19,with
17,1433.9295346206682,0.8930636979783642,0.0,450.93101461255696,0.4800897910026833,10,mac,phase-19,with
18,1447.1245713490089,0.9012816808088032,0.0,455.0804872024598,0.4845075830016867,10,mac,phase-19,with
19,1442.5035044879503,0.8984036404589097,0.0,453.6272900139377,0.4829604170008679,10,mac,phase-19,with
20,1448.8445916093335,0.9023529242815096,0.0,455.62138580480814,0.4850834579992806,10,mac,phase-19,with
21,1445.4697617578422,0.9002510511040261,0.0,454.5600955444884,0.4839535409992095,10,mac,phase-19,with
22,1435.0296725657156,0.8937488733916388,0.0,451.27697744252634,0.4804581249991315,10,mac,phase-19,with
23,1444.6637035888714,0.8997490311150472,0.0,454.30661263672,0.4836836670001503,10,mac,phase-19,with
24,1445.5280072361847,0.9002873268909621,0.0,454.5784121297958,0.4839730419989791,10,mac,phase-19,with
25,1435.0631485627289,0.8937697225316866,0.0,451.2875047138698,0.4804693330006557,10,mac,phase-19,with
26,1434.5349847238203,0.8934407775314437,0.0,451.1214118550434,0.4802924999967217,10,mac,phase-19,with
27,1455.9690940043993,0.9067901259023524,0.0,457.8618439417322,0.4874687919946154,10,mac,phase-19,with
28,1436.5572954868485,0.8947002901398989,0.0,451.7573724250831,0.4809695840012864,10,mac,phase-19,with
29,1432.2019249021291,0.8919877277255372,0.0,450.3877293363795,0.4795113750005839,10,mac,phase-19,with
0,310.5645000365186,0.0,0.0,62.906193325953055,0.0660357079977984,10,mac,phase-26,without
1,288.3742824692979,0.0,0.0,58.41146802391626,0.0613173750025453,10,mac,phase-26,without
2,321.0854574933501,0.0,0.0,65.037259122835,0.068272791999334,10,mac,phase-26,without
3,321.1442400366122,0.0,0.0,65.04916578322343,0.0682852910031215,10,mac,phase-26,without
4,320.22265380094257,0.0,0.0,64.86249447371847,0.0680893329990794,10,mac,phase-26,without
5,319.2936180922495,0.0,0.0,64.67431424097813,0.0678917910045129,10,mac,phase-26,without
6,321.08878720952856,0.0,0.0,65.03793357136217,0.0682735000009415,10,mac,phase-26,without
7,320.00827793597637,0.0,0.0,64.81907170774105,0.0680437499977415,10,mac,phase-26,without
8,320.43507321341815,0.0,0.0,64.90552095171516,0.0681344999975408,10,mac,phase-26,without
9,317.3079830296693,0.0,0.0,64.2721152030753,0.0674695830020937,10,mac,phase-26,without
10,320.68334814658476,0.0,0.0,64.95581012173277,0.0681872909990488,10,mac,phase-26,without
11,325.38888014404125,0.0,0.0,65.90893614063914,0.0691878340003313,10,mac,phase-26,without
12,295.5038000069898,0.0,0.0,59.85558288087539,0.0628333330023451,10,mac,phase-26,without
13,298.2466145543028,0.0,0.0,60.41115192418272,0.0634165410010609,10,mac,phase-26,without
14,342.3866146636323,0.0,0.0,69.35190136579169,0.0728020829992601,10,mac,phase-26,without
15,299.69944448734907,0.0,0.0,60.70542896044151,0.0637254579996806,10,mac,phase-26,without
16,292.9898605966174,0.0,0.0,59.34637349429057,0.0622987910028314,10,mac,phase-26,without
17,323.37110492136594,0.0,0.0,65.50022697320047,0.0687587919965153,10,mac,phase-26,without
18,316.76831626965384,0.0,0.0,64.16280334826533,0.0673548330014455,10,mac,phase-26,without
19,317.739678797144,0.0,0.0,64.35955706266829,0.0675613749990589,10,mac,phase-26,without
20,319.69611777139016,0.0,0.0,64.75584230560457,0.0679773750016465,10,mac,phase-26,without
21,322.2084863736894,0.0,0.0,65.26473351816657,0.068511582998326,10,mac,phase-26,without
22,322.89276972182176,0.0,0.0,65.40333809332657,0.0686570830002892,10,mac,phase-26,without
23,295.41542632084173,0.0,0.0,59.83768240549876,0.0628145419977954,10,mac,phase-26,without
24,322.6825089599613,0.0,0.0,65.36074885942217,0.068612374998338,10,mac,phase-26,without
25,322.5780652279843,0.0,0.0,65.33959332620877,0.0685901670003659,10,mac,phase-26,without
26,321.6707807541225,0.0,0.0,65.15581890090364,0.0683972499973606,10,mac,phase-26,without
27,318.3269632325836,0.0,0.0,64.4785140852151,0.0676862500040442,10,mac,phase-26,without
28,328.9750938995778,0.0,0.0,66.63533937020159,0.0699503750001895,10,mac,phase-26,without
29,307.251251832783,0.0,0.0,62.235080458846376,0.0653312079957686,10,mac,phase-26,without
0,1449.873693545792,2.9850735339496506,0.0,457.58829464803466,0.4850850830043782,10,mac,phase-26,with
1,1446.8429429029518,2.9788336707310705,0.0,456.63177269420214,0.484071083003073,10,mac,phase-26,with
2,1445.3750194454071,2.975811435427066,0.0,456.1684877924884,0.4835799590000533,10,mac,phase-26,with
3,1448.6709069635058,2.9825971758987695,0.0,457.208688435808,0.4846826659995713,10,mac,phase-26,with
4,1424.9465914698055,2.933752351272618,0.0,449.7211609933968,0.4767452079977374,10,mac,phase-26,with
5,1435.627076281973,2.955741875383908,0.0,453.0919820883445,0.4803185839991784,10,mac,phase-26,with
6,1435.801801738884,2.9561016090210206,0.0,453.14712642554815,0.4803770419966895,10,mac,phase-26,with
7,1442.0672958435391,2.969001326225478,0.0,455.1245516145416,0.4824732919951202,10,mac,phase-26,with
8,1432.9680678415166,2.9502673738756124,0.0,452.2527840649998,0.479428958002245,10,mac,phase-26,with
9,1439.1755293420624,2.9630476106098724,0.0,454.2118938376459,0.4815057919986429,10,mac,phase-26,with
10,1440.091377941359,2.964933206180738,0.0,454.5009408081327,0.4818122079959721,10,mac,phase-26,with
11,1451.3103619732328,2.988031419811643,0.0,458.0417152864073,0.4855657499938388,10,mac,phase-26,with
12,1443.4372101016247,2.97182177521617,0.0,455.5569042615079,0.4829316250034026,10,mac,phase-26,with
13,1434.084053598288,2.9525650219822253,0.0,452.6049954483539,0.4798023340044892,10,mac,phase-26,with
14,1439.517134404998,2.963750924448154,0.0,454.31970631737266,0.481620083002781,10,mac,phase-26,with
15,1430.940346220044,2.946092597704819,0.0,451.6128237133354,0.4787505420026718,10,mac,phase-26,with
16,1433.879062454506,2.952142975813154,0.0,452.5402990900995,0.4797337499985588,10,mac,phase-26,with
17,1434.991808233428,2.9544339532889583,0.0,452.8914879182164,0.4801060419995338,10,mac,phase-26,with
18,1440.5813104402628,2.965941904071051,0.0,454.6555662611387,0.4819761249964358,10,mac,phase-26,with
19,1442.6452755407934,2.9701913001557,0.0,455.30696525869905,0.4826666669978294,10,mac,phase-26,with
20,1445.466802782904,2.97600040361984,0.0,456.19745513017386,0.483610667004541,10,mac,phase-26,with
21,1448.1300405226957,2.981483612624223,0.0,457.0379879441829,0.4845017080006073,10,mac,phase-26,with
22,1441.8208366411573,2.96849390351307,0.0,455.04676770369457,0.4823908339967602,10,mac,phase-26,with
23,1440.003208219548,2.9647516778833114,0.0,454.47311394788784,0.4817827090009814,10,mac,phase-26,with
24,1439.818517738674,2.96437142774919,0.0,454.4148245930585,0.4817209169996204,10,mac,phase-26,with
25,1447.1916495857026,2.979551605744599,0.0,456.7418264850962,0.4841877500002738,10,mac,phase-26,with
26,1440.1819178853802,2.9651196144119285,0.0,454.529515723842,0.4818424999975832,10,mac,phase-26,with
27,1442.372537883316,2.969629774026444,0.0,455.22088771958175,0.4825754170014988,10,mac,phase-26,with
28,1445.1306763932466,2.975308369552118,0.0,456.0913717505567,0.4834982090033008,10,mac,phase-26,with
29,1445.056946063402,2.9751565698075964,0.0,456.06810204365206,0.4834735410040593,10,mac,phase-26,with
0,454.3035083761031,1.3014348524909098,13.459576237603356,88.22358368464694,0.090134540994768,10,mac,phase-21,without
1,444.8422739911043,1.2743314294505814,13.179269783528383,86.38625690170258,0.088257416995475,10,mac,phase-21,without
2,455.5753429091931,1.3050782533395655,13.497256672696034,88.47056791059792,0.0903868749956018,10,mac,phase-21,without
3,419.6566096594096,1.202182522959485,12.433098197975724,81.49532050377981,0.0832605410032556,10,mac,phase-21,without
4,435.18530530497446,1.2466672899803264,12.893164341112325,84.51091944708739,0.0863414589985041,10,mac,phase-21,without
5,434.93685971867296,1.245955572507318,12.88580368408884,84.46267249418028,0.0862921669977367,10,mac,phase-21,without
6,438.8447567113363,1.2571504526973825,13.00158231342293,85.22156753022256,0.0870674999969196,10,mac,phase-21,without
7,418.10714629014495,1.1977438039220134,12.387192498456614,81.19442207639754,0.0829531249983119,10,mac,phase-21,without
8,430.42937583161984,1.2330430668376595,12.75226119124211,83.58734053088976,0.085397875001945,10,mac,phase-21,without
9,448.2131743145597,1.2839879852207514,13.279138899783035,87.04086973496463,0.0889262089986004,10,mac,phase-21,without
10,439.2591082362903,1.2583374378423693,13.01385823873819,85.30203262847219,0.087149708000652,10,mac,phase-21,without
11,445.6432605229153,1.276626000744122,13.20300048138,86.5418046820226,0.088416334001522,10,mac,phase-21,without
12,443.8860921648639,1.2715922730693427,13.15094113990136,86.20057093227965,0.0880677089953678,10,mac,phase-21,without
13,431.57225975907176,1.236317065272878,12.786121227690554,83.80928316165615,0.0856246249968535,10,mac,phase-21,without
14,426.859596067627,1.2228167848149134,12.646499906112131,82.89410625482151,0.0846896250004647,10,mac,phase-21,without
15,460.8455878665688,1.3201758265306909,13.653397363856882,89.49402445113316,0.0914325000048847,10,mac,phase-21,without
16,448.61450172342313,1.2851376604214158,13.291028961726749,87.11880561172545,0.0890058329969178,10,mac,phase-21,without
17,446.24997941202497,1.278364057116996,13.220975643341562,86.6596266087732,0.0885367079972638,10,mac,phase-21,without
18,440.1419993148403,1.2608666395751174,13.04001550929003,85.47348588277637,0.0873248749994672,10,mac,phase-21,without
19,459.3093502042079,1.315774994931014,13.607883500207592,89.1956943932182,0.0911277080012951,10,mac,phase-21,without
20,443.4385504379859,1.2703102085671665,13.137681893865697,86.11366045444791,0.0879789160026121,10,mac,phase-21,without
21,442.1656725615023,1.2666638188720003,13.099970547807796,85.8664736161651,0.0877263750007841,10,mac,phase-21,without
22,441.68348391262026,1.2652825019735825,13.085684823042577,85.77283487063022,0.0876307080034166,10,mac,phase-21,without
23,435.0414455972906,1.2462551777381865,12.888902232923874,84.4829825750939,0.0863129170029424,10,mac,phase-21,without
24,459.08064738870326,1.315119834208121,13.601107759047146,89.15128139263473,0.0910823329977574,10,mac,phase-21,without
25,446.02715863284936,1.2777257465547136,13.214374168315857,86.616355871709,0.0884924999991199,10,mac,phase-21,without
26,450.1188192756612,1.2894470510723803,13.33559713345909,87.410936935854,0.0893042919997242,10,mac,phase-21,without
27,448.4937466626544,1.2847917356336875,13.287451371158928,87.09535555243103,0.0889818750001723,10,mac,phase-21,without
28,435.6244398844741,1.2479252706830015,12.906174509958412,84.59619729682663,0.0864285839998046,10,mac,phase-21,without
29,440.8499472673068,1.2628946849723075,13.060989768266232,85.61096601285958,0.0874653330029104,10,mac,phase-21,without
0,1533.8317063038091,1.9223856119804856,3.480180849275017,458.8204142525148,0.482414374993823,10,mac,phase-21,with
1,1532.4658514507016,1.9206737555187392,3.4770817987839244,458.4118413387225,0.4819847920007305,10,mac,phase-21,with
2,1532.7859211727923,1.9210749060661227,3.4778080196024637,458.507584908161,0.4820854589997907,10,mac,phase-21,with
3,1538.3956003927374,1.9281056426038587,3.490536077127675,460.1856277683658,0.4838497919990914,10,mac,phase-21,with
4,1522.9541430561326,1.9087525184704217,3.4555002489550732,455.5665709170007,0.4789932089988724,10,mac,phase-21,with
5,1539.8533965777838,1.9299327311950096,3.493843737508207,460.6217034126296,0.4843082919978769,10,mac,phase-21,with
6,1558.8705879131594,1.9537674027910896,3.536992711949386,466.31038201443187,0.4902894999977434,10,mac,phase-21,with
7,1528.1842706527389,1.9153075544624512,3.4673671244578856,457.1310771797192,0.4806381669986876,10,mac,phase-21,with
8,1530.6126061866742,1.9183510417448648,3.4728768859174273,457.85747363576144,0.4814019170007668,10,mac,phase-21,with
9,1529.805810596203,1.9173398667713937,3.4710463105344194,457.6161340640759,0.4811481670039939,10,mac,phase-21,with
10,1543.3268559157984,1.934286095535932,3.501724828125394,461.66073138799834,0.4854007499961881,10,mac,phase-21,with
11,1528.3825913511537,1.9155561142331377,3.467817103353094,457.19040154016074,0.4807005420007044,10,mac,phase-21,with
12,1527.5508876069628,1.9145137213130463,3.465930012721894,456.9416111058017,0.4804389579949202,10,mac,phase-21,with
13,1532.1754590843225,1.9203098002655896,3.476422914273912,458.32497525994063,0.4818934590002754,10,mac,phase-21,with
14,1548.060719170639,1.9402191523196637,3.5124657067855973,463.0767883717431,0.4868896249972749,10,mac,phase-21,with
15,1536.3584725110995,1.925552464629163,3.4859139445872778,459.5762546183018,0.4832090830022935,10,mac,phase-21,with
16,1531.8200143511997,1.9198643134250184,3.4756164294763265,458.2186498403884,0.4817816659997334,10,mac,phase-21,with
17,1544.5072416097676,1.9357654993488456,3.504403059166014,462.0138242670011,0.4857719999999972,10,mac,phase-21,with
18,1539.9674607728598,1.9300756904039993,3.4941025429727572,460.65582383211313,0.4843441669945605,10,mac,phase-21,with
19,1532.2398437391903,1.920390494994772,3.476568999559501,458.3442348657349,0.4819137089943979,10,mac,phase-21,with
20,1550.311531046087,1.943040145227069,3.5175726767041766,463.7500815582468,0.487597540995921,10,mac,phase-21,with
21,1542.165283280946,1.932830270551135,3.4990892828942965,461.3132661248166,0.4850354169975617,10,mac,phase-21,with
22,1531.4933249285327,1.9194548662587223,3.4748751889166525,458.12092609688784,0.4816789169999538,10,mac,phase-21,with
23,1524.2148076912772,1.910332537677336,3.458360628553798,455.94367791495455,0.4793897080016904,10,mac,phase-21,with
24,1530.4574725177151,1.918156609244927,3.4725248960468504,457.81106796168143,0.4813531250038068,10,mac,phase-21,with
25,1532.0318478695604,1.9201298091154244,3.4760970682261996,458.28201633766935,0.4818482909977319,10,mac,phase-21,with
26,1538.7289158546507,1.9285233943334643,3.4912923518105825,460.2853335820371,0.4839546249932027,10,mac,phase-21,with
27,1566.0945228565863,1.9628213221618085,3.5533834280515495,468.4713028049295,0.4925615419997484,10,mac,phase-21,with
28,1626.4442900112474,2.0384590362524007,3.6903137725258977,486.52393860072385,0.5115425000039977,10,mac,phase-21,with
29,1622.90856352767,2.0340276311041094,3.68229140113675,485.466284437486,0.5104304580017924,10,mac,phase-21,with
0,478.8738629620707,0.3431147812004327,14.220201487529048,87.79926012273296,0.0864906249989871,10,mac,phase-28,without
1,478.90200611204955,0.3431349458648552,14.221037200843442,87.80442003630684,0.0864957080048043,10,mac,phase-28,without
2,487.74552269105345,0.3494713561196944,14.483646203627334,89.42583701596179,0.0880929580016527,10,mac,phase-28,without
3,399.3710335699146,0.2861507286146987,11.859357974809182,73.22279199996125,0.0721314170004916,10,mac,phase-28,without
4,491.1808267997274,0.3519327634103611,14.585657861340524,90.05568379267353,0.0887134170043282,10,mac,phase-28,without
5,483.7304803199704,0.3465945643563198,14.364419167211922,88.68969796806718,0.0873677909985417,10,mac,phase-28,without
6,483.518014469227,0.3464423318384717,14.358109975083329,88.65074335822227,0.087329417001456,10,mac,phase-28,without
7,485.3377441423682,0.3477461744511833,14.412147007810152,88.98438219567502,0.0876580830008606,10,mac,phase-28,without
8,499.413915114863,0.3578317997001645,14.83014014312904,91.56518163438656,0.0902004160016076,10,mac,phase-28,without
9,473.2155736942138,0.3390605973447913,14.052178089956351,86.76183952056161,0.0854686669990769,10,mac,phase-28,without
10,391.64224025811114,0.2806130214412069,11.629850777507798,71.8057542643444,0.0707355000049574,10,mac,phase-28,without
11,394.0454011504646,0.2823348945429649,11.70121285161399,72.2463624591609,0.071169540999108,10,mac,phase-28,without
12,397.0732972059024,0.2845043925525931,11.791126491346358,72.80151289429132,0.0717164169982425,10,mac,phase-28,without
13,394.9993326892937,0.2830183897940962,11.729539932577543,72.42126129953374,0.0713418329978594,10,mac,phase-28,without
14,378.78252964338554,0.2713989942512912,11.24798053952574,69.44798708452487,0.0684128749999217,10,mac,phase-28,without
15,384.479575923064,0.2754809476401223,11.417154829973958,70.49251360168908,0.0694418330022017,10,mac,phase-28,without
16,390.4696084584311,0.2797728266957949,11.595029373059054,71.59075776449062,0.0705237079964717,10,mac,phase-28,without
17,403.0395662041652,0.288779244951635,11.96829537410665,73.89540012484615,0.0727939999997033,10,mac,phase-28,without
18,393.9042149535417,0.2822337341439276,11.697020315076117,72.22047663705172,0.0711440410013892,10,mac,phase-28,without
19,387.7349368229936,0.2778134249985624,11.513823058273752,71.0893686412988,0.0700297920047887,10,mac,phase-28,without
20,398.0775187183235,0.2852239207439624,11.820946937499777,72.98563216370505,0.0718977919968892,10,mac,phase-28,without
21,391.24936055017025,0.2803315217698855,11.61818418001859,71.73372162622738,0.0706645410027704,10,mac,phase-28,without
22,389.6303367203219,0.2791714855889576,11.57010712496458,71.43688125681884,0.0703721249956288,10,mac,phase-28,without
23,388.1340397821256,0.2780993836509139,11.525674455754546,71.16254228311722,0.0701018750041839,10,mac,phase-28,without
24,386.7157163168241,0.2770831499762293,11.483557215681506,70.90249937725069,0.0698457079997751,10,mac,phase-28,without
25,393.89914332670446,0.2822301003057352,11.696869712671026,72.21954677823425,0.0711431250019813,10,mac,phase-28,without
26,388.7795265014115,0.2785618771206674,11.54484224066766,71.28088922321079,0.0702184580004541,10,mac,phase-28,without
27,378.82221127416574,0.2714274262771667,11.249158889042578,69.455262524035,0.0684200420000706,10,mac,phase-28,without
28,392.96851579515817,0.281563302456526,11.6692346462538,72.0489206174866,0.0709750419991905,10,mac,phase-28,without
29,375.2639478299834,0.2688779181967877,11.143495943044648,68.80287173413357,0.067777374999423,10,mac,phase-28,without
0,2319.6517057789556,3.3029404967567295,87.47684676461894,525.848557643445,0.5111504169981345,10,mac,phase-28,with
1,2314.9243261951497,3.2962092045407503,87.29857161304317,524.7768942858021,0.5101087080038269,10,mac,phase-28,with
2,2243.7729720655752,3.1948971461967437,84.6153687482416,508.6473879249105,0.4944300420029321,10,mac,phase-28,with
3,2254.4893140159697,3.210156092062139,85.01949485059417,511.0767064919135,0.4967914580047363,10,mac,phase-28,with
4,2263.353929629599,3.222778374030373,85.35379013282504,513.0862518572274,0.4987448340034461,10,mac,phase-28,with
5,2281.1763688707247,3.248155656392999,86.02589568323314,517.126472182238,0.5026721249960246,10,mac,phase-28,with
6,2232.2522473507156,3.1784928437241375,84.18090840749804,506.0357215013594,0.491891375000705,10,mac,phase-28,with
7,2263.23101968358,3.2226033631711357,85.34915505140874,513.0583890458953,0.498717749993375,10,mac,phase-28,with
8,2302.994609764187,3.2792225408030493,86.84868770436117,522.0725123466133,0.5074799170033657,10,mac,phase-28,with
9,2303.3179493746047,3.279682942461968,86.86088122870923,522.1458111385584,0.5075511670002015,10,mac,phase-28,with
10,2249.199214530751,3.2026235457845784,84.81999885691322,509.8774785314561,0.4956257500016363,10,mac,phase-28,with
11,2241.124418905544,3.1911258845593675,84.51548863333005,508.0469797448486,0.4938464160004514,10,mac,phase-28,with
12,2234.8798072469126,3.182234213157825,84.2799968412624,506.63137065769376,0.4924703750002663,10,mac,phase-28,with
13,2263.226481615066,3.222596901438008,85.34898391540456,513.0573602980119,0.4987167500003124,10,mac,phase-28,with
14,2308.6490778027983,3.2872739096468364,87.06192447301775,523.3543400688258,0.5087259159990936,10,mac,phase-28,with
15,2238.1791965577077,3.1869321971448357,84.40442076768126,507.3793187681206,0.4931974170031026,10,mac,phase-28,with
16,2318.3672328885114,3.301111542213138,87.428407752016,525.5573767669845,0.5108673750000889,10,mac,phase-28,with
17,2320.239385189272,3.303777290538576,87.49900885972785,525.981780389559,0.5112799159978749,10,mac,phase-28,with
18,2343.9967198964614,3.337605240960568,88.39492643327524,531.3673993417943,0.5165150000029826,10,mac,phase-28,with
19,2249.4552359802046,3.2029880934497874,84.82965373270622,509.9355167746914,0.495682166001643,10,mac,phase-28,with
20,2264.9076570694738,3.2249907187842424,85.41238305728577,513.43847082665,0.4990872080015833,10,mac,phase-28,with
21,2258.7602333396535,3.2162374327899004,85.18055633852839,512.0448935523137,0.4977325829968322,10,mac,phase-28,with
22,2237.530243679952,3.1860081563782474,84.3799479766569,507.2322057623637,0.4930544159942656,10,mac,phase-28,with
23,2243.579912181123,3.1946222491899783,84.60808822854695,508.6036226210395,0.494387499995355,10,mac,phase-28,with
24,2260.133957079125,3.218193471172367,85.23236110764753,512.356306962009,0.4980352920028963,10,mac,phase-28,with
25,2268.958855232363,3.230759199646804,85.56515859683132,514.3568486612947,0.4999799159995746,10,mac,phase-28,with
26,2260.4090793731352,3.218585216434892,85.24273629918801,512.4186752309694,0.4980959169988637,10,mac,phase-28,with
27,2267.76401436255,3.229057871690433,85.52009971518271,514.0859867269625,0.4997166250032023,10,mac,phase-28,with
28,2272.703545595133,3.236091245581197,85.70637535977419,515.2057433557776,0.5008050830001594,10,mac,phase-28,with
29,2241.7712887452008,3.192046959298394,84.53988287049046,508.19362054067113,0.4939889579982264,10,mac,phase-28,with
0,349.87286782937815,1.2578057407759158,0.0,77.4970633832903,0.0854961669974727,10,mac,phase-17,without
1,349.0334422306475,1.2547879750840858,0.0,77.31113007776142,0.0852910419998806,10,mac,phase-17,without
2,347.9926444865531,1.2510462691735065,0.0,77.08059271359346,0.085036708995176,10,mac,phase-17,without
3,352.4283146868622,1.2669926655795811,0.0,78.06309649216129,0.0861206249974202,10,mac,phase-17,without
4,282.6333931548689,1.0160773730489314,0.0,62.60347685559545,0.0690652920020511,10,mac,phase-17,without
5,283.17919474531,1.0180395497048138,0.0,62.72437225600627,0.0691986660021939,10,mac,phase-17,without
6,276.21979273513165,0.9930202452498064,0.0,61.18286027184291,0.0674980420008068,10,mac,phase-17,without
7,276.9739641940552,0.9957315191946784,0.0,61.349909731026955,0.0676823339963448,10,mac,phase-17,without
8,278.64172948242276,1.0017271963301757,0.0,61.71932080614954,0.068089874999714,10,mac,phase-17,without
9,280.05765275444236,1.0068174922170603,0.0,62.032948714018886,0.0684358750004321,10,mac,phase-17,without
10,243.0414203648367,0.8737427845656892,0.0,53.83382962969247,0.0593904580018715,10,mac,phase-17,without
11,281.27578463917416,1.0111967208412849,0.0,62.3027657034469,0.0687335420007002,10,mac,phase-17,without
12,277.13901338079825,0.996324877050301,0.0,61.386468231163704,0.0677226659972802,10,mac,phase-17,without
13,280.1060765077298,1.0069915773790588,0.0,62.04367460625814,0.0684477079994394,10,mac,phase-17,without
14,279.5810759179054,1.0051041810802583,0.0,61.9273866407514,0.0683194170051137,10,mac,phase-17,without
15,280.0491285791074,1.0067868474953414,0.0,62.031060603745225,0.0684337920029065,10,mac,phase-17,without
16,281.2120148691721,1.0109674661886043,0.0,62.28864065871724,0.0687179589949664,10,mac,phase-17,without
17,280.11255864456183,1.0070148808977637,0.0,62.045110403700924,0.0684492919972399,10,mac,phase-17,without
18,276.3752946728037,0.993579280396256,0.0,61.21730405022093,0.0675360410023131,10,mac,phase-17,without
19,280.94925472663203,1.0100228338774897,0.0,62.23043911954855,0.0686537500005215,10,mac,phase-17,without
20,278.774560272846,1.002204727874084,0.0,61.74874291095162,0.0681223339997814,10,mac,phase-17,without
21,267.5825543832899,0.9619690578548056,0.0,59.269706467828335,0.065387415997975,10,mac,phase-17,without
22,297.9280571655849,1.071062248884742,0.0,65.99125468935024,0.0728027500008465,10,mac,phase-17,without
23,275.80118690095316,0.9915153419841758,0.0,61.090138812573414,0.067395750003925,10,mac,phase-17,without
24,277.3700585054987,0.997155492713726,0.0,61.437644873652154,0.0677791249981965,10,mac,phase-17,without
25,277.16834263594376,0.996430316793953,0.0,61.392964679885495,0.0677298329974291,10,mac,phase-17,without
26,278.3068472864164,1.000523282602216,0.0,61.645144186136534,0.0680080420061131,10,mac,phase-17,without
27,278.4156319137255,1.0009143673113174,0.0,61.669240050471494,0.0680346250010188,10,mac,phase-17,without
28,277.9544010343528,0.999256225451112,0.0,61.56707711650399,0.067921916997875,10,mac,phase-17,without
29,276.82374129899574,0.9951914623992656,0.0,61.31663526395476,0.0676456250002957,10,mac,phase-17,without
0,1426.3557398510718,0.7629699524762699,0.0,451.2137953731401,0.4804191670045838,10,mac,phase-17,with
1,1436.1417501058518,0.7682045735251545,0.0,454.3095047430066,0.4837152499967487,10,mac,phase-17,with
2,1437.3842689682,0.7688692075507837,0.0,454.7025635263374,0.4841337499965448,10,mac,phase-17,with
3,1435.7789167975,0.7680104908680055,0.0,454.194725947244,0.4835930420013028,10,mac,phase-17,with
4,1426.756674100297,0.7631844156543754,0.0,451.34062703177455,0.4805542079993756,10,mac,phase-17,with
5,1442.0244163356904,0.7713512622847778,0.0,456.17042911293686,0.4856966250008554,10,mac,phase-17,with
6,1433.8540249710404,0.7669808496751926,0.0,453.5858050992161,0.4829447079973761,10,mac,phase-17,with
7,1431.3976884066913,0.7656669341214452,0.0,452.80876686608246,0.4821173750024172,10,mac,phase-17,with
8,1444.479393128879,0.772664450485237,0.0,456.9470371956606,0.4865235000033863,10,mac,phase-17,with
9,1432.4989342043805,0.7662559999697834,0.0,453.157135286478,0.4824882920001982,10,mac,phase-17,with
10,1431.180456916915,0.7655507351292863,0.0,452.74004779254574,0.4820442080017528,10,mac,phase-17,with
11,1430.9528339766905,0.7654289776609116,0.0,452.6680414845096,0.4819675409962656,10,mac,phase-17,with
12,1446.737182019997,0.7738721611809836,0.0,457.66126679929295,0.4872839590025251,10,mac,phase-17,with
13,1439.437319842241,0.7699674021203672,0.0,455.3520262452711,0.4848252499941736,10,mac,phase-17,with
14,1429.330534848355,0.7645611959047436,0.0,452.1548428998401,0.4814211249977234,10,mac,phase-17,with
15,1435.3975273199171,0.7678064823563443,0.0,454.0740770874346,0.4834645839946461,10,mac,phase-17,with
16,1429.0497166778464,0.7644109838501899,0.0,452.0660087969688,0.4813265409975429,10,mac,phase-17,with
17,1432.9186739984648,0.7664805223955694,0.0,453.2899158967189,0.4826296669998555,10,mac,phase-17,with
18,1442.7036926265273,0.7717146130147944,0.0,456.3853115750971,0.4859254159964621,10,mac,phase-17,with
19,1437.1060516360046,0.7687203867070121,0.0,454.6145521734252,0.4840400419998332,10,mac,phase-17,with
20,1430.7913985771136,0.765342624477269,0.0,452.6169729626006,0.4819131670010392,10,mac,phase-17,with
21,1425.923010749327,0.7627384819581031,0.0,451.07690572148346,0.480273417000717,10,mac,phase-17,with
22,1436.4061141941868,0.7683459841496418,0.0,454.3931337566707,0.4838042920018779,10,mac,phase-17,with
23,1425.6143583789776,0.7625733811506694,0.0,450.97926653962634,0.4801694580019102,10,mac,phase-17,with
24,1425.9557912663608,0.7627560165385902,0.0,451.0872755199088,0.4802844579971861,10,mac,phase-17,with
25,1424.248876161869,0.7618429729690447,0.0,450.547309492389,0.4797095419999095,10,mac,phase-17,with
26,1424.314811302583,0.7618782422428813,0.0,450.56816743424656,0.4797317499978817,10,mac,phase-17,with
27,1431.318392832772,0.765624518236982,0.0,452.78368248084473,0.4820906669992837,10,mac,phase-17,with
28,1433.8801282741756,0.7669948125565385,0.0,453.5940626258276,0.4829535000026226,10,mac,phase-17,with
29,1438.061321530074,0.7692313687890531,0.0,454.9167425334217,0.4843617920050747,10,mac,phase-17,with
0,303.6538667450133,0.9448720066976328,0.0,71.56530569246885,0.0874951669975416,10,mac,phase-10,without
1,301.02465859896444,0.9366907666442364,0.0,70.9456525106468,0.0867375840025488,10,mac,phase-10,without
2,299.1144244990058,0.9307467398263406,0.0,70.49544751647653,0.0861871669985703,10,mac,phase-10,without
3,293.9572294015164,0.9146992271339104,0.0,69.27999701810545,0.0847011669975472,10,mac,phase-10,without
4,300.39880553788765,0.9347433156071184,0.0,70.79815112653915,0.0865572499969857,10,mac,phase-10,without
5,298.60714878159104,0.9291682628907408,0.0,70.37589250413203,0.0860410000022966,10,mac,phase-10,without
6,277.2241095231678,0.8626312040020203,0.0,65.33632637719006,0.0798796669987496,10,mac,phase-10,without
7,300.03454654918687,0.9336098601853228,0.0,70.71230237329574,0.0864522920019226,10,mac,phase-10,without
8,298.0721123414342,0.92750340362092,0.0,70.24979482980672,0.0858868340001208,10,mac,phase-10,without
9,246.35294882000863,0.7665701991633321,0.0,58.060594714407934,0.0709844160010106,10,mac,phase-10,without
10,294.99838590497814,0.9179389673198582,0.0,69.52537733959667,0.0850011670045205,10,mac,phase-10,without
11,300.2719892283634,0.934348704525275,0.0,70.76826299089583,0.0865207090027979,10,mac,phase-10,without
12,298.57230126240773,0.92905982875245,0.0,70.36767962217631,0.0860309589988901,10,mac,phase-10,without
13,298.00616894932057,0.927298209246474,0.0,70.23425325589035,0.0858678329968825,10,mac,phase-10,without
14,300.45317822288536,0.9349125057068,0.0,70.81096571001504,0.0865729170036502,10,mac,phase-10,without
15,226.2276855823378,0.7039469298977896,0.0,53.317461912628886,0.065185499996005,10,mac,phase-10,without
16,300.4835452655799,0.9350069980604652,0.0,70.81812263087598,0.0865816669975174,10,mac,phase-10,without
17,298.95347907171913,0.9302459300376188,0.0,70.45751581210853,0.0861407920019701,10,mac,phase-10,without
18,298.72963041602566,0.9295493858744605,0.0,70.40475904123228,0.0860762919983244,10,mac,phase-10,without
19,297.9947474777897,0.9272626693442806,0.0,70.23156143737236,0.085864542001218,10,mac,phase-10,without
20,296.91974992417215,0.9239176268240922,0.0,69.97820543908402,0.0855547909959568,10,mac,phase-10,without
21,299.44672694714785,0.9317807568944326,0.0,70.5737647351524,0.0862829170000623,10,mac,phase-10,without
22,296.81231300431466,0.9235833180957124,0.0,69.95288464836042,0.0855238340009236,10,mac,phase-10,without
23,295.87382497762053,0.9206630487951774,0.0,69.73170128837548,0.0852534170044236,10,mac,phase-10,without
24,278.0441625481616,0.8651829421228953,0.0,65.52959691264151,0.0801159580005332,10,mac,phase-10,without
25,247.35925777903583,0.7697015051324153,0.0,58.297762147992195,0.0712743749973014,10,mac,phase-10,without
26,296.6898313446286,0.9232021950334184,0.0,69.92401810530892,0.0854885419976199,10,mac,phase-10,without
27,288.13239272872465,0.8965742311485035,0.0,67.90719639624777,0.0830227920014294,10,mac,phase-10,without
28,300.6481035323493,0.9355190498298296,0.0,70.85690581118524,0.0866290830017533,10,mac,phase-10,without
29,243.94267503466153,0.759070211586477,0.0,57.492540099790574,0.0702899169991724,10,mac,phase-10,without
0,1572.270651806433,1.4574623663144788,0.0,463.8042739348939,0.4949604580033337,10,mac,phase-10,with
1,1614.5126548127903,1.4966198291779964,0.0,476.26524654887055,0.5082584999981918,10,mac,phase-10,with
2,1576.3343971552958,1.4612293741801083,0.0,465.0030385743154,0.4962397499984945,10,mac,phase-10,with
3,1644.218898611452,1.5241569026019444,0.0,485.0282943234642,0.5176102080004057,10,mac,phase-10,with
4,1575.5820833632336,1.460531994859105,0.0,464.7811134549361,0.4960029169960762,10,mac,phase-10,with
5,1570.4229559700957,1.455749590500236,0.0,463.25922195873414,0.4943787920055911,10,mac,phase-10,with
6,1572.4177010331866,1.4575986779054526,0.0,463.84765200073065,0.4950067500030854,10,mac,phase-10,with
7,1574.566642586953,1.4595907022674324,0.0,464.48156848064974,0.4956832500029122,10,mac,phase-10,with
8,1580.137267694595,1.4647545564943787,0.0,466.1248477280521,0.4974369170013233,10,mac,phase-10,with
9,1573.50792117747,1.4586092894241915,0.0,464.1692561481257,0.4953499580005882,10,mac,phase-10,with
10,1599.3141457492434,1.482531125710334,0.0,471.7818368680931,0.5034739159964374,10,mac,phase-10,with
11,1602.5001032995297,1.4854844424467897,0.0,472.7216627986351,0.5044768750012736,10,mac,phase-10,with
12,1574.0480694807752,1.4591099957265012,0.0,464.32859454914706,0.4955200000040349,10,mac,phase-10,with
13,1593.1679060882757,1.4768336887010516,0.0,469.9687570270937,0.5015390420012409,10,mac,phase-10,with
14,1568.685115034934,1.4541386479066511,0.0,462.7465760906574,0.4938317090054624,10,mac,phase-10,with
15,1579.5300145989438,1.4641916454378614,0.0,465.9457140777485,0.4972457499970915,10,mac,phase-10,with
16,1579.992203831771,1.4646200852946931,0.0,466.0820553249158,0.4973912500063306,10,mac,phase-10,with
17,1575.0407438877955,1.4600301843648718,0.0,464.6214236699303,0.495832500004326,10,mac,phase-10,with
18,1600.070697056777,1.4832324331205111,0.0,472.0050120125772,0.5037120829947526,10,mac,phase-10,with
19,1593.223759506591,1.4768854636643072,0.0,469.9852332324461,0.5015566250003758,10,mac,phase-10,with
20,1574.658629351438,1.459675972095042,0.0,464.5087036653359,0.4957122080013505,10,mac,phase-10,with
21,1584.7792768673362,1.4690576029613365,0.0,467.4941944696508,0.498898249999911,10,mac,phase-10,with
22,1565.789148638521,1.451454146970356,0.0,461.89229467906654,0.492920040996978,10,mac,phase-10,with
23,1568.7101272229097,1.4541618336874398,0.0,462.75395443844394,0.4938395829958608,10,mac,phase-10,with
24,1575.9745217226878,1.4608957770993607,0.0,464.8968788851193,0.4961264590019709,10,mac,phase-10,with
25,1568.585847578053,1.4540466290278165,0.0,462.7172931738065,0.4938004590003402,10,mac,phase-10,with
26,1571.2650074952892,1.4565301548433136,0.0,463.5076188208199,0.4946438749975641,10,mac,phase-10,with
27,1582.4785212364975,1.4669248500907153,0.0,466.8154943402317,0.4981739579961868,10,mac,phase-10,with
28,1569.3266463286614,1.4547333341436206,0.0,462.9358214699767,0.4940336669969838,10,mac,phase-10,with
29,1584.888340812466,1.4691587029821032,0.0,467.526367253532,0.4989325839997036,10,mac,phase-10,with
0,309.7762415538039,0.0,0.0,63.37230984127286,0.068120000003546,10,mac,phase-11,without
1,311.42073409796063,0.0,0.0,63.70873102876365,0.0684816249995492,10,mac,phase-11,without
2,315.468393615639,0.0,0.0,64.53677882158232,0.0693717079993803,10,mac,phase-11,without
3,313.74090904811897,0.0,0.0,64.18337958505668,0.0689918330026557,10,mac,phase-11,without
4,310.57698038804125,0.0,0.0,63.53612056236206,0.0682960830017691,10,mac,phase-11,without
5,311.4457454166953,0.0,0.0,63.7138477059899,0.0684871250050491,10,mac,phase-11,without
6,310.3746162984881,0.0,0.0,63.49472203638219,0.0682515830048942,10,mac,phase-11,without
7,310.3448710223421,0.0,0.0,63.48863691233658,0.0682450419990345,10,mac,phase-11,without
8,310.4030381748929,0.0,0.0,63.50053642662969,0.0682578329942771,10,mac,phase-11,without
9,309.88272598227024,0.0,0.0,63.39409383658571,0.068143415999657,10,mac,phase-11,without
10,314.95073715611716,0.0,0.0,64.43087952672482,0.0692578750022221,10,mac,phase-11,without
11,311.97913169496366,0.0,0.0,63.82296492015055,0.068604416999733,10,mac,phase-11,without
12,314.11153092259957,0.0,0.0,64.25919935788926,0.0690733329975046,10,mac,phase-11,without
13,311.2255687180135,0.0,0.0,63.66880517497234,0.0684387080036685,10,mac,phase-11,without
14,309.3334279703173,0.0,0.0,63.28172148797023,0.0680226250042324,10,mac,phase-11,without
15,313.3998459687748,0.0,0.0,64.11360678701638,0.0689168330063694,10,mac,phase-11,without
16,314.72354819575156,0.0,0.0,64.38440246600322,0.0692079159998684,10,mac,phase-11,without
17,310.5500773260057,0.0,0.0,63.53061688275627,0.0682901670006685,10,mac,phase-11,without
18,309.80466346329615,0.0,0.0,63.3781242382892,0.0681262500002048,10,mac,phase-11,without
19,313.26815920758014,0.0,0.0,64.08666703789113,0.0688878750006551,10,mac,phase-11,without
20,312.11271473244335,0.0,0.0,63.85029259898814,0.0686337919978541,10,mac,phase-11,without
21,323.48735546048795,0.0,0.0,66.17725367558705,0.0711350830024457,10,mac,phase-11,without
22,317.51420374814444,0.0,0.0,64.95529934124274,0.0698215829979744,10,mac,phase-11,without
23,315.9167051463369,0.0,0.0,64.62849191451126,0.0694702920009149,10,mac,phase-11,without
24,324.14466134752286,0.0,0.0,66.31172167779643,0.0712796250008978,10,mac,phase-11,without
25,315.7636041712623,0.0,0.0,64.59717136397205,0.0694366249954328,10,mac,phase-11,without
26,314.22105311215415,0.0,0.0,64.2816048015609,0.0690974169992841,10,mac,phase-11,without
27,315.98150259875905,0.0,0.0,64.6417478188738,0.0694845410034759,10,mac,phase-11,without
28,312.78100741484513,0.0,0.0,63.987008219015664,0.0687807499998598,10,mac,phase-11,without
29,311.296246046372,0.0,0.0,63.68326395182696,0.0684542499948293,10,mac,phase-11,without
0,1511.643938755003,1.2805555723592537,0.0,470.4830392068025,0.5022656669971184,10,mac,phase-11,with
1,1455.4449913464755,1.2329478828632825,0.0,452.9917167471206,0.4835927499952959,10,mac,phase-11,with
2,1448.1302864854454,1.2267513931808842,0.0,450.71509294326864,0.4811623330024304,10,mac,phase-11,with
3,1464.767882274855,1.240845562748578,0.0,455.89336702713973,0.4866904159935075,10,mac,phase-11,with
4,1453.6522420742149,1.2314291951541074,0.0,452.4337426736469,0.4829970829960075,10,mac,phase-11,with
5,1450.011697038547,1.2283451883239749,0.0,451.3006618939489,0.4817874590007704,10,mac,phase-11,with
6,1448.3522481877958,1.226939423104802,0.0,450.784176153694,0.4812360830037505,10,mac,phase-11,with
7,1450.3252002552106,1.228610765607592,0.0,451.3982364235029,0.4818916250005713,10,mac,phase-11,with
8,1452.4347122086772,1.2303977917833426,0.0,452.0547995000746,0.4825925410041236,10,mac,phase-11,with
9,1460.2794917089348,1.237043322417533,0.0,454.4964033768633,0.4851990829993156,10,mac,phase-11,with
10,1450.79796512652,1.2290112578629768,0.0,451.5453794429543,0.4820487079996383,10,mac,phase-11,with
11,1455.8201954230367,1.2332657286593025,0.0,453.1084950106638,0.4837174170024809,10,mac,phase-11,with
12,1451.4555736764398,1.229568336333271,0.0,451.7500530841753,0.4822672079972108,10,mac,phase-11,with
13,1470.749938151556,1.245913128456798,0.0,457.75521806058686,0.488678040994273,10,mac,phase-11,with
14,1452.0386934092628,1.2300623132573831,0.0,451.9315428762396,0.4824609580027754,10,mac,phase-11,with
15,1451.7139040061998,1.2297871751317488,0.0,451.8304556416485,0.482353042003524,10,mac,phase-11,with
16,1453.7180781688437,1.231484966738723,0.0,452.4542334553027,0.4830189579952275,10,mac,phase-11,with
17,1455.6323420932597,1.2331065928852851,0.0,453.0500276670965,0.4836550000036368,10,mac,phase-11,with
18,1450.0140776671672,1.22834720502061,0.0,451.3014028391938,0.4817882499992265,10,mac,phase-11,with
19,1474.4356339985911,1.2490353837934811,0.0,458.9023515483401,0.4899026670027524,10,mac,phase-11,with
20,1453.1416037827598,1.2309966192724342,0.0,452.2748119564722,0.4828274160026922,10,mac,phase-11,with
21,1456.8314348645265,1.2341223776813306,0.0,453.42323249189207,0.4840534160030074,10,mac,phase-11,with
22,1453.1310729927666,1.230987698347697,0.0,452.2715343605025,0.4828239169946755,10,mac,phase-11,with
23,1443.95577834536,1.2232150513720794,0.0,449.4158218473526,0.4797752920057974,10,mac,phase-11,with
24,1458.429811899825,1.2354764072691238,0.0,453.92071028152617,0.4845845000018016,10,mac,phase-11,with
25,1454.071838478107,1.2317846469237803,0.0,452.5643375751858,0.483136499999091,10,mac,phase-11,with
26,1445.4984738230935,1.2245219115656858,0.0,449.8959693465928,0.4802878749978845,10,mac,phase-11,with
27,1453.5452760949363,1.231338581301661,0.0,452.4004506544535,0.4829615419948823,10,mac,phase-11,with
28,1445.4045486582245,1.224442344949385,0.0,449.8667361416741,0.4802566669968655,10,mac,phase-11,with
29,1451.5710690043643,1.2296661756338918,0.0,451.7859997720845,0.4823055829983786,10,mac,phase-11,with
0,423.2993285357832,1.1257193189836718,10.88195341684216,73.34494332147462,0.0716147079947404,10,mac,phase-29,without
1,398.6592292206605,1.0601916085650025,10.248518882795024,69.07556095804284,0.0674460419977549,10,mac,phase-29,without
2,457.0903201348565,1.2155828493187455,11.750634210081207,79.1998979517675,0.0773315420010476,10,mac,phase-29,without
3,514.3190563490106,1.36777655626399,13.221840043885235,89.11590331966148,0.0870136250014184,10,mac,phase-29,without
4,513.1405930847361,1.3646425591752274,13.191544738693866,88.91171135549367,0.0868142500039539,10,mac,phase-29,without
5,517.1547567068353,1.375317798265706,13.29473871656849,89.60724424085022,0.0874933750019408,10,mac,phase-29,without
6,490.26978754538726,1.303820096438466,12.603594265571838,84.94889397564467,0.0829449170050793,10,mac,phase-29,without
7,519.4725243133612,1.3814816534756962,13.354322650265065,90.00884311491652,0.0878855000046314,10,mac,phase-29,without
8,518.1034381164648,1.3778407150727667,13.31912691237008,89.77162197435642,0.0876538750017061,10,mac,phase-29,without
9,525.6111254703898,1.397806607115254,13.512130535447454,91.07247663281692,0.0889240420001442,10,mac,phase-29,without
10,490.7094023236206,1.3049892049520084,12.614895647869416,85.02506589187317,0.0830192919966066,10,mac,phase-29,without
11,500.35038752648165,1.330628374601622,12.862740954482344,86.69555640673644,0.0846503749999101,10,mac,phase-29,without
12,505.79939488524866,1.3451194272434162,13.00282113001969,87.6397042211672,0.085572250005498,10,mac,phase-29,without
13,488.42094043081113,1.298903285155243,12.556065089834012,84.62854480973004,0.0826321249987813,10,mac,phase-29,without
14,503.4395128973858,1.338843573337746,12.94215454226488,87.23080820131315,0.0851729999994859,10,mac,phase-29,without
15,515.2876866466897,1.3703525250065394,13.246741075063214,89.28373759081067,0.0871774999977788,10,mac,phase-29,without
16,511.5217761021383,1.360337488440736,13.149929054927114,88.63121943917719,0.0865403749994584,10,mac,phase-29,without
17,493.5559371722591,1.312559260123976,12.6880728478651,85.51828410192365,0.083500875000027,10,mac,phase-29,without
18,507.3150213055262,1.3491500737071616,13.041784045835897,87.9023163407666,0.0858286670045345,10,mac,phase-29,without
19,517.1131388371582,1.375207119989715,13.293668826567243,89.60003312548373,0.0874863339995499,10,mac,phase-29,without
20,527.6244875195897,1.4031609282825774,13.56388897339825,91.421331250411,0.0892646670035901,10,mac,phase-29,without
21,508.09031563969927,1.3512118861198958,13.061714899158993,88.03665134950398,0.0859598329989239,10,mac,phase-29,without
22,512.7083667182519,1.3634930993530052,13.180433293745718,88.83681962707658,0.0867411250001168,10,mac,phase-29,without
23,472.03525598715373,1.2553273087963857,12.134830651698394,81.78940235004144,0.0798599589979858,10,mac,phase-29,without
24,510.89991397744865,1.3586837125891915,13.133942555028854,88.52346958177273,0.0864351670024916,10,mac,phase-29,without
25,517.1355466298558,1.375266711119289,13.294244874153128,89.60391571677215,0.0874901249990216,10,mac,phase-29,without
26,423.54044139290176,1.1263605328553132,10.88815181760136,73.38672087141926,0.0716554999962681,10,mac,phase-29,without
27,420.70326336992974,1.1188153611610816,10.815215157890457,72.89512391564892,0.071175500001118,10,mac,phase-29,without
28,459.11156121555587,1.2209581239281746,11.802595197972352,79.55011776670491,0.0776734999963082,10,mac,phase-29,without
29,402.5174899448091,1.070452240562397,10.347704992103171,69.74408059664233,0.0680987910018302,10,mac,phase-29,without
0,2392.998209324197,3.976975794792876,87.4243026890121,536.7188203059603,0.5162095000050613,10,mac,phase-29,with
1,2346.237015301762,3.8992623489414657,85.71595841846978,526.2308839614917,0.5061223329976201,10,mac,phase-29,with
2,2300.7091152151656,3.823598541118026,84.05267053866409,516.0195596361023,0.4963012079970212,10,mac,phase-29,with
3,2276.701540577284,3.7836998304317766,83.17559279418722,510.6349684200102,0.4911223749950295,10,mac,phase-29,with
4,2314.2573708925256,3.8461146820330425,84.54763405373505,519.058259696981,0.4992237920014304,10,mac,phase-29,with
5,2278.2948762954834,3.7863478297322226,83.23380272663529,510.99233319516605,0.4914660840004217,10,mac,phase-29,with
6,2289.7309813657334,3.8053537415937018,83.65160224999023,513.5573049524718,0.4939330420020269,10,mac,phase-29,with
7,2293.891527606336,3.812268243922838,83.80360104901682,514.490462136369,0.4948305409998283,10,mac,phase-29,with
8,2318.4932520627685,3.853154385121008,84.70238509205137,520.0083135398091,0.5001375419960823,10,mac,phase-29,with
9,2281.0197056761513,3.790876282971189,83.33334994218406,511.60347749315525,0.4920538750011474,10,mac,phase-29,with
10,2323.3729176840693,3.861264007596687,84.88065574960369,521.1027599817442,0.501190167000459,10,mac,phase-29,with
11,2305.401423920151,3.8313967910576663,84.2240964155981,517.0719843236086,0.4973134169995319,10,mac,phase-29,with
12,2295.03829130475,3.814174075466368,83.84549619807808,514.7476665325047,0.4950779169957968,10,mac,phase-29,with
13,2295.7346122496533,3.8153313063963776,83.87093515278298,514.9038423936677,0.4952281250007218,10,mac,phase-29,with
14,2292.883070348418,3.810592266862264,83.76675870111133,514.2642781017595,0.4946130000025732,10,mac,phase-29,with
15,2299.0294440458956,3.82080705905282,83.99130648074375,515.642830926085,0.4959388749994105,10,mac,phase-29,with
16,2294.674387996746,3.813569296640401,83.83220158179942,514.6660476857306,0.4949994170019636,10,mac,phase-29,with
17,2313.243499113619,3.844429706462219,84.5105938950999,518.8308612547272,0.4990050830019754,10,mac,phase-29,with
18,2309.321882065425,3.8379122857569534,84.36732398603111,517.951292825634,0.4981591250034398,10,mac,phase-29,with
19,2301.46976129274,3.8248626753857113,84.08045950760938,516.1901627998803,0.4964652920025401,10,mac,phase-29,with
20,2313.5898284762848,3.8450052787660263,84.52324647583058,518.9085384908586,0.4990797920036129,10,mac,phase-29,with
21,2375.718595443756,3.9482584284872457,86.79302006274571,532.8432244358439,0.5124819999982719,10,mac,phase-29,with
22,2341.857811815907,3.891984455378547,85.55597133214755,525.2486847606526,0.5051776659965981,10,mac,phase-29,with
23,2313.560855262456,3.844957127551518,84.52218798652382,518.902040170431,0.4990735419996781,10,mac,phase-29,with
24,2286.981230394871,3.8007838706217054,83.55114456462323,512.9405710612946,0.4933398749999469,10,mac,phase-29,with
25,2272.4888379713584,3.7766986483042073,83.02168854706989,509.6901132320113,0.4902136250020703,10,mac,phase-29,with
26,2298.875111933314,3.8205505711567143,83.98566820768846,515.6082162117583,0.4959055829967838,10,mac,phase-29,with
27,2297.6943592134144,3.8185882525187895,83.94253132493478,515.3433885138401,0.4956508750037756,10,mac,phase-29,with
28,2287.752886269415,3.802066302310544,83.57933575861786,513.1136435813881,0.4935063340017223,10,mac,phase-29,with
29,2285.9775988803485,3.799115913569087,83.51447851741436,512.7154693790628,0.4931233749957755,10,mac,phase-29,with
0,300.6962469621724,0.0,0.0,63.339490454251155,0.0683781249972526,10,mac,phase-16,without
1,297.817315883756,0.0,0.0,62.733064436627,0.0677234579998184,10,mac,phase-16,without
2,299.81856627760055,0.0,0.0,63.15461336348616,0.0681785409979056,10,mac,phase-16,without
3,293.4782177778501,0.0,0.0,61.81906479135154,0.0667367499991087,10,mac,phase-16,without
4,300.9928969475883,0.0,0.0,63.40197762896428,0.0684455830050865,10,mac,phase-16,without
5,302.9091294778741,0.0,0.0,63.805618157525416,0.0688813329979893,10,mac,phase-16,without
6,301.93397271938517,0.0,0.0,63.60020843652056,0.0686595830047736,10,mac,phase-16,without
7,298.40897111216174,0.0,0.0,62.85769233295232,0.0678580000021611,10,mac,phase-16,without
8,301.1378313788484,0.0,0.0,63.432507019064865,0.0684785409976029,10,mac,phase-16,without
9,300.16524277859793,0.0,0.0,63.227638262025714,0.0682573750018491,10,mac,phase-16,without
10,302.53570709857513,0.0,0.0,63.7269594330885,0.0687964169992483,10,mac,phase-16,without
11,300.62625114769776,0.0,0.0,63.32474634198656,0.0683622079959604,10,mac,phase-16,without
12,301.35917766867016,0.0,0.0,63.47913201473039,0.0685288749955361,10,mac,phase-16,without
13,299.7551711903755,0.0,0.0,63.14125964669488,0.0681641249975655,10,mac,phase-16,without
14,304.2527658133512,0.0,0.0,64.0886454373958,0.0691868750000139,10,mac,phase-16,without
15,303.4795313282674,0.0,0.0,63.92576918342971,0.0690110419964185,10,mac,phase-16,without
16,297.4405953485831,0.0,0.0,62.6537109795002,0.0676377920026425,10,mac,phase-16,without
17,306.33775437514066,0.0,0.0,64.52783320392388,0.0696610000013606,10,mac,phase-16,without
18,322.565634223188,0.0,0.0,67.94611876988051,0.0733512090009753,10,mac,phase-16,without
19,303.6565283499523,0.0,0.0,63.963052326397744,0.0690512910005054,10,mac,phase-16,without
20,304.6771294210259,0.0,0.0,64.17803456329608,0.0692833749999408,10,mac,phase-16,without
21,300.6194745682893,0.0,0.0,63.32331890452737,0.0683606670063454,10,mac,phase-16,without
22,297.64673049065647,0.0,0.0,62.697131856865795,0.067684666995774,10,mac,phase-16,without
23,301.97648382691904,0.0,0.0,63.60916309397653,0.0686692500021308,10,mac,phase-16,without
24,297.5443027834249,0.0,0.0,62.67555620086746,0.0676613750038086,10,mac,phase-16,without
25,292.8490031072213,0.0,0.0,61.686525270068515,0.0665936670047813,10,mac,phase-16,without
26,305.28948829746935,0.0,0.0,64.30702353339768,0.0694226249979692,10,mac,phase-16,without
27,299.9959370811122,0.0,0.0,63.19197524089363,0.0682188749997294,10,mac,phase-16,without
28,300.89853428238985,0.0,0.0,63.38210081576173,0.0684241249982733,10,mac,phase-16,without
29,298.13540828185586,0.0,0.0,62.80006830054803,0.0677957919979235,10,mac,phase-16,without
0,1449.4460304052652,1.1053478844400375,0.0,457.0446025207368,0.484376374995918,10,mac,phase-16,with
1,1442.0477048299772,1.099705919612443,0.0,454.71173554884194,0.4819040000002133,10,mac,phase-16,with
2,1475.9056715088952,1.125526012982542,0.0,465.387952943842,0.4932186669975635,10,mac,phase-16,with
3,1447.8063229841775,1.104097443174216,0.0,456.5275640033994,0.4838284170036786,10,mac,phase-16,with
4,1382.9401472485877,1.0546304822684676,0.0,436.07372516828,0.4621514159953221,10,mac,phase-16,with
5,1436.0070533406038,1.095099317362788,0.0,452.8069753156134,0.4798853329994017,10,mac,phase-16,with
6,1439.6047873634284,1.0978429501766258,0.0,453.94142591394126,0.481087624997599,10,mac,phase-16,with
7,1442.221389474941,1.099838371563632,0.0,454.7665024238108,0.4819620419948478,10,mac,phase-16,with
8,1440.7386571826632,1.0987076395680422,0.0,454.29896187593744,0.4814665420053643,10,mac,phase-16,with
9,1443.3917874681115,1.1007309173491018,0.0,455.13555658268166,0.4823531660003937,10,mac,phase-16,with
10,1444.120438946979,1.1012865871386386,0.0,455.36531762141584,0.4825966670032358,10,mac,phase-16,with
11,1451.8769782829083,1.107201725864534,0.0,457.8111378612595,0.4851887499971781,10,mac,phase-16,with
12,1462.8840080446548,1.1155956893553394,0.0,461.28191458344264,0.4888670830041519,10,mac,phase-16,with
13,1451.4458248752524,1.106872928174227,0.0,457.67518499810086,0.4850446670025121,10,mac,phase-16,with
14,1382.517722651383,1.0543083411710683,0.0,435.9405247054312,0.4620102499975473,10,mac,phase-16,with
15,1448.268022775928,1.1044495355442336,0.0,456.6731488636687,0.4839827079995302,10,mac,phase-16,with
16,1449.8175872760037,1.1056312337972436,0.0,457.16176318676935,0.4845005419992958,10,mac,phase-16,with
17,1467.203657642532,1.1188898551568776,0.0,462.6440022307756,0.4903106249985285,10,mac,phase-16,with
18,1444.9364893090867,1.101908907337135,0.0,455.6226375944004,0.4828693749950616,10,mac,phase-16,with
19,1447.8512089208018,1.104131673200066,0.0,456.5417176004516,0.4838434170014807,10,mac,phase-16,with
20,1440.3695929638563,1.0984261911077868,0.0,454.1825872019925,0.4813432079972699,10,mac,phase-16,with
21,1447.5320189906397,1.1038882588840873,0.0,456.44106946889,0.4837367500003893,10,mac,phase-16,with
22,1440.8024939668512,1.098756321514711,0.0,454.31909112327975,0.4814878750039497,10,mac,phase-16,with
23,1452.4112466956822,1.1076091590820492,0.0,457.9796053234715,0.4853672919998644,10,mac,phase-16,with
24,1434.6330467519774,1.0940514996144306,0.0,452.3737185526942,0.4794261670031119,10,mac,phase-16,with
25,1440.2304465472582,1.0983200780176905,0.0,454.13871104701167,0.4812967079997179,10,mac,phase-16,with
26,1443.3067555438834,1.1006660719836423,0.0,455.1087440065697,0.48232475000259,10,mac,phase-16,with
27,1450.072937439139,1.10582596389184,0.0,457.242281130429,0.4845858750049956,10,mac,phase-16,with
28,1433.8784631668889,1.093476053994577,0.0,452.1357805077576,0.4791740000000573,10,mac,phase-16,with
29,1438.731507401643,1.0971769866719252,0.0,453.6660600951036,0.4807957919983892,10,mac,phase-16,with
0,289.28287234917417,0.0,0.0,62.42629931011725,0.0676834159967256,10,mac,phase-20,without
1,294.6927660431574,0.0,0.0,63.5937367053353,0.0689491669982089,10,mac,phase-20,without
2,277.7601904303348,0.0,0.0,59.93974217495268,0.0649874579976312,10,mac,phase-20,without
3,262.90320869288206,0.0,0.0,56.733654025815085,0.0615113749954616,10,mac,phase-20,without
4,293.7341289609959,0.0,0.0,63.38686595306845,0.0687248750036815,10,mac,phase-20,without
5,292.09271527384254,0.0,0.0,63.03265423879081,0.0683408339973539,10,mac,phase-20,without
6,293.5832888779959,0.0,0.0,63.35431515566778,0.0686895830003777,10,mac,phase-20,without
7,293.31295470960566,0.0,0.0,63.29597792480224,0.0686263330062502,10,mac,phase-20,without
8,291.9546931410586,0.0,0.0,63.002869513194646,0.0683085410055355,10,mac,phase-20,without
9,294.338014940254,0.0,0.0,63.517182575633115,0.0688661660024081,10,mac,phase-20,without
10,291.76485654961874,0.0,0.0,62.96190339660087,0.0682641250023152,10,mac,phase-20,without
11,291.4241799062767,0.0,0.0,62.88838648931725,0.0681844170030672,10,mac,phase-20,without
12,289.7307595134493,0.0,0.0,62.52295189776321,0.0677882080053677,10,mac,phase-20,without
13,295.45675398335953,0.0,0.0,63.75860280831983,0.0691279169986955,10,mac,phase-20,without
14,268.6430896357433,0.0,0.0,57.97230159189356,0.0628543330021784,10,mac,phase-20,without
15,296.1544940115595,0.0,0.0,63.90917282820156,0.0692911669975728,10,mac,phase-20,without
16,296.023421474765,0.0,0.0,63.88088780272865,0.0692605000003823,10,mac,phase-20,without
17,290.78556292650717,0.0,0.0,62.75057503024304,0.0680350000038743,10,mac,phase-20,without
18,295.5148085401528,0.0,0.0,63.771130792120815,0.0691415000037523,10,mac,phase-20,without
19,288.2072371897795,0.0,0.0,62.19418075479606,0.0674317500015604,10,mac,phase-20,without
20,291.18376409458483,0.0,0.0,62.83650554214024,0.0681281669967575,10,mac,phase-20,without
21,291.5402932180753,0.0,0.0,62.91344336287967,0.0682115839954349,10,mac,phase-20,without
22,294.4389938216699,0.0,0.0,63.53897348853465,0.0688897919972078,10,mac,phase-20,without
23,290.7937520213083,0.0,0.0,62.75234221016276,0.0680369160036207,10,mac,phase-20,without
24,292.5845867335617,0.0,0.0,63.13879849377964,0.0684559169967542,10,mac,phase-20,without
25,273.97462270495254,0.0,0.0,59.12282902014209,0.0641017499947338,10,mac,phase-20,without
26,299.1048380666353,0.0,0.0,64.54584744206421,0.0699814580002566,10,mac,phase-20,without
27,294.26660397366516,0.0,0.0,63.501772322208495,0.0688494580026599,10,mac,phase-20,without
28,292.6253698145022,0.0,0.0,63.14759934948502,0.0684654590004356,10,mac,phase-20,without
29,290.1271784005321,0.0,0.0,62.60849779924106,0.0678809579985681,10,mac,phase-20,without
0,1498.5408128623817,0.8690099505837388,0.0334234596378361,458.5364427714736,0.4839190410057199,10,mac,phase-20,with
1,1491.5130351462874,0.8649345135229948,0.0332667120585767,456.3860227316141,0.4816495829945779,10,mac,phase-20,with
2,1490.9282803951478,0.8645954118495337,0.0332536696865205,456.2070944293751,0.4814607499938574,10,mac,phase-20,with
3,1498.858609293904,0.8691942420350508,0.0334305477705788,458.6336848645716,0.4840216660013539,10,mac,phase-20,with
4,1501.085510016672,0.8704856308784092,0.0334802165722465,459.31509115464985,0.4847407920024125,10,mac,phase-20,with
5,1479.0403956377672,0.8577015788241764,0.0329885222624683,452.56953691880295,0.4776218330007395,10,mac,phase-20,with
6,1495.4335579034869,0.8672080407157502,0.0333541554121442,457.5856580992068,0.482915624997986,10,mac,phase-20,with
7,1489.2027842934413,0.8635947895980701,0.0332151842153103,455.6791122498432,0.4809035409998614,10,mac,phase-20,with
8,1492.1808861224167,0.8653218030374225,0.0332816078091316,456.5903775334769,0.4818652499961899,10,mac,phase-20,with
9,1495.2063392563043,0.8670762756922921,0.0333490875266266,457.5161317777906,0.4828422499995213,10,mac,phase-20,with
10,1487.4661958807744,0.8625877348700822,0.033176451341157,455.14773594933297,0.4803427500010002,10,mac,phase-20,with
11,1490.5684218110532,0.8643867283837936,0.0332456433993766,456.0969817960486,0.4813445420004427,10,mac,phase-20,with
12,1490.2245606219176,0.8641873218728641,0.033237973918187,455.99176418360855,0.4812334999951417,10,mac,phase-20,with
13,1487.687995347552,0.862716357288644,0.0331813983572555,455.2156040631887,0.4804143750006915,10,mac,phase-20,with
14,1510.2214804027867,0.8757836174968764,0.0336839852883414,462.1105941707556,0.4876910419989144,10,mac,phase-20,with
15,1484.8391828501335,0.861064319261815,0.0331178584331467,454.34389984434006,0.4794944169989321,10,mac,phase-20,with
16,1492.7811242622347,0.8656698835913483,0.0332949955227441,456.7740435765272,0.4820590829986031,10,mac,phase-20,with
17,1492.3149443588663,0.865399543957411,0.0332845978445158,456.6313978289124,0.4819085409981198,10,mac,phase-20,with
18,1495.187245138547,0.8670652029352565,0.033348661651356,457.5102891949532,0.4828360839965171,10,mac,phase-20,with
19,1506.9395171583026,0.8738803935790314,0.0336107843684242,461.10635075041273,0.4866312079975614,10,mac,phase-20,with
20,1500.7598418289483,0.8702967745634584,0.0334729528678253,459.2154403936957,0.4846356250054668,10,mac,phase-20,with
21,1507.0148717002191,0.8739240919862986,0.0336124650763961,461.1294083830781,0.4866555420012446,10,mac,phase-20,with
22,1492.8802179047152,0.8657273484001917,0.0332972057076996,456.8043651039319,0.4820910829948843,10,mac,phase-20,with
23,1490.5962918881432,0.8644028903555643,0.0332462650136755,456.1055097226149,0.4813535419962136,10,mac,phase-20,with
24,1503.3667264430414,0.8718085176205883,0.033531096831561,460.01311743218656,0.4854774580016965,10,mac,phase-20,with
25,1474.89227025517,0.8552960639374243,0.0328960024591317,451.30025773682786,0.4762822920019971,10,mac,phase-20,with
26,1491.7265789011794,0.8650583484204453,0.0332714749392479,456.4513646915419,0.4817185420033638,10,mac,phase-20,with
27,1500.2008916666362,0.8699726370766709,0.0334604860414104,459.0444080021095,0.4844551249989308,10,mac,phase-20,with
28,1492.6384201170483,0.8655871288734974,0.0332918126489806,456.7303777313658,0.4820130000007339,10,mac,phase-20,with
29,1510.7030105349197,0.8760628587912995,0.0336947253381269,462.257936913763,0.4878465410001809,10,mac,phase-20,with
0,254.6307029336884,0.0803251428812897,0.0,57.08440154096989,0.0676555829995777,10,mac,phase-18,without
1,263.7963996346027,0.0832165298531869,0.0,59.139213882331546,0.0700909160004812,10,mac,phase-18,without
2,253.7492302434404,0.0800470757865742,0.0,56.886788525658766,0.0674213749953196,10,mac,phase-18,without
3,315.84115707071624,0.0996344344071659,0.0,70.8068713853593,0.0839192499988712,10,mac,phase-18,without
4,333.3536481717153,0.105158879549437,0.0,74.73291039979989,0.0885723329993197,10,mac,phase-18,without
5,326.45130554812584,0.1029814844000397,0.0,73.18550824696155,0.0867383750010049,10,mac,phase-18,without
6,326.90936964191224,0.1031259841141679,0.0,73.28819937713531,0.0868600829999195,10,mac,phase-18,without
7,326.48454970016655,0.1029919715142481,0.0,73.192961089459,0.0867472079989966,10,mac,phase-18,without
8,335.22370649608524,0.1057488033110679,0.0,75.15214955306558,0.0890692090033553,10,mac,phase-18,without
9,330.8312320406672,0.1043631646815984,0.0,74.16742236705599,0.0879021250002551,10,mac,phase-18,without
10,325.4089376060097,0.1026526617053658,0.0,72.95182491861333,0.0864614169986452,10,mac,phase-18,without
11,322.90000279495933,0.101861199619861,0.0,72.38935919651455,0.0857947909971699,10,mac,phase-18,without
12,324.9560484905712,0.1025097944765209,0.0,72.85029394131418,0.0863410839956486,10,mac,phase-18,without
13,323.1647140635819,0.1019447047519185,0.0,72.44870351036347,0.0858651249945978,10,mac,phase-18,without
14,321.04641790612,0.1012764725255899,0.0,71.97381314151923,0.0853022919982322,10,mac,phase-18,without
15,322.4284536295638,0.1017124459399255,0.0,72.28364491464039,0.0856695000038598,10,mac,phase-18,without
16,321.7960054059207,0.1015129354592809,0.0,72.14185946639569,0.0855014580010902,10,mac,phase-18,without
17,303.00058629844494,0.0955837811667018,0.0,67.92820714913613,0.0805074999952921,10,mac,phase-18,without
18,319.4832536685931,0.1007833607787359,0.0,71.62337506008836,0.0848869580004247,10,mac,phase-18,without
19,324.52934299437413,0.1023751870644713,0.0,72.7546329404843,0.0862277080013882,10,mac,phase-18,without
20,335.0232930833541,0.1056855814143072,0.0,75.10721985843438,0.0890159589980612,10,mac,phase-18,without
21,328.476451821486,0.1036203318048851,0.0,73.63951580267174,0.0872764579980867,10,mac,phase-18,without
22,329.2296486453677,0.1038579333266144,0.0,73.80837128411399,0.087476583001262,10,mac,phase-18,without
23,327.0558388796751,0.1031721889210331,0.0,73.32103559321422,0.086898999994446,10,mac,phase-18,without
24,324.61872924541194,0.1024033846200037,0.0,72.77467200328267,0.0862514580003335,10,mac,phase-18,without
25,318.41955724016697,0.1004478098549422,0.0,71.38491020357897,0.084604333002062,10,mac,phase-18,without
26,300.9517592509948,0.0949374634861182,0.0,67.46889071746803,0.0799631249974481,10,mac,phase-18,without
27,324.7123495870697,0.1024329178508106,0.0,72.79566028597608,0.0862763330005691,10,mac,phase-18,without
28,323.6961727674179,0.1021123573398794,0.0,72.56784861620767,0.0860063340005581,10,mac,phase-18,without
29,321.83113513979686,0.1015240173942576,0.0,72.14973502818579,0.0855107919996953,10,mac,phase-18,without
0,1478.9238546636504,2.4474542724105492,0.0,450.92691283845176,0.4906138749938691,10,mac,phase-18,with
1,1494.6927432930363,2.473550026918434,0.0,455.734879283864,0.4958449999976437,10,mac,phase-18,with
2,1493.1747248593665,2.4710378754717124,0.0,455.27203235380176,0.4953414170013275,10,mac,phase-18,with
3,1502.61191540111,2.486655374802803,0.0,458.149451081911,0.4984720829961588,10,mac,phase-18,with
4,1493.5225153432173,2.4716134299892225,0.0,455.3780743847711,0.4954567919994588,10,mac,phase-18,with
5,1500.7098066492758,2.483507596655479,0.0,457.56949422703786,0.4978410830008215,10,mac,phase-18,with
6,1492.174309089066,2.4693822987877017,0.0,454.9670035361017,0.4950095419990248,10,mac,phase-18,with
7,1484.2262466301524,2.4562291405901977,0.0,452.5436230109021,0.4923728750000009,10,mac,phase-18,with
8,1496.6781258440092,2.476835613929168,0.0,456.3402264906794,0.4965036249996046,10,mac,phase-18,with
9,1489.315744073359,2.464651692043755,0.0,454.09542120708863,0.494061249999504,10,mac,phase-18,with
10,1492.686259708737,2.470229520047557,0.0,455.123098328762,0.495179375000589,10,mac,phase-18,with
11,1479.1976649122005,2.4479073978777808,0.0,451.0103981441306,0.4907047080050688,10,mac,phase-18,with
12,1486.6322695222434,2.460210840518964,0.0,453.27722431939947,0.4931710419987212,10,mac,phase-18,with
13,1482.5464524963777,2.453449268376687,0.0,452.0314503384832,0.4918156250059837,10,mac,phase-18,with
14,1488.2958610956562,2.4629638992995475,0.0,453.78445679797335,0.4937229170027422,10,mac,phase-18,with
15,1490.1187143319248,2.4659805183952597,0.0,454.34024848379687,0.4943276250050985,10,mac,phase-18,with
16,1492.1949067183675,2.469416385570248,0.0,454.9732837954698,0.4950163749963394,10,mac,phase-18,with
17,1488.6057179412032,2.463476677870316,0.0,453.87893278491737,0.493825708006625,10,mac,phase-18,with
18,1491.8317938635464,2.4688154742352277,0.0,454.86256994220395,0.4948959169996669,10,mac,phase-18,with
19,1483.4065733900748,2.4548726726644943,0.0,452.2937029609151,0.4921009589961613,10,mac,phase-18,with
20,1495.6039830099246,2.475058027165543,0.0,456.0127181402029,0.4961472919967491,10,mac,phase-18,with
21,1489.497740617398,2.46495287605527,0.0,454.1509123261832,0.4941216250008438,10,mac,phase-18,with
22,1484.2334059030502,2.456240988389519,0.0,452.5458058878743,0.4923752499962575,10,mac,phase-18,with
23,1499.6939449160884,2.4818264586231,0.0,457.2597559036128,0.4975040839999565,10,mac,phase-18,with
24,1479.201182730758,2.4479132194757156,0.0,451.0114707342149,0.4907058749959105,10,mac,phase-18,with
25,1494.6637293502793,2.4735020120744404,0.0,455.7260328732827,0.4958353749971138,10,mac,phase-18,with
26,1491.7450022458504,2.4686718437738824,0.0,454.8361070001772,0.4948671250022016,10,mac,phase-18,with
27,1488.122404456989,2.4626768478803376,0.0,453.7315695135206,0.4936653750046389,10,mac,phase-18,with
28,1498.364826079165,2.4796269149713344,0.0,456.8545048475564,0.4970631660034996,10,mac,phase-18,with
29,1493.3275808639237,2.471290835135753,0.0,455.3186384627143,0.4953921250053099,10,mac,phase-18,with
0,305.721962186582,0.0,0.0,63.66560385029554,0.0687287079999805,10,mac,phase-27,without
1,307.5698377636455,0.0,0.0,64.05041792649908,0.0691441250019124,10,mac,phase-27,without
2,304.5750584918347,0.0,0.0,63.426764887723195,0.0684708750050049,10,mac,phase-27,without
3,302.04790068450137,0.0,0.0,62.90049249735214,0.0679027500009397,10,mac,phase-27,without
4,302.7877946617043,0.0,0.0,63.05457301059663,0.0680690840017632,10,mac,phase-27,without
5,302.41839922506983,0.0,0.0,62.97764761287684,0.0679860409945831,10,mac,phase-27,without
6,304.01921499319684,0.0,0.0,63.311012287766246,0.068345917003171,10,mac,phase-27,without
7,303.2455899794055,0.0,0.0,63.14990739590814,0.068171999999322,10,mac,phase-27,without
8,306.7875031062147,0.0,0.0,63.88749927969296,0.0689682500014896,10,mac,phase-27,without
9,304.17471662540027,0.0,0.0,63.34339499669278,0.0683808749963645,10,mac,phase-27,without
10,304.8949627430861,0.0,0.0,63.49338390712414,0.0685427920034271,10,mac,phase-27,without
11,310.9972086145361,0.0,0.0,64.76415675402785,0.0699146249971818,10,mac,phase-27,without
12,303.45410134996797,0.0,0.0,63.19332921036192,0.0682188749997294,10,mac,phase-27,without
13,303.2832176918836,0.0,0.0,63.15774324459655,0.0681804590058163,10,mac,phase-27,without
14,305.3787091124342,0.0,0.0,63.594122514500135,0.0686515420020441,10,mac,phase-27,without
15,299.556141985043,0.0,0.0,62.381591856012456,0.0673425829954794,10,mac,phase-27,without
16,310.09439777626403,0.0,0.0,64.57614933457363,0.0697116660012397,10,mac,phase-27,without
17,309.0629659837681,0.0,0.0,64.36135701991627,0.069479792000493,10,mac,phase-27,without
18,303.34771274786874,0.0,0.0,63.171174130147875,0.068194958003005,10,mac,phase-27,without
19,302.234170867233,0.0,0.0,62.93928265680976,0.0679446250069304,10,mac,phase-27,without
20,304.56560596920565,0.0,0.0,63.42479643064285,0.068468750003376,10,mac,phase-27,without
21,307.0223302521347,0.0,0.0,63.93640126873722,0.0690210409957217,10,mac,phase-27,without
22,305.56497926280053,0.0,0.0,63.63291266721779,0.0686934170007589,10,mac,phase-27,without
23,307.9737025847265,0.0,0.0,64.13452146137145,0.0692349169985391,10,mac,phase-27,without
24,306.6599897546909,0.0,0.0,63.86094503914815,0.0689395839945063,10,mac,phase-27,without
25,302.4908700108722,0.0,0.0,62.992739418210725,0.0680023329987307,10,mac,phase-27,without
26,300.3927852296424,0.0,0.0,62.555820089384135,0.0675306669945712,10,mac,phase-27,without
27,307.767415320001,0.0,0.0,64.09156280972131,0.0691885419946629,10,mac,phase-27,without
28,302.781304689866,0.0,0.0,63.05322149507873,0.0680676250049145,10,mac,phase-27,without
29,302.1294503364202,0.0,0.0,62.91747494701346,0.0679210830057854,10,mac,phase-27,without
0,1497.162850204461,2.121724430612553,0.0,455.699258263785,0.4865007500047795,10,mac,phase-27,with
1,1489.051563661543,2.110229412004886,0.0,453.23038371171606,0.4838650000019697,10,mac,phase-27,with
2,1480.717294074354,2.098418389982776,0.0,450.6936386485229,0.4811567920041852,10,mac,phase-27,with
3,1488.925131299569,2.1100502366859266,0.0,453.19190083487734,0.483823916001711,10,mac,phase-27,with
4,1478.375639567884,2.095099882865295,0.0,449.9808970642906,0.4803958749980666,10,mac,phase-27,with
5,1479.727777126183,2.097016082756709,0.0,450.39245421874654,0.48083525000402,10,mac,phase-27,with
6,1475.8521624140903,2.091523703342429,0.0,449.2128131734351,0.4795758750042296,10,mac,phase-27,with
7,1480.7792238858788,2.0985061546465045,0.0,450.7124885479659,0.4811769160005497,10,mac,phase-27,with
8,1483.3448892782874,2.1021421217980456,0.0,451.49341349284686,0.4820106249972014,10,mac,phase-27,with
9,1458.7486803858374,2.0672852741943033,0.0,444.00693722417645,0.4740181250017485,10,mac,phase-27,with
10,1475.9017856666765,2.0915940276009586,0.0,449.2279172614059,0.479592000003322,10,mac,phase-27,with
11,1475.2359108113342,2.0906503741112146,0.0,449.0252414618865,0.4793756250001024,10,mac,phase-27,with
12,1496.4111925084503,2.120659208818634,0.0,455.47047229404654,0.4862565000003087,10,mac,phase-27,with
13,1477.1848107025442,2.093412283753465,0.0,449.618438277272,0.4800089170021238,10,mac,phase-27,with
14,1487.9275392202785,2.108636485679396,0.0,452.8882585353636,0.4834997500001918,10,mac,phase-27,with
15,1479.2741143835092,2.096373168511103,0.0,450.25437052577354,0.4806878329982282,10,mac,phase-27,with
16,1483.893308570519,2.10291932155984,0.0,451.66033873057455,0.4821888329970534,10,mac,phase-27,with
17,1477.318804252413,2.093602174511349,0.0,449.6592225922709,0.4800524579986813,10,mac,phase-27,with
18,1484.70895178378,2.1040752212884524,0.0,451.9086003056198,0.4824538749962812,10,mac,phase-27,with
19,1464.8600343315468,2.075946061475367,0.0,445.8670818702094,0.4760040000037406,10,mac,phase-27,with
20,1479.903703499236,2.0972653991778625,0.0,450.44600184564536,0.4808924170065438,10,mac,phase-27,with
21,1482.5748963728056,2.101050916015898,0.0,451.25904673985906,0.4817604169948026,10,mac,phase-27,with
22,1503.04044703954,2.130053945866405,0.0,457.48825303997336,0.488410665995616,10,mac,phase-27,with
23,1480.9454071466057,2.0987416634852356,0.0,450.7630706129957,0.4812309169938089,10,mac,phase-27,with
24,1479.574035801066,2.0967982061740447,0.0,450.345659170492,0.4807852919984725,10,mac,phase-27,with
25,1473.9158306771965,2.088779604828779,0.0,448.6234417926699,0.478946667004493,10,mac,phase-27,with
26,1468.8860574963155,2.0816515942473934,0.0,447.0925035200235,0.4773122499973397,10,mac,phase-27,with
27,1477.85145489415,2.094357027518422,0.0,449.82134824367887,0.480225541999971,10,mac,phase-27,with
28,1482.8327588156449,2.1014163492382325,0.0,451.33753367527817,0.4818442089963355,10,mac,phase-27,with
29,1510.0737441282995,2.1400212772485183,0.0,459.6290143245985,0.4906961249944288,10,mac,phase-27,with
0,315.8166415430196,0.0,0.0,71.55382505573768,0.0880411670004832,10,mac,phase-5,without
1,286.0633453360258,0.0,0.0,64.81269152577208,0.0797467500015045,10,mac,phase-5,without
2,313.0570777710135,0.0,0.0,70.92859725771052,0.0872718750033527,10,mac,phase-5,without
3,308.9532305134665,0.0,0.0,69.99879834880156,0.0861278330048662,10,mac,phase-5,without
4,308.43414159245566,0.0,0.0,69.88118960703004,0.0859831250054412,10,mac,phase-5,without
5,308.23565035456966,0.0,0.0,69.83621791952999,0.0859277909985394,10,mac,phase-5,without
6,309.07130861685545,0.0,0.0,70.02555102374461,0.0861607499973615,10,mac,phase-5,without
7,310.18392336137737,0.0,0.0,70.27763349918031,0.0864709169982234,10,mac,phase-5,without
8,309.104489721779,0.0,0.0,70.03306878773974,0.086169999995036,10,mac,phase-5,without
9,311.85239528042814,0.0,0.0,70.65565521210488,0.0869360419965232,10,mac,phase-5,without
10,309.7618344994348,0.0,0.0,70.18200183000086,0.086353250000684,10,mac,phase-5,without
11,307.98514910300486,0.0,0.0,69.7794624469775,0.0858579580017249,10,mac,phase-5,without
12,311.25931787985377,0.0,0.0,70.52128307655853,0.0867707080033142,10,mac,phase-5,without
13,307.8440558444205,0.0,0.0,69.7474952830815,0.0858186250043218,10,mac,phase-5,without
14,307.8869545283353,0.0,0.0,69.75721473582777,0.0858305840010871,10,mac,phase-5,without
15,308.2782477408661,0.0,0.0,69.84586910799173,0.08593966600165,10,mac,phase-5,without
16,306.82904378030355,0.0,0.0,69.5175264147203,0.0855356669999309,10,mac,phase-5,without
17,307.12557891795,0.0,0.0,69.58471167531444,0.0856183330033673,10,mac,phase-5,without
18,310.8970159762155,0.0,0.0,70.43919719627168,0.0866697079982259,10,mac,phase-5,without
19,309.5836716636141,0.0,0.0,70.1416359001896,0.0863035830043372,10,mac,phase-5,without
20,311.40639092002573,0.0,0.0,70.5546050653412,0.0868117080026422,10,mac,phase-5,without
21,317.1811027296167,0.0,0.0,71.8629677803392,0.088421542001015,10,mac,phase-5,without
22,311.9760012189771,0.0,0.0,70.68366031550781,0.0869705000004614,10,mac,phase-5,without
23,259.64086611242755,0.0,0.0,58.82621327476237,0.0723808749971794,10,mac,phase-5,without
24,309.0541226205383,0.0,0.0,70.02165723344947,0.0861559590048273,10,mac,phase-5,without
25,309.0817723407111,0.0,0.0,70.02792176476237,0.0861636670015286,10,mac,phase-5,without
26,311.56422898167176,0.0,0.0,70.59036605942617,0.0868557089997921,10,mac,phase-5,without
27,291.27606954069114,0.0,0.0,65.99372604625228,0.081199917003687,10,mac,phase-5,without
28,310.2794311568168,0.0,0.0,70.29927247315251,0.0864975419972324,10,mac,phase-5,without
29,254.3169403535346,0.0,0.0,57.619984082721295,0.0708967079990543,10,mac,phase-5,without
0,1535.669135852832,2.361356949030495,0.0,471.3131580006953,0.511045416998968,10,mac,phase-5,with
1,1501.502028693519,2.3088191112663026,0.0,460.8269101501379,0.4996751660000882,10,mac,phase-5,with
2,1506.0335027693457,2.315787036549481,0.0,462.2176676428906,0.5011831660012831,10,mac,phase-5,with
3,1504.9271800294782,2.314085873956143,0.0,461.8781254510725,0.5008149999994203,10,mac,phase-5,with
4,1487.7315671168278,2.287644644464625,0.0,456.60060932705534,0.4950925829980406,10,mac,phase-5,with
5,1495.0805633314149,2.298944997434262,0.0,458.85609427050224,0.4975382080010604,10,mac,phase-5,with
6,1496.6943510528,2.3014264752221423,0.0,459.3513828515847,0.4980752499977825,10,mac,phase-5,with
7,1507.9842242384736,2.3187866082600825,0.0,462.8163647675051,0.5018323340045754,10,mac,phase-5,with
8,1525.2583386023323,2.3453485473126583,0.0,468.117973820144,0.5075808749970747,10,mac,phase-5,with
9,1487.4017761634502,2.28713753382386,0.0,456.4993929829304,0.4949828339958912,10,mac,phase-5,with
10,1488.914645472731,2.289463832095435,0.0,456.9637086321497,0.4954862920058076,10,mac,phase-5,with
11,1486.5379744385343,2.2858092892442863,0.0,456.2342830648161,0.4946953749968088,10,mac,phase-5,with
12,1489.8470593507618,2.290897579729516,0.0,457.2498763483318,0.4957965840003453,10,mac,phase-5,with
13,1495.0995967172576,2.298974264557546,0.0,458.8619358186453,0.4975445419986499,10,mac,phase-5,with
14,1486.045287815104,2.285051698331785,0.0,456.08307231051214,0.4945314169963239,10,mac,phase-5,with
15,1484.8389210893304,2.283196700803686,0.0,455.7128255575126,0.4941299580023042,10,mac,phase-5,with
16,1489.3444774166558,2.2901247730650782,0.0,457.0956286181486,0.4956293330033077,10,mac,phase-5,with
17,1499.9656215906025,2.306456619565252,0.0,460.35537050221234,0.4991638749997946,10,mac,phase-5,with
18,1488.350338699801,2.288596112813635,0.0,456.7905168937592,0.4952984999981709,10,mac,phase-5,with
19,1487.8218420125522,2.287783457733294,0.0,456.6283156507671,0.495122624997748,10,mac,phase-5,with
20,1490.6063096428916,2.2920650583950155,0.0,457.4828983219732,0.496049250003125,10,mac,phase-5,with
21,1489.1441490071556,2.289816733481018,0.0,457.03414570290704,0.4955626670052879,10,mac,phase-5,with
22,1489.1154757032568,2.2897726433161303,0.0,457.02534556159054,0.4955531250016065,10,mac,phase-5,with
23,1492.9012187885066,2.295593878198626,0.0,458.1872302978475,0.4968129580011009,10,mac,phase-5,with
24,1490.11524869045,2.2913099672328805,0.0,457.3321865033512,0.4958858329991926,10,mac,phase-5,with
25,1486.406633826408,2.285607330332765,0.0,456.1939732368527,0.4946516670024721,10,mac,phase-5,with
26,1486.3412730152702,2.285506826778991,0.0,456.1739133101487,0.4946299160001217,10,mac,phase-5,with
27,1504.0738956441755,2.3127738016056005,0.0,461.6162434161208,0.5005310409978847,10,mac,phase-5,with
28,1507.2588999074671,2.3176712966286015,0.0,462.5937550314362,0.5015909580033622,10,mac,phase-5,with
29,1491.9884633206152,2.2941903587708077,0.0,457.9070959563994,0.4965092080019531,10,mac,phase-5,with
0,295.56381491985087,0.0,0.0,64.40996834269353,0.0689168749959208,10,mac,phase-2,without
1,292.9117899350054,0.0,0.0,63.832032760950376,0.068298499994853,10,mac,phase-2,without
2,298.182066414368,0.0,0.0,64.98054392523157,0.069527375002508,10,mac,phase-2,without
3,266.1084859341793,0.0,0.0,57.99099311054205,0.0620487499982118,10,mac,phase-2,without
4,292.7641857549563,0.0,0.0,63.7998665075584,0.0682640829982119,10,mac,phase-2,without
5,293.3478092458931,0.0,0.0,63.92705112447601,0.0684001670015277,10,mac,phase-2,without
6,294.64942974187426,0.0,0.0,64.21070335356598,0.0687036669987719,10,mac,phase-2,without
7,296.68959874211004,0.0,0.0,64.65530182633425,0.0691793750011129,10,mac,phase-2,without
8,294.8887006250224,0.0,0.0,64.2628458325534,0.0687594580012955,10,mac,phase-2,without
9,295.15227983001137,0.0,0.0,64.32028563875475,0.0688209169966285,10,mac,phase-2,without
10,290.6847022677367,0.0,0.0,63.34670052843714,0.0677792080023209,10,mac,phase-2,without
11,294.45357766054786,0.0,0.0,64.16802280296643,0.0686579999965033,10,mac,phase-2,without
12,292.47201807649003,0.0,0.0,63.73619663333556,0.0681959580033435,10,mac,phase-2,without
13,294.7008941303778,0.0,0.0,64.22191859530722,0.0687156669955584,10,mac,phase-2,without
14,272.00670099030486,0.0,0.0,59.276346140467126,0.0634240419967682,10,mac,phase-2,without
15,298.39560505645784,0.0,0.0,65.02707877314818,0.0695771659957245,10,mac,phase-2,without
16,301.81066704160895,0.0,0.0,65.77129718977528,0.0703734590060776,10,mac,phase-2,without
17,295.9329991160775,0.0,0.0,64.49042183933697,0.0690029580000555,10,mac,phase-2,without
18,295.25288419120227,0.0,0.0,64.34220958002342,0.0688443750041187,10,mac,phase-2,without
19,301.8601629004876,0.0,0.0,65.78208344486653,0.0703849999990779,10,mac,phase-2,without
20,286.4547915575912,0.0,0.0,62.42490834285863,0.0667929159972118,10,mac,phase-2,without
21,290.8757295246105,0.0,0.0,63.38832964183578,0.0678237499960232,10,mac,phase-2,without
22,288.97083044730425,0.0,0.0,62.97320951186117,0.0673795830007293,10,mac,phase-2,without
23,296.38670929393584,0.0,0.0,64.58929543859858,0.0691087500017602,10,mac,phase-2,without
24,295.5164591211883,0.0,0.0,64.399648454606,0.0689058330026455,10,mac,phase-2,without
25,268.26248562413593,0.0,0.0,58.4603978374972,0.0625510000027134,10,mac,phase-2,without
26,293.4117794845162,0.0,0.0,63.94099167076958,0.0684150829983991,10,mac,phase-2,without
27,293.46628031085334,0.0,0.0,63.952868620253305,0.0684277910040691,10,mac,phase-2,without
28,292.03207031876735,0.0,0.0,63.64032217334782,0.0680933749972609,10,mac,phase-2,without
29,296.7944917425345,0.0,0.0,64.67816035804776,0.0692038329943898,10,mac,phase-2,without
0,1491.8732837180632,0.1671341986195764,0.0,457.51315530122855,0.4853813329973491,10,mac,phase-2,with
1,1490.1256809068748,0.1669384151046217,0.0,456.9772175073916,0.4848127500008559,10,mac,phase-2,with
2,1488.2943221687606,0.1667332484336851,0.0,456.4155942623698,0.4842169169933186,10,mac,phase-2,with
3,1478.1767640016478,0.1655997808699836,0.0,453.3128401534932,0.48092516700126,10,mac,phase-2,with
4,1477.5315608489454,0.1655274989187947,0.0,453.11497554030865,0.4807152499997755,10,mac,phase-2,with
5,1475.4721125595993,0.165296779431292,0.0,452.48340401521887,0.4800452080016839,10,mac,phase-2,with
6,1484.248678964546,0.166280016016283,0.0,455.1749158429732,0.4829006660002051,10,mac,phase-2,with
7,1479.026359174096,0.1656949608090896,0.0,453.57338571880194,0.481201582995709,10,mac,phase-2,with
8,1478.2323440915482,0.1656060074938437,0.0,453.3298849136479,0.4809432499969261,10,mac,phase-2,with
9,1480.85157375242,0.1658994391513096,0.0,454.133124732795,0.4817954169993754,10,mac,phase-2,with
10,1481.4601486859867,0.1659676176520789,0.0,454.3197565608008,0.4819934170009219,10,mac,phase-2,with
11,1482.2434061160802,0.1660553657901548,0.0,454.5599583139699,0.4822482499948819,10,mac,phase-2,with
12,1491.9479478691496,0.1671425632261376,0.0,457.5360525752291,0.4854056249969289,10,mac,phase-2,with
13,1501.6120194051157,0.1682252267936093,0.0,460.49973582482613,0.4885498330040718,10,mac,phase-2,with
14,1457.0264769217529,0.1632303193880658,0.0,446.8266762928913,0.4740439159941161,10,mac,phase-2,with
15,1473.289209598557,0.1650522293471529,0.0,451.81397261489656,0.4793349999963538,10,mac,phase-2,with
16,1479.9291063236064,0.1657960953511691,0.0,453.85023141429053,0.4814952919987263,10,mac,phase-2,with
17,1475.8163569461349,0.1653353450456112,0.0,452.5889735278561,0.4801572079959442,10,mac,phase-2,with
18,1492.6903539863913,0.1672257348016391,0.0,457.76372644600696,0.4856471670063911,10,mac,phase-2,with
19,1482.245585323591,0.1660556099262386,0.0,454.5606266120856,0.4822489590005716,10,mac,phase-2,with
20,1486.713846940064,0.166556188180868,0.0,455.9309095263081,0.4837027089961339,10,mac,phase-2,with
21,1481.4204468550586,0.1659631698656828,0.0,454.3075811903203,0.4819805000006454,10,mac,phase-2,with
22,1521.4543559992917,0.1704481589029252,0.0,466.5847901808677,0.4950055420049466,10,mac,phase-2,with
23,1507.892303639942,0.1689288054984138,0.0,462.4257121713581,0.4905931249959394,10,mac,phase-2,with
24,1545.2417949075991,0.1731130598583494,0.0,473.87969005624586,0.5027447909960756,10,mac,phase-2,with
25,1517.9368635996732,0.1700540950908195,0.0,465.5060799016094,0.4938611250036047,10,mac,phase-2,with
26,1487.6624369941349,0.1666624584923186,0.0,456.22181387687306,0.4840113329992164,10,mac,phase-2,with
27,1484.790276829119,0.1663406910924154,0.0,455.3410077963781,0.4830768749961862,10,mac,phase-2,with
28,1484.8006502773037,0.1663418532272751,0.0,455.34418902434305,0.4830802500000573,10,mac,phase-2,with
29,1470.9937325949477,0.1647950676205941,0.0,451.1100181046144,0.4785881659990991,10,mac,phase-2,with
0,307.4320612663604,0.0,0.0,63.35199239749272,0.0671285829957923,10,mac,phase-3,without
1,319.09229461987655,0.0,0.0,65.75479648930452,0.0696746250032447,10,mac,phase-3,without
2,315.8303683771894,0.0,0.0,65.08261699808075,0.0689623750004102,10,mac,phase-3,without
3,320.11071629586803,0.0,0.0,65.96466088018519,0.0698970000012195,10,mac,phase-3,without
4,312.61748207640557,0.0,0.0,64.42054308274855,0.0682608329952927,10,mac,phase-3,without
5,307.04469238953703,0.0,0.0,63.27216796396276,0.0670440000030794,10,mac,phase-3,without
6,315.62218214509465,0.0,0.0,65.03971642180838,0.0689169170000241,10,mac,phase-3,without
7,310.95312800205056,0.0,0.0,64.07757252128222,0.0678974169932189,10,mac,phase-3,without
8,313.5021384751786,0.0,0.0,64.60284269463226,0.0684540000002016,10,mac,phase-3,without
9,312.90657876781614,0.0,0.0,64.48011673723646,0.0683239580030203,10,mac,phase-3,without
10,312.5113876374554,0.0,0.0,64.39868038546805,0.0682376670010853,10,mac,phase-3,without
11,300.6441130311362,0.0,0.0,61.95321166128344,0.0656464170024264,10,mac,phase-3,without
12,314.46636338728104,0.0,0.0,64.80153885224628,0.068664540995087,10,mac,phase-3,without
13,314.6789461985706,0.0,0.0,64.84534542397851,0.0687109589998726,10,mac,phase-3,without
14,314.42801259563953,0.0,0.0,64.7936359710357,0.0686561670008814,10,mac,phase-3,without
15,319.99393270665615,0.0,0.0,65.9405954882237,0.0698715000035008,10,mac,phase-3,without
16,311.43609920090114,0.0,0.0,64.17709755973057,0.0680028749993653,10,mac,phase-3,without
17,315.12031493923246,0.0,0.0,64.93629751592275,0.0688073330020415,10,mac,phase-3,without
18,320.1736878576916,0.0,0.0,65.9776373208644,0.0699107500040554,10,mac,phase-3,without
19,315.997721590775,0.0,0.0,65.1171031849511,0.0689989170059561,10,mac,phase-3,without
20,315.1537104407051,0.0,0.0,64.94317926907071,0.0688146249958663,10,mac,phase-3,without
21,396.2162204473379,0.0,0.0,81.64759030709996,0.0865148329976364,10,mac,phase-3,without
22,290.1811039602498,0.0,0.0,59.79711750381885,0.0633617920029792,10,mac,phase-3,without
23,316.5843095668302,0.0,0.0,65.23798035321532,0.0691270000024815,10,mac,phase-3,without
24,308.9101752836846,0.0,0.0,63.65658479297168,0.0674513330013724,10,mac,phase-3,without
25,324.2240911390176,0.0,0.0,66.8122969098102,0.0707951660006074,10,mac,phase-3,without
26,319.4119244478356,0.0,0.0,65.82066205435802,0.069744417000038,10,mac,phase-3,without
27,316.58221200981916,0.0,0.0,65.237548113275,0.0691265419955016,10,mac,phase-3,without
28,311.29393463203826,0.0,0.0,64.14780195325189,0.0679718329993193,10,mac,phase-3,without
29,318.88009651176566,0.0,0.0,65.71106919269002,0.0696282909993897,10,mac,phase-3,without
0,1491.441683811438,0.1010621609431101,0.0,460.6413295786959,0.4891792919952422,10,mac,phase-3,with
1,1478.9675052189712,0.1002168932680621,0.0,456.7885995158271,0.4850878750003176,10,mac,phase-3,with
2,1470.6334323813912,0.0996521649118915,0.0,454.2145676684016,0.4823543749953387,10,mac,phase-3,with
3,1485.0875958430825,0.1006315991129864,0.0,458.67882875699206,0.4870952089986531,10,mac,phase-3,with
4,1472.876125743892,0.099804132930492,0.0,454.9072378971828,0.4830899579974357,10,mac,phase-3,with
5,1468.164104704498,0.0994848398372257,0.0,453.4518999780748,0.4815444580017356,10,mac,phase-3,with
6,1476.1830010833758,0.1000282113985979,0.0,455.9285875548095,0.4841745829980937,10,mac,phase-3,with
7,1463.426296356512,0.0991637993600961,0.0,451.9885974833182,0.4799905000036233,10,mac,phase-3,with
8,1471.8095321193011,0.0997318590643937,0.0,454.57781361550656,0.4827401250004186,10,mac,phase-3,with
9,1476.4591795005704,0.1000469256319136,0.0,456.01388703026225,0.484265167004196,10,mac,phase-3,with
10,1480.2938895968366,0.1003067709165972,0.0,457.1982618378502,0.4855229169988888,10,mac,phase-3,with
11,1473.468242797507,0.0998442556048273,0.0,455.090117046803,0.4832841669995105,10,mac,phase-3,with
12,1470.8582862106548,0.0996674013198103,0.0,454.2840152156956,0.4824281250039348,10,mac,phase-3,with
13,1481.467574625828,0.1003863014450677,0.0,457.56076198661873,0.4859078750014305,10,mac,phase-3,with
14,1498.777378307361,0.1015592377955431,0.0,462.9070058720858,0.4915853329948731,10,mac,phase-3,with
15,1481.2213787556393,0.1003696188707997,0.0,457.48472281310535,0.4858271249977406,10,mac,phase-3,with
16,1531.283872192057,0.1037619229909012,0.0,472.9468449925279,0.5022471670017694,10,mac,phase-3,with
17,1470.3611931394696,0.099633717602566,0.0,454.1304848324962,0.4822650830028578,10,mac,phase-3,with
18,1478.7457002780488,0.1002018634570539,0.0,456.7200936372517,0.4850151249993359,10,mac,phase-3,with
19,1464.457703027839,0.0992336889093469,0.0,452.30715404880334,0.480328792000364,10,mac,phase-3,with
20,1474.8152039772676,0.0999355275660516,0.0,455.5061346460632,0.4837259580017417,10,mac,phase-3,with
21,1468.9145066242872,0.0995356881140393,0.0,453.6836664237911,0.4817905829986557,10,mac,phase-3,with
22,1467.7080463118232,0.0994539366868174,0.0,453.311043418514,0.4813948750015697,10,mac,phase-3,with
23,1476.5658867326172,0.1000541562622332,0.0,456.04684424325905,0.4843001660046866,10,mac,phase-3,with
24,1477.537206367709,0.1001199742304141,0.0,456.3468425422278,0.4846187500006635,10,mac,phase-3,with
25,1452.3435435551507,0.0984128166301233,0.0,448.56561820010234,0.4763554579985793,10,mac,phase-3,with
26,1473.7926908360353,0.0998662406547581,0.0,455.1903249043874,0.4833905830018921,10,mac,phase-3,with
27,1471.1452606296632,0.0996868471052106,0.0,454.3726491055499,0.4825222500003292,10,mac,phase-3,with
28,1466.003983774469,0.0993384670413888,0.0,452.7847327746501,0.4808359580056276,10,mac,phase-3,with
29,1458.1899954967043,0.0988089803376801,0.0,450.37133237914605,0.4782730410006479,10,mac,phase-3,with
0,303.23390333758607,0.0,0.0,75.59622229023033,0.0861223750034696,10,mac,phase-4,without
1,299.87754304590914,0.0,0.0,74.75948155674698,0.0851691249990835,10,mac,phase-4,without
2,303.496507488735,0.0,0.0,75.66168951393483,0.0861969580000732,10,mac,phase-4,without
3,250.8244775680612,0.0,0.0,62.5305506850156,0.0712374159993487,10,mac,phase-4,without
4,280.98976423022,0.0,0.0,70.05075766339677,0.0798047499993117,10,mac,phase-4,without
5,302.6632146728885,0.0,0.0,75.453949586947,0.085960291995434,10,mac,phase-4,without
6,302.2430473239825,0.0,0.0,75.3492018527478,0.0858409590000519,10,mac,phase-4,without
7,288.1644636376654,0.0,0.0,71.83941046673124,0.0818424580065766,10,mac,phase-4,without
8,299.15970621388135,0.0,0.0,74.58052481040428,0.0849652499964577,10,mac,phase-4,without
9,303.53919918635705,0.0,0.0,75.67233255558638,0.0862090829978114,10,mac,phase-4,without
10,304.1503789285395,0.0,0.0,75.82469968584712,0.0863826659988262,10,mac,phase-4,without
11,302.7150010544735,0.0,0.0,75.46685993361608,0.0859750000017811,10,mac,phase-4,without
12,304.3796818047821,0.0,0.0,75.8818649005986,0.086447790999955,10,mac,phase-4,without
13,291.44937998960955,0.0,0.0,72.6583402236388,0.0827754170022672,10,mac,phase-4,without
14,299.5502411494769,0.0,0.0,74.6778851829696,0.0850761670008068,10,mac,phase-4,without
15,299.0150508701026,0.0,0.0,74.54446222834005,0.084924165996199,10,mac,phase-4,without
16,301.69890677153836,0.0,0.0,75.21354759474123,0.0856864160014083,10,mac,phase-4,without
17,293.7211350318159,0.0,0.0,73.22468883198815,0.0834206250001443,10,mac,phase-4,without
18,301.99774870612936,0.0,0.0,75.28804889907536,0.0857712910001282,10,mac,phase-4,without
19,290.7437186585,0.0,0.0,72.4824188300841,0.0825750000003608,10,mac,phase-4,without
20,300.40744832723414,0.0,0.0,74.89158696118525,0.0853196249954635,10,mac,phase-4,without
21,302.49420835289175,0.0,0.0,75.41181630569348,0.0859122920010122,10,mac,phase-4,without
22,302.62287146478,0.0,0.0,75.4438920238101,0.0859488339992822,10,mac,phase-4,without
23,297.91387246601477,0.0,0.0,74.26993841520314,0.0846114169980865,10,mac,phase-4,without
24,300.38544230519113,0.0,0.0,74.88610085915057,0.0853133749988046,10,mac,phase-4,without
25,302.0932584124877,0.0,0.0,75.31185947207949,0.0857984169997507,10,mac,phase-4,without
26,298.48529699349257,0.0,0.0,74.4123945691023,0.0847737090007285,10,mac,phase-4,without
27,301.0101214300942,0.0,0.0,75.04183338597713,0.0854907920002006,10,mac,phase-4,without
28,298.8282953574442,0.0,0.0,74.49790407275962,0.0848711250000633,10,mac,phase-4,without
29,301.1461152201156,0.0,0.0,75.07573664239862,0.0855294160064659,10,mac,phase-4,without
0,1637.4690215418325,23.728470518282645,0.0,479.88786065423346,0.5014725000000908,10,mac,phase-4,with
1,1573.4160634871228,22.800282743848378,0.0,461.1160630781749,0.4818563750013709,10,mac,phase-4,with
2,1572.2683029233044,22.78365061075619,0.0,460.77969252443125,0.4815048750024289,10,mac,phase-4,with
3,1568.8744092180505,22.734469889980492,0.0,459.7850548439158,0.4804655000043567,10,mac,phase-4,with
4,1576.0847815073448,22.83895498499088,0.0,461.8981758171432,0.482673666003393,10,mac,phase-4,with
5,1574.416339272062,22.81477768339278,0.0,461.409210734823,0.4821627080018515,10,mac,phase-4,with
6,1573.044770279213,22.794902355076665,0.0,461.0072493535332,0.4817426669978886,10,mac,phase-4,with
7,1581.9271244166257,22.923616044013563,0.0,463.61037275220536,0.4844628749997355,10,mac,phase-4,with
8,1576.0729479760837,22.83878350596198,0.0,461.8947078016104,0.4826700420017005,10,mac,phase-4,with
9,1590.8723392545542,23.05324064378867,0.0,466.2319185373122,0.4872023339994484,10,mac,phase-4,with
10,1602.240148470815,23.217970921001193,0.0,469.56344638507585,0.4906837089947657,10,mac,phase-4,with
11,1610.877603495047,23.343135790808923,0.0,472.09479797618735,0.4933289170003263,10,mac,phase-4,with
12,1613.171083804858,23.376370483618174,0.0,472.76694098765734,0.4940312920007272,10,mac,phase-4,with
13,1578.972824638657,22.880805453851867,0.0,462.74456547186617,0.4835581250008545,10,mac,phase-4,with
14,1588.1343637665216,23.013564796616677,0.0,465.4295087315752,0.4863638329989044,10,mac,phase-4,with
15,1574.877974098389,22.821467207422,0.0,461.54450059148286,0.4823040829942329,10,mac,phase-4,with
16,1573.9679028462322,22.80827941663497,0.0,461.2777888916004,0.4820253750003758,10,mac,phase-4,with
17,1588.96402650174,23.025587392155135,0.0,465.6726553620341,0.4866179160017054,10,mac,phase-4,with
18,1575.659476631008,22.832791916201987,0.0,461.7735330638781,0.4825434170052176,10,mac,phase-4,with
19,1587.1237499904378,22.998920049830204,0.0,465.13333135260046,0.4860543340037111,10,mac,phase-4,with
20,1697.495566956316,24.59831177600658,0.0,497.47965022854686,0.5198555419992772,10,mac,phase-4,with
21,1631.5136168640936,23.642171087599607,0.0,478.14252906473,0.4996486660020309,10,mac,phase-4,with
22,1632.454711949396,23.655808442989372,0.0,478.41833282114715,0.4999368749995483,10,mac,phase-4,with
23,1630.1989199727825,23.623119889674296,0.0,477.7572350101371,0.4992460419962299,10,mac,phase-4,with
24,1632.2295419060226,23.652545516689397,0.0,478.3523429495976,0.4998679170021205,10,mac,phase-4,with
25,1613.240197605974,23.37737200778176,0.0,472.7871959504829,0.4940524580015335,10,mac,phase-4,with
26,1618.1947811973062,23.44916859698782,0.0,474.23922007356407,0.4955697920013335,10,mac,phase-4,with
27,1610.8625013861165,23.34291694700681,0.0,472.090372048948,0.4933242920014891,10,mac,phase-4,with
28,1614.9038790021225,23.401480320330567,0.0,473.2747657887544,0.4945619580030325,10,mac,phase-4,with
29,1630.4710290399728,23.627063006700418,0.0,477.8369811527516,0.4993293750012526,10,mac,phase-4,with
0,376.1194842106595,0.1028491890102979,1.4741717091476034,69.90316546399914,0.070418499999505,10,mac,phase-22,without
1,375.3772813659091,0.1026462349920451,1.471262701552647,69.76522438292668,0.0702795420002075,10,mac,phase-22,without
2,372.25223442040107,0.1017916965874763,1.459014317753828,69.18442311395476,0.0696944589944905,10,mac,phase-22,without
3,385.4868428198003,0.1054106761880777,1.510886358695781,71.64412291583018,0.0721722919988678,10,mac,phase-22,without
4,376.4646594225691,0.1029435765443175,1.4755245971352176,69.96731752462112,0.0704831249968265,10,mac,phase-22,without
5,358.7098339166928,0.0980885517956502,1.4059359090709862,66.66751903711025,0.0671589999983552,10,mac,phase-22,without
6,348.4707482819762,0.0952886924479016,1.3658045917532566,64.76454796709048,0.0652419999969424,10,mac,phase-22,without
7,377.0809007160486,0.1031120866054275,1.4779399080111284,70.0818481961556,0.0705985000022337,10,mac,phase-22,without
8,372.1874670252756,0.1017739860610543,1.4587604668751115,69.17238585949659,0.069682332999946,10,mac,phase-22,without
9,344.4984530925867,0.0942024755517054,1.3502354829077776,64.02628254997578,0.0644982919984613,10,mac,phase-22,without
10,365.7985019329385,0.1000269351744431,1.4337194041670178,67.98497360689649,0.0684861670015379,10,mac,phase-22,without
11,352.5520948030448,0.0964047292324432,1.3818011189983526,65.52308096831723,0.0660061249946011,10,mac,phase-22,without
12,327.2959987393395,0.089498495690276,1.282811771560623,60.82914423749095,0.0612775839981623,10,mac,phase-22,without
13,350.5745145526551,0.0958639635090662,1.3740501436299488,65.155540531662,0.0656358750056824,10,mac,phase-22,without
14,348.36548389342033,0.0952599080922669,1.36539201598916,64.74498420004412,0.0652222920034546,10,mac,phase-22,without
15,370.7199715553666,0.101372702093346,1.4530087300046275,68.89964652277756,0.0694075829960638,10,mac,phase-22,without
16,393.78017104004334,0.1076784717090629,1.5433914278299028,73.1854679382598,0.0737250000020139,10,mac,phase-22,without
17,402.0710529521565,0.1099455982915385,1.5758869088453855,74.72635830548236,0.0752772499981802,10,mac,phase-22,without
18,373.83523342380454,0.1022245647863835,1.4652187619381638,69.478629199812,0.0699908340029651,10,mac,phase-22,without
19,367.5913620968913,0.1005171895260845,1.4407463832072125,68.3181831478955,0.0688218330033123,10,mac,phase-22,without
20,365.9671931593512,0.1000730634835524,1.4343805765975846,68.01632548098779,0.0685177500054123,10,mac,phase-22,without
21,333.9660446668918,0.0913224076201508,1.3089545092221626,62.06879637916255,0.0625263750043814,10,mac,phase-22,without
22,366.693153401072,0.1002715759915428,1.437225922545447,68.15124781558525,0.068653667003673,10,mac,phase-22,without
23,363.69117314929224,0.0994506899505857,1.4254598892917296,67.5933189364148,0.0680916250057634,10,mac,phase-22,without
24,364.9750647376018,0.0998017677707415,1.430492004713962,67.83193482818066,0.068332000002556,10,mac,phase-22,without
25,369.7136034968617,0.1010975125777582,1.4490643469478677,68.71260938201632,0.0692191669950261,10,mac,phase-22,without
26,376.5937403004009,0.102978873475636,1.4760305198174497,69.99130767227395,0.0705072920027305,10,mac,phase-22,without
27,364.0695065079672,0.0995541445195425,1.4269427381134436,67.6636335584491,0.0681624579956405,10,mac,phase-22,without
28,367.74291871241866,0.1005586324070053,1.4413403978337438,68.34635049262799,0.0688502080010948,10,mac,phase-22,without
29,358.35531160656274,0.0979916083146192,1.4045463858428764,66.6016297845029,0.0670926250022603,10,mac,phase-22,without
0,2521.360730045856,74.48892436568897,85.1109303300131,559.1896028774197,0.51319770799455,10,mac,phase-22,with
1,2540.613910868646,75.05772386867864,85.7608397666568,563.4595902735617,0.517116499999247,10,mac,phase-22,with
2,2511.512954645945,74.19799011411881,84.77850930196283,557.0055545778326,0.5111932920044637,10,mac,phase-22,with
3,2523.1234894335444,74.54100182098513,85.17043395027906,559.5805492066077,0.5135565000018687,10,mac,phase-22,with
4,2516.4370487137285,74.34346333665846,84.94472678213036,558.0976244960649,0.5121955420036102,10,mac,phase-22,with
5,2490.7086829822997,73.58336651029664,84.07624131823844,552.3915648892029,0.5069587910038535,10,mac,phase-22,with
6,2504.212993131934,73.98232629632004,84.53209215568664,555.3865626853216,0.5097074579971377,10,mac,phase-22,with
7,2513.8218769477153,74.26620293930219,84.85644917102704,557.517629399026,0.5116632499994012,10,mac,phase-22,with
8,2507.5063707281693,74.07962302651428,84.64326324985153,556.1169708685768,0.5103777920012362,10,mac,phase-22,with
9,2515.6151364494895,74.31918146387581,84.91698235166254,557.9153400703724,0.5120282499992754,10,mac,phase-22,with
10,2530.966135457355,74.77269824567081,85.43516992850753,561.3198981475596,0.5151527920024819,10,mac,phase-22,with
11,2519.1531391737212,74.42370518957297,85.03641099976558,558.7000014299178,0.5127483749965904,10,mac,phase-22,with
12,2442.417192103016,72.15668401748732,82.44611609784428,541.6814355192361,0.4971295420036767,10,mac,phase-22,with
13,2467.525689397487,72.8984679810497,83.29367731288794,547.2500201583283,0.5022401249952964,10,mac,phase-22,with
14,2435.3827411207144,71.94886421569113,82.20866151217946,540.1213287862408,0.495697750004183,10,mac,phase-22,with
15,2440.5189114306527,72.10060283729621,82.3820378276757,541.2604331602006,0.4967431659970316,10,mac,phase-22,with
16,2449.728817134904,72.37269241228005,82.69292695726338,543.3030141570122,0.4986177500031772,10,mac,phase-22,with
17,2435.9678005991486,71.96614871239927,82.22841075151462,540.2510837925383,0.4958168329976615,10,mac,phase-22,with
18,2441.8200514022046,72.13904260348085,82.4259590453534,541.5490011288017,0.4970079999984591,10,mac,phase-22,with
19,2466.733049049541,72.87505089271968,83.26692098380465,547.0742276840066,0.5020787909961655,10,mac,phase-22,with
20,2473.991863828456,73.08949910657813,83.51194918288964,548.6840940173767,0.5035562499979278,10,mac,phase-22,with
21,2484.7612469218902,73.40766054740351,83.875479955476,551.072537282749,0.5057482499978505,10,mac,phase-22,with
22,2539.272857400128,75.01810493228592,85.71557123091429,563.1621702544578,0.5168435420055175,10,mac,phase-22,with
23,2797.642040985372,82.6511430553775,94.43706884190712,620.4635152953034,0.5694319999965956,10,mac,phase-22,with
24,2472.984690664037,73.05974404425264,83.47795109447426,548.460722266112,0.5033512499940116,10,mac,phase-22,with
25,2440.2800148776805,72.09354508191296,82.37397364723782,541.2074504723236,0.4966945409978507,10,mac,phase-22,with
26,2439.825971409339,72.08013121012185,82.35864697797534,541.1067523121097,0.4966021250002086,10,mac,phase-22,with
27,2436.188479623652,71.97266826470667,82.23585998194642,540.3000261809102,0.4958617500014952,10,mac,phase-22,with
28,2460.9051669160795,72.70287692876505,83.07019527759302,545.7817148527437,0.5008925839938456,10,mac,phase-22,with
29,2451.0209465572925,72.41086597850878,82.7365440152812,543.5895837580856,0.4988807499976246,10,mac,phase-22,with
0,318.0434962832716,0.1047574098429748,0.0,66.0670064743028,0.0704760419976082,10,mac,phase-25,without
1,300.3091747708265,0.0989160654712867,0.0,62.38306529055815,0.0665462499964633,10,mac,phase-25,without
2,311.3660715806597,0.1025579945917851,0.0,64.67990858921917,0.0689963750046445,10,mac,phase-25,without
3,307.96812656956257,0.1014387768674448,0.0,63.97405527773522,0.0682434159971308,10,mac,phase-25,without
4,307.9854286365557,0.1014444758354926,0.0,63.97764942691737,0.0682472500047879,10,mac,phase-25,without
5,303.54277752976253,0.0999811520190258,0.0,63.05477987333232,0.0672627919993829,10,mac,phase-25,without
6,295.5978232288647,0.097364236900153,0.0,61.40437873836319,0.0655022499995539,10,mac,phase-25,without
7,309.92668146656416,0.1020838871760751,0.0,64.3809048457114,0.0686774170026183,10,mac,phase-25,without
8,281.20051954266887,0.0926220420101017,0.0,58.41363449437083,0.0623119160009082,10,mac,phase-25,without
9,299.98387491674634,0.0988089179567675,0.0,62.31549092473475,0.0664741660002619,10,mac,phase-25,without
10,305.7382448097462,0.1007042967094025,0.0,63.51084312472989,0.0677492910035653,10,mac,phase-25,without
11,294.734003229727,0.0970797112087374,0.0,61.224937868977115,0.0653108339975006,10,mac,phase-25,without
12,298.89347681440523,0.0984497617965761,0.0,62.08898310637403,0.0662325419980334,10,mac,phase-25,without
13,308.355851863169,0.1015664861209384,0.0,64.05459724693849,0.0683293330002925,10,mac,phase-25,without
14,310.24746403189397,0.1021895467825737,0.0,64.44754083754319,0.0687485000016749,10,mac,phase-25,without
15,311.1235091390795,0.1024780991894201,0.0,64.62952122212762,0.0689426249955431,10,mac,phase-25,without
16,308.5540400267205,0.1016317654896971,0.0,64.09576676883565,0.0683732500037876,10,mac,phase-25,without
17,305.98663773748234,0.100786112561753,0.0,63.562441655612275,0.0678043330044602,10,mac,phase-25,without
18,292.8154993760287,0.0964477929433559,0.0,60.82640808294316,0.064885708001384,10,mac,phase-25,without
19,275.3126478356244,0.0906826903279395,0.0,57.190550033487185,0.0610072080016834,10,mac,phase-25,without
20,306.57198705890426,0.1009789153685455,0.0,63.68403595909606,0.0679340420028893,10,mac,phase-25,without
21,299.9385619885642,0.0987939927498564,0.0,62.3060780942428,0.0664641249968553,10,mac,phase-25,without
22,306.6251973620329,0.1009964418188514,0.0,63.69508930708896,0.0679458330050692,10,mac,phase-25,without
23,306.3495426676122,0.1009056464649579,0.0,63.637827703900115,0.067884750002122,10,mac,phase-25,without
24,304.5282532805252,0.1003057487748765,0.0,63.25949222735547,0.0674811659991974,10,mac,phase-25,without
25,312.89270739925354,0.1030608390643127,0.0,64.99703583655992,0.069334665997303,10,mac,phase-25,without
26,306.72541736758814,0.1010294523608656,0.0,63.715907955585934,0.0679680410030414,10,mac,phase-25,without
27,306.35518366378886,0.1009075045005892,0.0,63.63899950503827,0.0678860000043641,10,mac,phase-25,without
28,303.16651925294775,0.0998572197802858,0.0,62.97661994143359,0.0671794160007266,10,mac,phase-25,without
29,307.1612805694235,0.1011730173153568,0.0,63.80644958688507,0.0680646250038989,10,mac,phase-25,without
0,1445.0937116123694,0.0994855344525118,0.0,451.26638427659367,0.4804801249993033,10,mac,phase-25,with
1,1451.89089555387,0.0999534774459373,0.0,453.38897369477166,0.4827401250004186,10,mac,phase-25,with
2,1450.1180395946535,0.0998314275600422,0.0,452.8353554123517,0.482150666997768,10,mac,phase-25,with
3,1449.4058631584062,0.0997823987304132,0.0,452.6129606411546,0.4819138750026468,10,mac,phase-25,with
4,1446.5463840973528,0.0995855417374316,0.0,451.7200173209899,0.4809631249954691,10,mac,phase-25,with
5,1445.161635344861,0.0994902105705896,0.0,451.2875951481944,0.4805027090042131,10,mac,phase-25,with
6,1451.1624299232567,0.0999033272086139,0.0,453.1614922182729,0.4824979170007282,10,mac,phase-25,with
7,1461.9935620683018,0.1006489819447163,0.0,456.5437821012335,0.4860991669993382,10,mac,phase-25,with
8,1443.721239879732,0.099391048480602,0.0,450.837795908011,0.4800237910021678,10,mac,phase-25,with
9,1457.922268440679,0.1003686992065088,0.0,455.2724196007243,0.4847454999980982,10,mac,phase-25,with
10,1463.2726687745692,0.1007370403268629,0.0,456.9432149226504,0.4865244579996215,10,mac,phase-25,with
11,1434.2653374502413,0.0987400695860367,0.0,447.8849556422627,0.4768797920041834,10,mac,phase-25,with
12,1440.3483418552953,0.099158845849092,0.0,449.7845247714817,0.4789023339981213,10,mac,phase-25,with
13,1458.1363075618142,0.100383434442147,0.0,455.3392586295791,0.4848166660012794,10,mac,phase-25,with
14,1443.7793888920285,0.0993950516712046,0.0,450.8559543805843,0.4800431250041583,10,mac,phase-25,with
15,1447.6267393486346,0.0996599173427703,0.0,452.0573850668063,0.4813223329983884,10,mac,phase-25,with
16,1454.2939707641694,0.1001189139291945,0.0,454.13939358282624,0.4835391250016982,10,mac,phase-25,with
17,1450.7958782332366,0.099878092450139,0.0,453.0470273538308,0.4823760419967584,10,mac,phase-25,with
18,1447.8402822026578,0.0996746184135661,0.0,452.12406912393624,0.4813933339974028,10,mac,phase-25,with
19,1442.8031718956472,0.0993278453240687,0.0,450.5511063899757,0.4797185419956804,10,mac,phase-25,with
20,1471.4015954886795,0.1012966653616825,0.0,459.4816740805919,0.4892272500001127,10,mac,phase-25,with
21,1448.4089689054954,0.0997137688853405,0.0,452.30165566390485,0.4815824170000269,10,mac,phase-25,with
22,1437.411540338623,0.0989566656955703,0.0,448.867435595107,0.4779258749986184,10,mac,phase-25,with
23,1446.9099281828417,0.0996105694414146,0.0,451.8335429862568,0.4810839999991003,10,mac,phase-25,with
24,1445.926441829572,0.0995428626451732,0.0,451.526424958506,0.4807569999975385,10,mac,phase-25,with
25,1558.660068355674,0.1073038576558051,0.0,486.7302983267323,0.5182398750039283,10,mac,phase-25,with
26,1444.6335482723644,0.0994538551258024,0.0,451.12268685063987,0.4803271249984391,10,mac,phase-25,with
27,1447.543654303565,0.0996541974645041,0.0,452.0314396989906,0.4812947079990408,10,mac,phase-25,with
28,1448.532656600787,0.0997222839984937,0.0,452.3402802171675,0.4816235420003067,10,mac,phase-25,with
29,1441.3934810706207,0.0992307970537637,0.0,450.1108954358723,0.479249832998903,10,mac,phase-25,with
0,315.2685064044108,1.0496534957079513,0.0,64.40132093021043,0.0687121249939082,10,mac,phase-13,without
1,314.17382763917124,1.0460088773294285,0.0,64.17770595743784,0.0684735419999924,10,mac,phase-13,without
2,313.19748443178446,1.0427582448056405,0.0,63.9782639232364,0.0682607499984442,10,mac,phase-13,without
3,318.2126359755493,1.05945566697906,0.0,65.00273156755394,0.0693537920014932,10,mac,phase-13,without
4,282.3759053861895,0.9401410231953468,0.0,57.6822008425016,0.061543249998067,10,mac,phase-13,without
5,321.98321971372366,1.072009430901668,0.0,65.77296572822493,0.0701755830014008,10,mac,phase-13,without
6,316.9822183463278,1.0553591202594954,0.0,64.75138860430839,0.069085625000298,10,mac,phase-13,without
7,309.3607473121048,1.0299842301229996,0.0,63.19451631270792,0.0674245410045841,10,mac,phase-13,without
8,309.1332480286353,1.0292267950690253,0.0,63.14804400713826,0.067374958001892,10,mac,phase-13,without
9,309.5574685882235,1.0306391930227612,0.0,63.2347014557836,0.0674674160036374,10,mac,phase-13,without
10,310.23806225304827,1.032905158398077,0.0,63.37372939590783,0.0676157499983673,10,mac,phase-13,without
11,314.9805936376203,1.0486949202842046,0.0,64.3425076896954,0.0686493749963119,10,mac,phase-13,without
12,310.99435750196216,1.0354231642746028,0.0,63.52822124033209,0.0677805829982389,10,mac,phase-13,without
13,302.2611944541267,1.0063470119297528,0.0,61.74425860291581,0.0658772080059861,10,mac,phase-13,without
14,311.56598023332543,1.0373263223319824,0.0,63.64498919598164,0.0679051670012995,10,mac,phase-13,without
15,289.5773587298098,0.964117508390517,0.0,59.15327422447624,0.0631127919987193,10,mac,phase-13,without
16,313.3504246291615,1.04326744318591,0.0,64.00950570772905,0.068294083001092,10,mac,phase-13,without
17,308.59680801280683,1.0274407741807552,0.0,63.03846298360634,0.0672580419995938,10,mac,phase-13,without
18,311.23638777221015,1.0362289787282262,0.0,63.57766185616407,0.0678333329997258,10,mac,phase-13,without
19,312.72393558727396,1.041181613490011,0.0,63.88152996316132,0.0681575409980723,10,mac,phase-13,without
20,313.78535415033616,1.0447154955064355,0.0,64.09835072429807,0.0683888749990728,10,mac,phase-13,without
21,316.3211247316838,1.053158078260359,0.0,64.61634402745813,0.0689415410015499,10,mac,phase-13,without
22,309.1298114208343,1.0292153532430313,0.0,63.14734199574985,0.0673742090002633,10,mac,phase-13,without
23,315.67532833161897,1.051007966736139,0.0,64.48442428168181,0.0688007909993757,10,mac,phase-13,without
24,311.50384610922924,1.0371194532688333,0.0,63.6322967779781,0.067891624996264,10,mac,phase-13,without
25,315.9911560337564,1.0520594820155136,0.0,64.54893983204862,0.0688696249999338,10,mac,phase-13,without
26,283.9395447763309,0.9453469968925204,0.0,58.00161251901851,0.061884041999292,10,mac,phase-13,without
27,321.9576035285465,1.0719241444941403,0.0,65.76773299444693,0.0701700000063283,10,mac,phase-13,without
28,314.52425073348616,1.0471755743462647,0.0,64.24928846472889,0.0685499159953906,10,mac,phase-13,without
29,312.4016155467119,1.040108482649347,0.0,63.81568819351799,0.0680872920056572,10,mac,phase-13,without
0,1492.1540533167286,1.998063810011688,0.0,460.4871060806937,0.4829481670021778,10,mac,phase-13,with
1,1488.7041689159475,1.9934442540384945,0.0,459.4224524140717,0.4818315829979838,10,mac,phase-13,with
2,1487.819878516848,1.9922601479872095,0.0,459.1495554394523,0.4815453749979497,10,mac,phase-13,with
3,1491.727934254883,1.9974932167312307,0.0,460.3556033493242,0.4828102499959641,10,mac,phase-13,with
4,1487.9574989321304,1.9924444281362217,0.0,459.1920258711279,0.4815899169989279,10,mac,phase-13,with
5,1501.2124715705363,2.0101934541651536,0.0,463.2825847365957,0.4858800000001793,10,mac,phase-13,with
6,1485.3365502760714,1.9889348557526396,0.0,458.3831864224584,0.480741624996881,10,mac,phase-13,with
7,1491.4606771675385,1.997135347037411,0.0,460.2731263138886,0.4827237499994226,10,mac,phase-13,with
8,1489.7788637777855,1.9948833205380097,0.0,459.7541092733266,0.4821794169984059,10,mac,phase-13,with
9,1492.4477024390417,1.9984570198701683,0.0,460.5777278460781,0.4830432090020622,10,mac,phase-13,with
10,1497.9545334031648,2.005830923142963,0.0,462.2771667536816,0.4848255410033744,10,mac,phase-13,with
11,1498.7027513172716,2.006832821796025,0.0,462.5080709965906,0.4850677080030436,10,mac,phase-13,with
12,1494.6229620238366,2.0013697938187422,0.0,461.2490251487594,0.4837472500003059,10,mac,phase-13,with
13,1507.0087064429226,2.0179548827569933,0.0,465.0713353127284,0.487756000002264,10,mac,phase-13,with
14,1484.307687701971,1.9875571608221356,0.0,458.0656736641415,0.4804086250005639,10,mac,phase-13,with
15,1529.9467312348206,2.048669966838271,0.0,472.15013835732685,0.4951800839990028,10,mac,phase-13,with
16,1504.4785170556784,2.0145668412636293,0.0,464.29050468322447,0.4869370829983381,10,mac,phase-13,with
17,1491.0045635252643,1.996524589616048,0.0,460.1323670868452,0.4825761249958304,10,mac,phase-13,with
18,1493.856851787251,2.0003439365121194,0.0,461.0125992348264,0.4834992920004879,10,mac,phase-13,with
19,1491.1042056393792,1.9966580150500528,0.0,460.1631172018688,0.4826083750012913,10,mac,phase-13,with
20,1484.7932830352129,1.9882073956015167,0.0,458.2155311062962,0.4805657920005615,10,mac,phase-13,with
21,1505.3592048868377,2.0157461233085665,0.0,464.562289885181,0.4872221249970607,10,mac,phase-13,with
22,1487.0317512384738,1.991204808835664,0.0,458.9063349429927,0.4812902909980039,10,mac,phase-13,with
23,1478.7609442937703,1.9801298129268483,0.0,456.353917552541,0.478613375002169,10,mac,phase-13,with
24,1486.3696611665118,1.9903182393766896,0.0,458.7020102350144,0.481075999996392,10,mac,phase-13,with
25,1490.7165777906416,1.996138963297592,0.0,460.0434930746517,0.4824829159988439,10,mac,phase-13,with
26,1508.478234266898,2.0199226489915616,0.0,465.5248398375885,0.4882316250004805,10,mac,phase-13,with
27,1490.8217596954155,1.9962798067694367,0.0,460.0759528001295,0.4825169590039877,10,mac,phase-13,with
28,1483.4506884174402,1.986409598844992,0.0,457.80119888047585,0.4801312499985215,10,mac,phase-13,with
29,1490.6305859097265,1.9960238161619264,0.0,460.01695549811865,0.4824550840057782,10,mac,phase-13,with
0,311.59367925352166,0.0,0.0,72.32524053893655,0.0842451249991427,10,mac,phase-14,without
1,314.6147113063084,0.0,0.0,73.02646423004957,0.0850619169941637,10,mac,phase-14,without
2,317.0589047950213,0.0,0.0,73.59379564196513,0.085722749994602,10,mac,phase-14,without
3,316.35045698648344,0.0,0.0,73.42935502081859,0.0855312080020667,10,mac,phase-14,without
4,310.3879176166453,0.0,0.0,72.04536643934435,0.0839191249979194,10,mac,phase-14,without
5,319.6777081144411,0.0,0.0,74.20165643187254,0.086430791998282,10,mac,phase-14,without
6,254.6704492989941,0.0,0.0,59.112564631718605,0.0688548749967594,10,mac,phase-14,without
7,313.85401997041055,0.0,0.0,72.84989715726266,0.0848562499959371,10,mac,phase-14,without
8,273.9504631496793,0.0,0.0,63.58772485539658,0.0740675839988398,10,mac,phase-14,without
9,303.15396548952185,0.0,0.0,70.36626521721826,0.0819632919956347,10,mac,phase-14,without
10,319.6621404622535,0.0,0.0,74.19804296258846,0.0864265829950454,10,mac,phase-14,without
11,321.3189864206904,0.0,0.0,74.58262002707511,0.0868745420011691,10,mac,phase-14,without
12,327.9853465847884,0.0,0.0,76.12997523512246,0.0886769159988034,10,mac,phase-14,without
13,316.0251306481012,0.0,0.0,73.35384223848772,0.0854432499982067,10,mac,phase-14,without
14,248.80099032368904,0.0,0.0,57.750181308541606,0.0672679580020485,10,mac,phase-14,without
15,293.83489274284335,0.0,0.0,68.20317840615691,0.0794437079966883,10,mac,phase-14,without
16,319.29011864863867,0.0,0.0,74.1116915089265,0.0863260000041918,10,mac,phase-14,without
17,317.9883472997439,0.0,0.0,73.8095322155767,0.0859740419982699,10,mac,phase-14,without
18,317.7534827019866,0.0,0.0,73.7550168654336,0.0859105420022388,10,mac,phase-14,without
19,317.9663070322047,0.0,0.0,73.80441636195883,0.0859680830035358,10,mac,phase-14,without
20,309.99647784933063,0.0,0.0,71.95450780769507,0.0838132920034695,10,mac,phase-14,without
21,318.1546314596068,0.0,0.0,73.84812908919976,0.0860190000021248,10,mac,phase-14,without
22,317.56423360371525,0.0,0.0,73.7110895091822,0.0858593750017462,10,mac,phase-14,without
23,314.6444522037832,0.0,0.0,73.03336750732035,0.0850699579968932,10,mac,phase-14,without
24,291.90250070508733,0.0,0.0,67.75464325203872,0.0789212500021676,10,mac,phase-14,without
25,315.9423732511658,0.0,0.0,73.33463309196694,0.0854208750024554,10,mac,phase-14,without
26,312.00345697187805,0.0,0.0,72.42035566488721,0.0843559159984579,10,mac,phase-14,without
27,315.7848733838278,0.0,0.0,73.2980751752038,0.0853782919948571,10,mac,phase-14,without
28,316.48175922730144,0.0,0.0,73.4598321029379,0.0855667079958948,10,mac,phase-14,without
29,318.58722249833687,0.0,0.0,73.94853950511737,0.0861359590053325,10,mac,phase-14,without
0,1547.4083086333123,2.0024263149290156,0.0,454.717642348464,0.4942865000048186,10,mac,phase-14,with
1,1570.5677613005114,2.032395843463544,0.0,461.52322278651314,0.5016842920013005,10,mac,phase-14,with
2,1510.4963061432968,1.9546602762497909,0.0,443.87077106505666,0.4824957500022719,10,mac,phase-14,with
3,1508.1492778731936,1.951623100383721,0.0,443.18107904547,0.4817460420017596,10,mac,phase-14,with
4,1509.5093876893875,1.953383152770635,0.0,443.5807576083317,0.4821805000028689,10,mac,phase-14,with
5,1547.731282186507,2.0028442593967655,0.0,454.8125505713488,0.4943896670010872,10,mac,phase-14,with
6,1515.343241889651,1.9609324615748405,0.0,445.2950798159534,0.484043999997084,10,mac,phase-14,with
7,1547.577883276617,2.002645753280357,0.0,454.7674731407477,0.4943406669990509,10,mac,phase-14,with
8,1548.0155146912105,2.003212070945793,0.0,454.8960744439404,0.4944804589977138,10,mac,phase-14,with
9,1552.6203494241508,2.009170965048722,0.0,456.249239979814,0.4959513750000042,10,mac,phase-14,with
10,1554.2588218899066,2.01129123308878,0.0,456.7307175139106,0.4964747499980149,10,mac,phase-14,with
11,1548.4815781326529,2.003815181123219,0.0,455.0330307133976,0.494629332999466,10,mac,phase-14,with
12,1531.05736920626,1.981267354362585,0.0,449.9127950531703,0.4890635419942555,10,mac,phase-14,with
13,1548.2143040147903,2.003469314603102,0.0,454.95449019112107,0.4945439579969388,10,mac,phase-14,with
14,1551.8815302158264,2.0082148948140786,0.0,456.0321323640304,0.4957153750001453,10,mac,phase-14,with
15,1549.2120511713058,2.0047604509830124,0.0,455.247685744059,0.4948626669938676,10,mac,phase-14,with
16,1553.068674945917,2.0097511214414663,0.0,456.380983827333,0.4960945830025594,10,mac,phase-14,with
17,1547.303042521918,2.002290095141161,0.0,454.686709104972,0.4942528749961639,10,mac,phase-14,with
18,1548.8384653844942,2.0042770116695348,0.0,455.1379047332902,0.4947433330016793,10,mac,phase-14,with
19,1550.9915285602706,2.0070631866802446,0.0,455.77059864197224,0.4954310829998576,10,mac,phase-14,with
20,1552.8621874878802,2.0094839160003626,0.0,456.3203059250823,0.4960286249988712,10,mac,phase-14,with
21,1560.5320011886452,2.0194090512728877,0.0,458.5741387265515,0.4984785830019973,10,mac,phase-14,with
22,1572.43476681286,2.034811845075521,0.0,462.0718564858995,0.5022806669949205,10,mac,phase-14,with
23,1545.401732006987,1.9998297010831043,0.0,454.127994620955,0.4936455420029233,10,mac,phase-14,with
24,1538.007147244265,1.990260726279082,0.0,451.9550399258748,0.4912834999995539,10,mac,phase-14,with
25,1547.731282186507,2.0028442593967655,0.0,454.8125505713488,0.4943896670010872,10,mac,phase-14,with
26,1565.7153470029502,2.0261165686101243,0.0,460.0973041218824,0.500134292000439,10,mac,phase-14,with
27,1547.742239243364,2.002858438394553,0.0,454.81577038542974,0.4943931669986341,10,mac,phase-14,with
28,1543.6410350429956,1.9975512682262808,0.0,453.61060049305127,0.4930831250021583,10,mac,phase-14,with
29,1551.205582632366,2.007340183710951,0.0,455.83350005102847,0.4954994579966296,10,mac,phase-14,with
0,291.29299505714096,0.0,0.0,62.99496139075435,0.0682530839985702,10,mac,phase-15,without
1,292.5162594046519,0.0,0.0,63.25950427935701,0.0685397080014809,10,mac,phase-15,without
2,289.0799426382046,0.0,0.0,62.51636714354541,0.067734541997197,10,mac,phase-15,without
3,292.75366209526413,0.0,0.0,63.310844934927005,0.0685953340071137,10,mac,phase-15,without
4,297.886977244811,0.0,0.0,64.42097458150106,0.0697981249977601,10,mac,phase-15,without
5,290.82548775033143,0.0,0.0,62.893858359641,0.0681435420046909,10,mac,phase-15,without
6,268.5173277099082,0.0,0.0,58.06950039603958,0.0629164999991189,10,mac,phase-15,without
7,292.0704497581507,0.0,0.0,63.16309357966455,0.068435250002949,10,mac,phase-15,without
8,293.8949497924379,0.0,0.0,63.55765957049728,0.0688627499985159,10,mac,phase-15,without
9,293.04956393422503,0.0,0.0,63.37483660392384,0.068664666992845,10,mac,phase-15,without
10,290.9037299843468,0.0,0.0,62.91077900859089,0.0681618750022607,10,mac,phase-15,without
11,291.32144445247934,0.0,0.0,63.001113850962255,0.0682597499981056,10,mac,phase-15,without
12,291.6738994667166,0.0,0.0,63.077335697661645,0.0683423340014997,10,mac,phase-15,without
13,292.62811511187584,0.0,0.0,63.28369417090083,0.0685659169976133,10,mac,phase-15,without
14,291.9456155250125,0.0,0.0,63.136096954856455,0.0684059999985038,10,mac,phase-15,without
15,288.2672740442093,0.0,0.0,62.34061960559938,0.0675441249986761,10,mac,phase-15,without
16,293.5677518423963,0.0,0.0,63.48689981114927,0.0687860839971108,10,mac,phase-15,without
17,269.05080725191584,0.0,0.0,58.184870568758406,0.0630414999977801,10,mac,phase-15,without
18,292.5950351222772,0.0,0.0,63.27654029935935,0.0685581660000025,10,mac,phase-15,without
19,288.8240474431492,0.0,0.0,62.46102730288279,0.0676745829987339,10,mac,phase-15,without
20,289.09861444034067,0.0,0.0,62.52040510351909,0.0677389170014066,10,mac,phase-15,without
21,292.22515879396974,0.0,0.0,63.19655092297043,0.068471499995212,10,mac,phase-15,without
22,289.8157859281682,0.0,0.0,62.67550045751957,0.0679069580000941,10,mac,phase-15,without
23,289.92461574616726,0.0,0.0,62.69903597090075,0.0679324579978128,10,mac,phase-15,without
24,289.408032574084,0.0,0.0,62.58731980356169,0.0678114170004846,10,mac,phase-15,without
25,291.7665414108356,0.0,0.0,63.09737042486749,0.0683640410061343,10,mac,phase-15,without
26,292.56711921054875,0.0,0.0,63.27050321020389,0.0685516250014188,10,mac,phase-15,without
27,293.90632783646987,0.0,0.0,63.560120183888806,0.0688654159966972,10,mac,phase-15,without
28,265.84672909821063,0.0,0.0,57.491957306130764,0.0622907500001019,10,mac,phase-15,without
29,296.77573933170015,0.0,0.0,64.18065850586514,0.0695377499941969,10,mac,phase-15,without
0,1473.756556484359,1.730836715732926,0.0,462.06552715105465,0.4929395419967477,10,mac,phase-15,with
1,1446.159224005418,1.6984253408008363,0.0,453.4129610784978,0.4837088339991169,10,mac,phase-15,with
2,1441.5301220903834,1.692988744423939,0.0,451.96160304572413,0.4821605000033742,10,mac,phase-15,with
3,1441.318846769989,1.6927406145139767,0.0,451.8953620903489,0.4820898329999181,10,mac,phase-15,with
4,1435.972086846258,1.6864611728073498,0.0,450.21899740729543,0.4803014579956652,10,mac,phase-15,with
5,1452.578920577144,1.7059648808159893,0.0,455.4257225943078,0.4858560829961789,10,mac,phase-15,with
6,1491.0040656140802,1.7510928577160183,0.0,467.4731227020312,0.4987084589956794,10,mac,phase-15,with
7,1471.581150604885,1.7282818349072917,0.0,461.38347416201515,0.4922119160037255,10,mac,phase-15,with
8,1441.7780215880357,1.693279887184567,0.0,452.03932674544865,0.4822434169982443,10,mac,phase-15,with
9,1447.6423786475466,1.7001672149919371,0.0,453.8779731787299,0.4842049169965321,10,mac,phase-15,with
10,1439.4189983717706,1.6905093590549292,0.0,451.2997043829973,0.4814543749962467,10,mac,phase-15,with
11,1442.9805152629783,1.694692142277764,0.0,452.4163434727796,0.4826456250011688,10,mac,phase-15,with
12,1439.3220802788337,1.6903955346970758,0.0,451.26931774315074,0.4814219580002827,10,mac,phase-15,with
13,1428.712272923545,1.677934966473248,0.0,447.942834677123,0.477873208001256,10,mac,phase-15,with
14,1442.6170148012343,1.694265233272607,0.0,452.30237550993223,0.48252404199593,10,mac,phase-15,with
15,1464.2447277915137,1.7196656561282024,0.0,459.0832923173623,0.4897580420001759,10,mac,phase-15,with
16,1449.9154471216857,1.702836794547057,0.0,454.59064623055264,0.4849652090051677,10,mac,phase-15,with
17,1444.6339619987823,1.6966340140918343,0.0,452.9347470953005,0.4831986670033075,10,mac,phase-15,with
18,1444.4850973065627,1.6964591816381047,0.0,452.88807368632934,0.4831488749987329,10,mac,phase-15,with
19,1438.8095895874126,1.6897936458021423,0.0,451.1086370116896,0.481250541000918,10,mac,phase-15,with
20,1446.0804924201466,1.698332875381174,0.0,453.3882764375428,0.4836824999947566,10,mac,phase-15,with
21,1450.5933655750375,1.7036329682055706,0.0,454.80319337487936,0.485191957995994,10,mac,phase-15,with
22,1434.6381676353694,1.6848945664802266,0.0,449.80077495349576,0.4798552910069702,10,mac,phase-15,with
23,1445.557540680016,1.6977187006259256,0.0,453.224315863176,0.4835075840019271,10,mac,phase-15,with
24,1448.596476504854,1.7012877444271168,0.0,454.17711059559207,0.4845240419963375,10,mac,phase-15,with
25,1447.9104558714089,1.7004820552548496,0.0,453.96202318225056,0.4842945830023382,10,mac,phase-15,with
26,1450.927841737516,1.704025789950796,0.0,454.9080613760802,0.4853038330038544,10,mac,phase-15,with
27,1443.4581247486824,1.69525306533524,0.0,452.56608793214303,0.4828053749952232,10,mac,phase-15,with
28,1439.098349754509,1.6901327769137582,0.0,451.19917171923174,0.4813471250017755,10,mac,phase-15,with
29,1439.678106400043,1.690813665547546,0.0,451.3809422829379,0.4815410410010372,10,mac,phase-15,with
0,298.5621379017781,0.0,0.0,65.17760957180526,0.0699610410010791,10,mac,phase-12,without
1,293.7520815286884,0.0,0.0,64.12755018213558,0.0688339170010294,10,mac,phase-12,without
2,289.85563047951763,0.0,0.0,63.27693540899896,0.0679208750007092,10,mac,phase-12,without
3,291.0702814766676,0.0,0.0,63.54209980330101,0.068205499999749,10,mac,phase-12,without
4,297.6933418060511,0.0,0.0,64.98794703414137,0.0697574589939904,10,mac,phase-12,without
5,272.9803182380672,0.0,0.0,59.59297025385459,0.0639665410053567,10,mac,phase-12,without
6,293.15729192518216,0.0,0.0,63.99770463364393,0.0686945419947733,10,mac,phase-12,without
7,291.59732372815654,0.0,0.0,63.65715576564372,0.0683290000015404,10,mac,phase-12,without
8,289.71177993007666,0.0,0.0,63.2455321138121,0.0678871669952059,10,mac,phase-12,without
9,288.3285607864271,0.0,0.0,62.943568449127,0.0675630420009838,10,mac,phase-12,without
10,287.9739957844177,0.0,0.0,62.86616513392031,0.0674799580010585,10,mac,phase-12,without
11,292.9851689308829,0.0,0.0,63.96012932218745,0.0686542090043076,10,mac,phase-12,without
12,294.059699195972,0.0,0.0,64.19470465911147,0.0689059999931487,10,mac,phase-12,without
13,288.9098350378217,0.0,0.0,63.070463528582806,0.0676992500011692,10,mac,phase-12,without
14,291.7097053387855,0.0,0.0,63.68168923392643,0.0683553339986247,10,mac,phase-12,without
15,293.23659577732656,0.0,0.0,64.01501706163273,0.0687131249942467,10,mac,phase-12,without
16,280.4243482266323,0.0,0.0,61.21803927179926,0.0657108750019688,10,mac,phase-12,without
17,295.6641182362926,0.0,0.0,64.54495736876346,0.0692819579999195,10,mac,phase-12,without
18,294.7314796376094,0.0,0.0,64.34135769305185,0.0690634159982437,10,mac,phase-12,without
19,292.6675907282371,0.0,0.0,63.890800410470675,0.0685797919941251,10,mac,phase-12,without
20,291.79132220494307,0.0,0.0,63.69950660445531,0.0683744589987327,10,mac,phase-12,without
21,291.3745192657314,0.0,0.0,63.608516435938846,0.068276790996606,10,mac,phase-12,without
22,290.6044059821546,0.0,0.0,63.440396850261365,0.0680963329941732,10,mac,phase-12,without
23,290.49878844398484,0.0,0.0,63.41734001286348,0.0680715839989716,10,mac,phase-12,without
24,291.0869974835,0.0,0.0,63.54574899128773,0.0682094170042546,10,mac,phase-12,without
25,290.73012372139635,0.0,0.0,63.46784166219275,0.0681257920005009,10,mac,phase-12,without
26,287.31287997933134,0.0,0.0,62.7218402435357,0.0673250410036416,10,mac,phase-12,without
27,271.03076122136986,0.0,0.0,59.1673721958916,0.0635097080012201,10,mac,phase-12,without
28,292.54952051034445,0.0,0.0,63.865025090740104,0.0685521250052261,10,mac,phase-12,without
29,291.9493964926538,0.0,0.0,63.734015012923166,0.0684115000040037,10,mac,phase-12,without
0,1444.001168305689,0.8927670890122416,0.0,450.15300554861693,0.4787932079998427,10,mac,phase-12,with
1,1462.2076394025742,0.9040234083000046,0.0,455.82869187393567,0.4848300000012386,10,mac,phase-12,with
2,1452.5452676765483,0.898049557538568,0.0,452.8165435677802,0.4816262089952943,10,mac,phase-12,with
3,1463.6997649458424,0.9049459287293112,0.0,456.293847174846,0.4853247499995632,10,mac,phase-12,with
4,1469.782118043518,0.908706399834558,0.0,458.1899602721361,0.4873414999965462,10,mac,phase-12,with
5,1441.0904332217217,0.8909675001027336,0.0,449.2456128295784,0.4778280839964282,10,mac,phase-12,with
6,1446.461656941924,0.8942883088876359,0.0,450.92003841467687,0.4796090419986285,10,mac,phase-12,with
7,1447.019725460083,0.8946333399148689,0.0,451.0940107259638,0.4797940829957952,10,mac,phase-12,with
8,1452.467104131407,0.8980012322032468,0.0,452.7921768598149,0.4816002919978928,10,mac,phase-12,with
9,1485.7182300106604,0.9185590485742904,0.0,463.1578847144588,0.4926254999954835,10,mac,phase-12,with
10,1463.9404080881534,0.9050947085796098,0.0,456.3688652815855,0.4854045410029357,10,mac,phase-12,with
11,1476.406582468932,0.9128020362863496,0.0,460.25507118527264,0.4895380000016303,10,mac,phase-12,with
12,1449.6573993034194,0.8962641061847068,0.0,451.9162793184666,0.480668666998099,10,mac,phase-12,with
13,1451.0107926046549,0.8971008541211715,0.0,452.3381862224307,0.4811174169954029,10,mac,phase-12,with
14,1453.0520656111892,0.8983628900529438,0.0,452.9745327844733,0.4817942500012577,10,mac,phase-12,with
15,1463.5205681384357,0.9048351386443582,0.0,456.2379843520108,0.4852653330017347,10,mac,phase-12,with
16,1450.2168521394683,0.8966099930792892,0.0,452.0906831770905,0.4808541669990518,10,mac,phase-12,with
17,1456.0172169071047,0.900196122289204,0.0,453.89888921648975,0.4827774170043994,10,mac,phase-12,with
18,1452.131203241068,0.8977935583684558,0.0,452.6874630973391,0.4814889160043094,10,mac,phase-12,with
19,1453.7298932397582,0.8987819632587637,0.0,453.1858388075855,0.4820190000027651,10,mac,phase-12,with
20,1454.063779501562,0.8989883915308139,0.0,453.28992452964815,0.4821297079979558,10,mac,phase-12,with
21,1446.6256475159812,0.8943896975780607,0.0,450.9711608454711,0.479663417005213,10,mac,phase-12,with
22,1458.3806924973435,0.901657362950889,0.0,454.6356792301261,0.4835610840018489,10,mac,phase-12,with
23,1452.891467970985,0.8982635990752811,0.0,452.92446806706954,0.4817410000032396,10,mac,phase-12,with
24,1455.736232852132,0.9000224012962277,0.0,453.8112952313646,0.4826842500042403,10,mac,phase-12,with
25,1467.6443356865218,0.9073846961035033,0.0,457.5235278797442,0.486632667001686,10,mac,phase-12,with
26,1454.2702432350125,0.8991160396451956,0.0,453.3542875455442,0.4821981659988523,10,mac,phase-12,with
27,1447.083940408823,0.894673041401347,0.0,451.1140290977014,0.4798153750016354,10,mac,phase-12,with
28,1453.0580974497077,0.8983666192929429,0.0,452.9764131501528,0.4817962500019348,10,mac,phase-12,with
29,1446.5694729997788,0.8943549671634272,0.0,450.95364899862585,0.4796447909975541,10,mac,phase-12,with
0,370.44916321321614,0.0,0.0,65.64209549207466,0.0671277500005089,10,mac,phase-24,without
1,371.36386610958994,0.0,0.0,65.80417715086381,0.0672934999965946,10,mac,phase-24,without
2,368.962830282296,0.0,0.0,65.3787232999547,0.0668584169980022,10,mac,phase-24,without
3,368.9108618969243,0.0,0.0,65.36951471196507,0.0668489999952726,10,mac,phase-24,without
4,376.83391647843223,0.0,0.0,66.77344798290869,0.0682847079951898,10,mac,phase-24,without
5,379.53434024077234,0.0,0.0,67.25195216669212,0.068774041996221,10,mac,phase-24,without
6,377.5320155936468,0.0,0.0,66.8971483265304,0.0684112080052727,10,mac,phase-24,without
7,373.23696245052207,0.0,0.0,66.13608225711602,0.0676329169946257,10,mac,phase-24,without
8,381.6909531277366,0.0,0.0,67.63409525978926,0.0691648339998209,10,mac,phase-24,without
9,336.48949708535804,0.0,0.0,59.62457981594719,0.0609740420040907,10,mac,phase-24,without
10,375.5701640445277,0.0,0.0,66.54951615586617,0.0680557079977006,10,mac,phase-24,without
11,374.0240484961872,0.0,0.0,66.27555072539892,0.067775542003801,10,mac,phase-24,without
12,371.35052776493495,0.0,0.0,65.80181365006399,0.0672910830035107,10,mac,phase-24,without
13,370.73061027987507,0.0,0.0,65.69196677553322,0.0671787500032223,10,mac,phase-24,without
14,394.8672224542054,0.0,0.0,69.96887696601637,0.0715524580009514,10,mac,phase-24,without
15,365.1862909781526,0.0,0.0,64.70953578855121,0.0661740840005222,10,mac,phase-24,without
16,371.5834610794553,0.0,0.0,65.84308849258868,0.0673332920050597,10,mac,phase-24,without
17,386.614659576844,0.0,0.0,68.50655615591829,0.0700570409971987,10,mac,phase-24,without
18,386.60155849554985,0.0,0.0,68.50423469722772,0.0700546669977484,10,mac,phase-24,without
19,362.7040769916651,0.0,0.0,64.26969749570833,0.0657242910019704,10,mac,phase-24,without
20,365.19778618521207,0.0,0.0,64.71157269281348,0.0661761670053238,10,mac,phase-24,without
21,379.3593519471741,0.0,0.0,67.2209449478372,0.0687423330018646,10,mac,phase-24,without
22,365.1720309643177,0.0,0.0,64.70700897169529,0.0661714999951073,10,mac,phase-24,without
23,376.3324220394227,0.0,0.0,66.6845851938321,0.0681938340057968,10,mac,phase-24,without
24,375.2703236266904,0.0,0.0,66.49638564486882,0.0680013750024954,10,mac,phase-24,without
25,387.82208398640864,0.0,0.0,68.72050688455441,0.0702758339975844,10,mac,phase-24,without
26,379.18068825981504,0.0,0.0,67.18928646405266,0.0687099580027279,10,mac,phase-24,without
27,353.33078643544184,0.0,0.0,62.60878826749005,0.0640257909981301,10,mac,phase-24,without
28,382.47504806500143,0.0,0.0,67.7730337157446,0.0693069170010858,10,mac,phase-24,without
29,362.6224518506248,0.0,0.0,64.25523385039665,0.0657095000060508,10,mac,phase-24,without
0,1445.9512284681282,0.0993735381060291,0.0,451.0233649505643,0.479501458001323,10,mac,phase-24,with
1,1469.8680273775626,0.1010172290418008,0.0,458.4835302110532,0.4874326659992221,10,mac,phase-24,with
2,1445.2778876531952,0.0993272625070921,0.0,450.8133354321888,0.4792781669966643,10,mac,phase-24,with
3,1473.4560079931225,0.1012638143493852,0.0,459.6026987270767,0.488622500000929,10,mac,phase-24,with
4,1438.408509378345,0.0988551619200731,0.0,448.6706282345721,0.4770001669967314,10,mac,phase-24,with
5,1462.0207397229187,0.1004779212674964,0.0,456.035791992744,0.4848303749968181,10,mac,phase-24,with
6,1459.873808732507,0.1003303726334995,0.0,455.36611792590986,0.4841184169999906,10,mac,phase-24,with
7,1445.935900531451,0.0993724846878574,0.0,451.01858383662216,0.4794963750027818,10,mac,phase-24,with
8,1451.6571155923002,0.0997656773292609,0.0,452.8031541717392,0.4813936249993276,10,mac,phase-24,with
9,1458.9932738397888,0.1002698575441988,0.0,455.0914601072703,0.4838264169957256,10,mac,phase-24,with
10,1453.1768162644023,0.0998701193254194,0.0,453.2771815783035,0.4818975829984993,10,mac,phase-24,with
11,1448.2553439932587,0.0995318893058686,0.0,451.7420682629023,0.4802655410021543,10,mac,phase-24,with
12,1459.790501679045,0.1003246473251428,0.0,455.3401326597149,0.4840907909965608,10,mac,phase-24,with
13,1455.5734090741,0.1000348260611724,0.0,454.02473054964133,0.4826923330037971,10,mac,phase-24,with
14,1458.6344227252057,0.1002451953673512,0.0,454.9795267072848,0.4837074160022894,10,mac,phase-24,with
15,1454.1420362947786,0.0999364544324277,0.0,453.578254517312,0.4822176660018158,10,mac,phase-24,with
16,1452.8549083992968,0.099847996087187,0.0,453.17677157437976,0.4817908330005593,10,mac,phase-24,with
17,1456.5114923274932,0.1000992961830495,0.0,454.3173389428009,0.483003417000873,10,mac,phase-24,with
18,1445.2579097656906,0.0993258895193134,0.0,450.807103898324,0.47927154199715,10,mac,phase-24,with
19,1460.9679426822058,0.1004055673977507,0.0,455.707401895925,0.4844812500014086,10,mac,phase-24,with
20,1450.2062685342962,0.0996659673234419,0.0,452.3506036919953,0.4809125000028871,10,mac,phase-24,with
21,1453.0583330573086,0.0998619765227693,0.0,453.2402241113423,0.4818582919979235,10,mac,phase-24,with
22,1455.721926964596,0.1000450330086545,0.0,454.0710564819467,0.4827415840045432,10,mac,phase-24,with
23,1450.0845164884097,0.0996575998686252,0.0,452.3126266037338,0.4808721250010421,10,mac,phase-24,with
24,1454.228485500441,0.0999423956863677,0.0,453.60521988852753,0.4822463339951355,10,mac,phase-24,with
25,1455.2424545927595,0.1000120810908613,0.0,453.921498711056,0.4825825829975656,10,mac,phase-24,with
26,1450.4460031843537,0.0996824431767859,0.0,452.4253820983725,0.4809919999970589,10,mac,phase-24,with
27,1449.8539520475165,0.0996417542413302,0.0,452.24070858331766,0.4807956660006311,10,mac,phase-24,with
28,1454.8514398281357,0.0999852084551545,0.0,453.79953277512817,0.4824529160032398,10,mac,phase-24,with
29,1481.6993373073888,0.1018303402346322,0.0,462.1739708782508,0.4913561249995837,10,mac,phase-24,with
0,289.20382575590736,0.0996796274434423,0.0,62.69848566192523,0.0674275420024059,10,mac,phase-23,without
1,293.9195168609384,0.1013049805357094,0.0,63.720832756961265,0.0685270000030868,10,mac,phase-23,without
2,293.63447150195356,0.1012067342033387,0.0,63.65903581390008,0.0684605420028674,10,mac,phase-23,without
3,291.00346139953365,0.1002999062728172,0.0,63.08864104560202,0.067847124999389,10,mac,phase-23,without
4,290.50771376254335,0.1001290373722001,0.0,62.981164507113895,0.0677315420034574,10,mac,phase-23,without
5,268.94209243479787,0.0926960336976555,0.0,58.30580519582532,0.0627035419965977,10,mac,phase-23,without
6,293.7504532056515,0.1012467095148155,0.0,63.684180284818986,0.0684875830047531,10,mac,phase-23,without
7,294.7303336039688,0.1015844440271032,0.0,63.89661529304792,0.0687160410016076,10,mac,phase-23,without
8,287.73462702725806,0.0991732400139906,0.0,62.37996796880009,0.0670849999951315,10,mac,phase-23,without
9,293.6507314665593,0.1012123385109924,0.0,63.662560923414226,0.0684643329950631,10,mac,phase-23,without
10,290.6228033105725,0.1001687051851697,0.0,63.00611556147178,0.0677583750002668,10,mac,phase-23,without
11,292.06412282992403,0.1006654835121521,0.0,63.31858912914369,0.0680944170017028,10,mac,phase-23,without
12,290.22624120801856,0.1000320224751902,0.0,62.920142136894654,0.0676659169985214,10,mac,phase-23,without
13,286.2795480944859,0.0986717192421252,0.0,62.06451140329675,0.0667457500021555,10,mac,phase-23,without
14,290.24715059938825,0.1000392292966641,0.0,62.92467522760175,0.0676707919992622,10,mac,phase-23,without
15,290.5952801459097,0.1001592188002905,0.0,63.00014862538278,0.0677519580058287,10,mac,phase-23,without
16,287.0188825965561,0.0989265450125997,0.0,62.224796812925256,0.0669181249977555,10,mac,phase-23,without
17,294.8216615026295,0.1016159219333511,0.0,63.91641489607788,0.0687373339969781,10,mac,phase-23,without
18,292.6999826596284,0.1008846447586035,0.0,63.45644155316163,0.068242666995502,10,mac,phase-23,without
19,294.47674453414845,0.1014970397061632,0.0,63.84163797517671,0.0686569169993163,10,mac,phase-23,without
20,291.70115300347874,0.1005403790223387,0.0,63.23989840505106,0.0680097910008044,10,mac,phase-23,without
21,291.2361453845984,0.10038010525664,0.0,63.1390862064266,0.0679013750050216,10,mac,phase-23,without
22,290.8948054959841,0.1002624559384136,0.0,63.06508478526217,0.0678217919994494,10,mac,phase-23,without
23,292.993606263265,0.1009858477469893,0.0,63.52009823285628,0.0683111250036745,10,mac,phase-23,without
24,289.21990989831363,0.0996851711506136,0.0,62.701972653735965,0.0674312920018564,10,mac,phase-23,without
25,276.5893870013989,0.095331819968313,0.0,59.9637147600689,0.0644864999994752,10,mac,phase-23,without
26,294.1384413389605,0.1013804370423806,0.0,63.76829489965745,0.0685780419953516,10,mac,phase-23,without
27,282.89311931638207,0.0975045218232015,0.0,61.33034422679377,0.0659562079963507,10,mac,phase-23,without
28,293.29813271570947,0.1010908086106535,0.0,63.586118616101075,0.0683821249986067,10,mac,phase-23,without
29,294.9056550815358,0.1016448719260808,0.0,63.93462444150483,0.068756917004066,10,mac,phase-23,without
0,1478.185480632039,0.1001910585367731,0.0,453.1975547813372,0.4826704579973011,10,mac,phase-23,with
1,1472.4376515691376,0.0998014720568313,0.0,451.43532527040054,0.4807936249999329,10,mac,phase-23,with
2,1467.3052593754642,0.0994535997407738,0.0,449.86178282743384,0.4791177500010235,10,mac,phase-23,with
3,1469.146722041262,0.0995784136400846,0.0,450.4263576986495,0.4797190410026815,10,mac,phase-23,with
4,1470.385895182594,0.0996624044993963,0.0,450.8062763522695,0.480123666995496,10,mac,phase-23,with
5,1466.8412883523577,0.0994221518957337,0.0,449.7195337417024,0.4789662499970291,10,mac,phase-23,with
6,1475.3840451213316,0.1000011779075031,0.0,452.3386614016057,0.4817557080023107,10,mac,phase-23,with
7,1469.2759877161188,0.0995871752366272,0.0,450.46598932034374,0.4797612499969546,10,mac,phase-23,with
8,1478.2217224431022,0.1001935149980638,0.0,453.2086661745757,0.4826822920003906,10,mac,phase-23,with
9,1476.0122465403242,0.1000437572495192,0.0,452.5312619586588,0.4819608339967089,10,mac,phase-23,with
10,1472.6817615590717,0.0998180177735978,0.0,451.51016706257434,0.4808733339959872,10,mac,phase-23,with
11,1475.1950634268462,0.0999883687734244,0.0,452.2807214184565,0.4816939999946044,10,mac,phase-23,with
12,1475.1436376964589,0.0999848831497113,0.0,452.2649547805279,0.4816772080012015,10,mac,phase-23,with
13,1471.505244398319,0.0997382737216727,0.0,451.14945813436634,0.4804891669991775,10,mac,phase-23,with
14,1487.7908044971591,0.1008421050923268,0.0,456.1424553676251,0.4858068749963422,10,mac,phase-23,with
15,1468.6795629390188,0.0995467497078027,0.0,450.2831311782943,0.4795664999983273,10,mac,phase-23,with
16,1475.7644370380624,0.1000269607806915,0.0,452.455285931328,0.4818799170025158,10,mac,phase-23,with
17,1467.6844997653377,0.0994793045637471,0.0,449.97805431001626,0.4792415829942911,10,mac,phase-23,with
18,1482.7513106263857,0.1005005294023893,0.0,454.5973946634747,0.4841613339958712,10,mac,phase-23,with
19,1477.909345926593,0.1001723421924443,0.0,453.1128945171565,0.4825802920022397,10,mac,phase-23,with
20,1479.7538741610845,0.1002973638752683,0.0,453.678409262464,0.4831825840010424,10,mac,phase-23,with
21,1471.3194508052536,0.0997256806763462,0.0,451.0924955926728,0.4804284999991068,10,mac,phase-23,with
22,1489.160260118828,0.1009349264670134,0.0,456.562317385791,0.4862540419999277,10,mac,phase-23,with
23,1480.4434483874377,0.1003441030514971,0.0,453.8898261362719,0.4834077499981504,10,mac,phase-23,with
24,1477.8146621554847,0.1001659245490715,0.0,453.0838653769668,0.4825493750031455,10,mac,phase-23,with
25,1474.8473424470442,0.0999648003285315,0.0,452.1741134860575,0.4815804590034531,10,mac,phase-23,with
26,1470.1209876523235,0.0996444491303172,0.0,450.7250582328016,0.4800371669989545,10,mac,phase-23,with
27,1479.45489308524,0.100277099009415,0.0,453.5867445192541,0.483084958003019,10,mac,phase-23,with
28,1481.6974196226456,0.1004290969220744,0.0,454.2742817441834,0.4838172079980722,10,mac,phase-23,with
29,1478.0856947176749,0.10018429507135,0.0,453.1669613727401,0.4826378750003641,10,mac,phase-23,with
0,305.2603840466375,0.0,0.0,70.23005972174292,0.0822855000005802,10,mac,phase-8,without
1,311.8426015201836,0.0,0.0,71.74440468894973,0.0840597919959691,10,mac,phase-8,without
2,309.3793097001562,0.0,0.0,71.17768479775621,0.0833957909999298,10,mac,phase-8,without
3,307.9774835661487,0.0,0.0,70.85517215525161,0.0830179169934126,10,mac,phase-8,without
4,309.9985372950614,0.0,0.0,71.32014806270742,0.0835627089982153,10,mac,phase-8,without
5,317.29333507952543,0.0,0.0,72.99843358823003,0.0855290830004378,10,mac,phase-8,without
6,263.96027579202377,0.0,0.0,60.728305741138506,0.0711527089952142,10,mac,phase-8,without
7,307.5211780361769,0.0,0.0,70.7501917310103,0.0828949160058982,10,mac,phase-8,without
8,307.52566313089267,0.0,0.0,70.75122359916683,0.0828961250008433,10,mac,phase-8,without
9,309.28022911738526,0.0,0.0,71.1548897165438,0.0833690829967963,10,mac,phase-8,without
10,309.2709546995603,0.0,0.0,71.15275598759708,0.0833665829995879,10,mac,phase-8,without
11,307.9507398632547,0.0,0.0,70.84901933638095,0.0830107080037123,10,mac,phase-8,without
12,305.0501624157072,0.0,0.0,70.18169485533174,0.0822288329945877,10,mac,phase-8,without
13,306.4693057610753,0.0,0.0,70.50819160075841,0.0826113750008517,10,mac,phase-8,without
14,263.23315694845485,0.0,0.0,60.56102035961698,0.0709567080048145,10,mac,phase-8,without
15,281.69931878209627,0.0,0.0,64.80945781231267,0.0759344170000986,10,mac,phase-8,without
16,310.20798354982014,0.0,0.0,71.36833454136281,0.0836191669950494,10,mac,phase-8,without
17,307.4975319241093,0.0,0.0,70.74475156271633,0.0828885419978178,10,mac,phase-8,without
18,312.2465028928711,0.0,0.0,71.83732869418587,0.0841686670028138,10,mac,phase-8,without
19,264.4872154298051,0.0,0.0,60.84953667762806,0.0712947499996516,10,mac,phase-8,without
20,307.0058314139288,0.0,0.0,70.63162795415167,0.0827559999961522,10,mac,phase-8,without
21,313.308421210062,0.0,0.0,72.0816400779537,0.0844549160028691,10,mac,phase-8,without
22,309.2122178896617,0.0,0.0,71.1392426400334,0.0833507499992265,10,mac,phase-8,without
23,308.3093523143448,0.0,0.0,70.93152389698967,0.0831073750014184,10,mac,phase-8,without
24,287.64237234819007,0.0,0.0,66.17675284530496,0.077536416996736,10,mac,phase-8,without
25,306.2275548020647,0.0,0.0,70.45257290545298,0.0825462089997017,10,mac,phase-8,without
26,307.19379440968873,0.0,0.0,70.67487186363874,0.0828066670001135,10,mac,phase-8,without
27,303.97726690862385,0.0,0.0,69.9348579925237,0.0819396250008139,10,mac,phase-8,without
28,311.54442867805176,0.0,0.0,71.67580523220816,0.0839794170024106,10,mac,phase-8,without
29,307.42689047443804,0.0,0.0,70.72849936135475,0.0828695000018342,10,mac,phase-8,without
0,1515.8144076794304,0.1016097605362267,0.0,463.7808170075175,0.5029127919988241,10,mac,phase-8,with
1,1494.2954542299487,0.1001672780687725,0.0,457.1968461985674,0.495773292001104,10,mac,phase-8,with
2,1490.567926608189,0.0999174102834286,0.0,456.0563663369963,0.4945365829989896,10,mac,phase-8,with
3,1487.0834114226138,0.0996838323785101,0.0,454.9902389196463,0.4933805000036955,10,mac,phase-8,with
4,1489.19388742284,0.0998253041575841,0.0,455.63596327659974,0.4940807080056402,10,mac,phase-8,with
5,1491.6388015866264,0.0999891943683219,0.0,456.38401282847735,0.4948918749942095,10,mac,phase-8,with
6,1489.4443053961663,0.0998420904542275,0.0,455.7125815299125,0.4941637910014833,10,mac,phase-8,with
7,1483.7489697588535,0.0994603143691415,0.0,453.9700282188851,0.4922742079943418,10,mac,phase-8,with
8,1490.2046075822443,0.0998930558776139,0.0,455.94520471072246,0.4944160419981926,10,mac,phase-8,with
9,1489.4078863844404,0.0998396491744497,0.0,455.7014387152465,0.4941517080005724,10,mac,phase-8,with
10,1484.1119150495415,0.0994846437223181,0.0,454.0810754965672,0.4923946249982691,10,mac,phase-8,with
11,1498.6863274365105,0.1004616119745616,0.0,458.5402842558907,0.4972300840017851,10,mac,phase-8,with
12,1494.202268227495,0.1001610315208134,0.0,457.1683348714995,0.4957423750020098,10,mac,phase-8,with
13,1500.9979926125363,0.1006165700906647,0.0,459.24756475049065,0.4979970420026802,10,mac,phase-8,with
14,1506.206429303655,0.1009657078230094,0.0,460.8411457401562,0.4997250829983386,10,mac,phase-8,with
15,1499.448257241606,0.1005126865023197,0.0,458.7734054254215,0.4974828750055167,10,mac,phase-8,with
16,1490.7811750729018,0.0999317049921505,0.0,456.1216121525058,0.4946073339961003,10,mac,phase-8,with
17,1491.8823143613793,0.1000055177879996,0.0,456.4585183570265,0.4949726670020027,10,mac,phase-8,with
18,1482.553013888322,0.0993801457225044,0.0,453.60411179275127,0.4918774170000688,10,mac,phase-8,with
19,1497.833219014053,0.1004044254601188,0.0,458.2792659418024,0.4969470420037396,10,mac,phase-8,with
20,1503.907447332048,0.1008115999015986,0.0,460.13774581752983,0.498962332996598,10,mac,phase-8,with
21,1482.0456464125618,0.09934613530048,0.0,453.4488768898246,0.4917090839953744,10,mac,phase-8,with
22,1496.2841105630728,0.1003005838961705,0.0,457.80529843008793,0.4964330830043764,10,mac,phase-8,with
23,1488.0433927335248,0.0997481829155064,0.0,455.2839562206765,0.4936989999987418,10,mac,phase-8,with
24,1474.3194514814572,0.0988282243921073,0.0,451.0849588670419,0.4891457080011605,10,mac,phase-8,with
25,1494.2725955009112,0.1001657457769748,0.0,457.189852308039,0.4957657079939963,10,mac,phase-8,with
26,1490.5446941438947,0.0999158529389928,0.0,456.0492580978762,0.4945288749950123,10,mac,phase-8,with
27,1486.603420745228,0.0996516571085419,0.0,454.8433802624214,0.4932212499988964,10,mac,phase-8,with
28,1488.174128032597,0.0997569465097598,0.0,455.3239561860471,0.4937423750016023,10,mac,phase-8,with
29,1481.7025427753508,0.0993231359951301,0.0,453.3439003937721,0.49159525000141,10,mac,phase-8,with
0,315.89567899052815,0.0,0.0,70.69041793477467,0.0832259160015382,10,mac,phase-1,without
1,265.85174216063353,0.0,0.0,59.491699354921,0.0700413340018712,10,mac,phase-1,without
2,312.32888500652234,0.0,0.0,69.8922488739558,0.0822862080021877,10,mac,phase-1,without
3,314.376318158851,0.0,0.0,70.35041881693866,0.0828256250024424,10,mac,phase-1,without
4,315.90675086282243,0.0,0.0,70.69289557322259,0.0832288329984294,10,mac,phase-1,without
5,299.2312370810115,0.0,0.0,66.96128695394593,0.078835500004061,10,mac,phase-1,without
6,317.14049354538116,0.0,0.0,70.96897971002608,0.0835538750034174,10,mac,phase-1,without
7,317.43117509131514,0.0,0.0,71.03402776650366,0.0836304580006981,10,mac,phase-1,without
8,312.8783039921803,0.0,0.0,70.01519660733908,0.0824309579984401,10,mac,phase-1,without
9,268.2657658886426,0.0,0.0,60.03190410473824,0.0706773330020951,10,mac,phase-1,without
10,312.72885063157213,0.0,0.0,69.98175227357386,0.0823915829969337,10,mac,phase-1,without
11,301.8543398759503,0.0,0.0,67.54827894273366,0.0795265830020071,10,mac,phase-1,without
12,297.0645600830759,0.0,0.0,66.47643289388668,0.0782646670049871,10,mac,phase-1,without
13,320.132881830413,0.0,0.0,71.63860956747773,0.0843422500038286,10,mac,phase-1,without
14,305.29682664515053,0.0,0.0,68.31863081721116,0.0804335410066414,10,mac,phase-1,without
15,306.0025007629592,0.0,0.0,68.47654496935486,0.080619458000001,10,mac,phase-1,without
16,317.616212578826,0.0,0.0,71.07543503540818,0.0836792080008308,10,mac,phase-1,without
17,313.46473429199887,0.0,0.0,70.14642664858644,0.0825854590002563,10,mac,phase-1,without
18,315.381214024097,0.0,0.0,70.57529213246538,0.0830903749956633,10,mac,phase-1,without
19,317.8055239782236,0.0,0.0,71.1177987106126,0.083729084006336,10,mac,phase-1,without
20,312.42836494049845,0.0,0.0,69.91451026775316,0.0823124169983202,10,mac,phase-1,without
21,310.49337764575245,0.0,0.0,69.48150320351859,0.0818026249980903,10,mac,phase-1,without
22,319.06867904096777,0.0,0.0,71.40046468308539,0.0840618750007706,10,mac,phase-1,without
23,315.95309183579826,0.0,0.0,70.70326565095722,0.0832410419970983,10,mac,phase-1,without
24,314.0385061273956,0.0,0.0,70.27482400740125,0.0827366250014165,10,mac,phase-1,without
25,314.3986175247909,0.0,0.0,70.35540891842726,0.0828314999962458,10,mac,phase-1,without
26,311.0146443837262,0.0,0.0,69.59815109082307,0.0819399579995661,10,mac,phase-1,without
27,312.9080390484739,0.0,0.0,70.02185065073537,0.0824387920001754,10,mac,phase-1,without
28,316.7443235347586,0.0,0.0,70.88032568438815,0.0834495000017341,10,mac,phase-1,without
29,312.2983604376832,0.0,0.0,69.88541815523429,0.0822781659953761,10,mac,phase-1,without
0,1540.1575313933513,0.5065196880267544,0.0,465.7617371302016,0.4962522920031915,10,mac,phase-1,with
1,1548.7716415444704,0.5093526556274295,0.0,468.3667452712757,0.4990278339973883,10,mac,phase-1,with
2,1534.6656203497878,0.5047135344276873,0.0,464.10091869073943,0.4944827500003157,10,mac,phase-1,with
3,1537.9614894800372,0.5057974642008454,0.0,465.0976282481506,0.4955447079992154,10,mac,phase-1,with
4,1542.5662925003955,0.50731186992997,0.0,466.4901747962718,0.4970284160008305,10,mac,phase-1,with
5,1525.6287780684436,0.5017415406934149,0.0,461.3680713856181,0.4915709999986575,10,mac,phase-1,with
6,1550.1509211188006,0.5098062665376455,0.0,468.7838556235829,0.4994722499977797,10,mac,phase-1,with
7,1535.3734967527705,0.5049463374543205,0.0,464.3149888338295,0.494710833998397,10,mac,phase-1,with
8,1543.794275756641,0.5077157232262576,0.0,466.86153136398474,0.4974240829978953,10,mac,phase-1,with
9,1532.6838587570132,0.5040617820950493,0.0,463.501610695801,0.4938442089987802,10,mac,phase-1,with
10,1535.0966297060984,0.5048552827360552,0.0,464.23126098522727,0.4946216250027646,10,mac,phase-1,with
11,1547.7020679819077,0.5090008993582243,0.0,468.0432936565326,0.4986832079957821,10,mac,phase-1,with
12,1536.410091706245,0.5052872478753273,0.0,464.6284673296259,0.4950448340023285,10,mac,phase-1,with
13,1501.0461152669352,0.4936569114010968,0.0,453.9339852636886,0.4836502500038477,10,mac,phase-1,with
14,1503.158875751745,0.4943517460266646,0.0,454.5729088630523,0.4843309999996563,10,mac,phase-1,with
15,1497.0097852395263,0.492329462367746,0.0,452.7133516292214,0.4823497089964803,10,mac,phase-1,with
16,1521.5805489456525,0.5004101783421352,0.0,460.14383932487135,0.4902666249981848,10,mac,phase-1,with
17,1499.5455354643086,0.4931634078483803,0.0,453.48019229684735,0.4831667500038747,10,mac,phase-1,with
18,1505.117621218829,0.4949959289252891,0.0,455.1652565111009,0.4849621250032214,10,mac,phase-1,with
19,1493.7772756646511,0.4912663699839896,0.0,451.73580274594457,0.4813081660031457,10,mac,phase-1,with
20,1496.3047548280974,0.492097595317287,0.0,452.50014214742265,0.4821225420018891,10,mac,phase-1,with
21,1502.9231341998309,0.4942742164656317,0.0,454.5016178473639,0.4842550419998588,10,mac,phase-1,with
22,1510.012481501061,0.4966057273079569,0.0,456.64551978391,0.4865392920037266,10,mac,phase-1,with
23,1504.4246171495324,0.4947680170410652,0.0,454.9556839364942,0.4847388330017566,10,mac,phase-1,with
24,1509.3322796742225,0.4963820257643792,0.0,456.43981875787216,0.4863201249972917,10,mac,phase-1,with
25,1507.3055131302267,0.4957154724173076,0.0,455.8269007367949,0.4856670830049552,10,mac,phase-1,with
26,1505.193401276411,0.4950208511104179,0.0,455.1881732910663,0.4849865420037531,10,mac,phase-1,with
27,1520.90862436748,0.5001891989807543,0.0,459.9406414361029,0.4900501249940134,10,mac,phase-1,with
28,1511.0160978228655,0.4969357918733388,0.0,456.9490251539309,0.4868626660027075,10,mac,phase-1,with
29,1510.3806433826635,0.4967268066375784,0.0,456.7568562634747,0.4866579169975011,10,mac,phase-1,with
0,411.18397650340427,1.167188903294335,11.571844269803837,72.9993288374657,0.0697049590016831,10,mac,phase-30,without
1,411.5723141966685,1.1682912406231467,11.582773157035197,73.06827216354479,0.0697707910003373,10,mac,phase-30,without
2,418.1105355683403,1.1868506686854754,11.766776629538857,74.22903182150016,0.0708791670040227,10,mac,phase-30,without
3,400.7175640493484,1.1374788922730896,11.277290731964632,71.14117986245122,0.067930666002212,10,mac,phase-30,without
4,418.00361764476526,1.1865471709299906,11.763767666077335,74.2100502047357,0.0708610420042532,10,mac,phase-30,without
5,413.635956981174,1.1741491074080366,11.64084972201682,73.43463988903406,0.0701206250014365,10,mac,phase-30,without
6,420.48804217203855,1.1935994708857542,11.83368618278162,74.6511211933976,0.0712822080022306,10,mac,phase-30,without
7,410.6007148882734,1.1655332539407597,11.555429689069816,72.89577979646637,0.0696060830014175,10,mac,phase-30,without
8,403.7262610147389,1.146019394607937,11.36196371225583,71.67532727990782,0.0684407080043456,10,mac,phase-30,without
9,412.53777277014586,1.1710317961845178,11.609943807886506,73.2396743385117,0.0699344580061733,10,mac,phase-30,without
10,429.4455521502114,1.2190263037516138,12.085775068623144,76.24138796892237,0.0728007079960662,10,mac,phase-30,without
11,395.8983941476386,1.1237991723574494,11.14166608022957,70.28561109401305,0.0671137079989421,10,mac,phase-30,without
12,445.29103640889906,1.264005375045537,12.53171043259432,79.05450759927656,0.0754868750009336,10,mac,phase-30,without
13,399.63216866892594,1.1343978834884354,11.246744730585345,70.94848477017672,0.0677466670022113,10,mac,phase-30,without
14,414.6867020803303,1.1771317577300535,11.670420569495102,73.62118336203106,0.0702987499971641,10,mac,phase-30,without
15,410.0169695614531,1.163876231520751,11.539001495362871,72.79214487996926,0.0695071250011096,10,mac,phase-30,without
16,398.8161474353609,1.1320815215115678,11.223779656128972,70.80361287396634,0.0676083329963148,10,mac,phase-30,without
17,419.9141303132871,1.191970361797652,11.817534729822436,74.54923205643028,0.0711849169965717,10,mac,phase-30,without
18,416.0722109489615,1.1810646701714236,11.709412587128114,73.86715894300704,0.0705336250030086,10,mac,phase-30,without
19,392.7186344103601,1.1147730903781512,11.052178924606242,69.72109413822209,0.0665746669983491,10,mac,phase-30,without
20,413.00550991309615,1.1723595171904595,11.623107213288268,73.32271380371188,0.0700137500025448,10,mac,phase-30,without
21,403.1911817621741,1.144500515951021,11.34690511528584,71.58033226905101,0.0683500000013737,10,mac,phase-30,without
22,423.6343845134346,1.202530694077065,11.922232881278331,75.20970540956273,0.0718155840004328,10,mac,phase-30,without
23,393.78461647064967,1.1177989924146583,11.082178581939614,69.91034269701963,0.0667553750026854,10,mac,phase-30,without
24,401.4849191657379,1.1396571103650306,11.29888620847616,71.27741184540147,0.0680607500034966,10,mac,phase-30,without
25,426.8551889258219,1.2116732856775156,12.012875146574226,75.78150920994518,0.0723615829992923,10,mac,phase-30,without
26,413.6236695024976,1.1741142281092791,11.640503918683429,73.43245843803464,0.070118541996635,10,mac,phase-30,without
27,404.8104353128579,1.1490969372222244,11.392475349031768,71.86780558798426,0.0686245000033523,10,mac,phase-30,without
28,414.91553298984866,1.1777813183004626,11.676860498578872,73.66180873599178,0.0703375419980147,10,mac,phase-30,without
29,391.62585952955607,1.111671134106607,11.021425243856932,69.5270889302675,0.0663894170065759,10,mac,phase-30,without
0,2268.7759969961817,2.980873572695713,83.76254739274954,507.0465947155408,0.4925840419964515,10,mac,phase-30,with
1,2288.665659303097,3.0070059757266967,84.49686791792018,511.49171647111115,0.4969023749945336,10,mac,phase-30,with
2,2281.4371352379258,2.9975086448381507,84.22999291995204,509.87622048696943,0.4953329580021091,10,mac,phase-30,with
3,2284.334418272336,3.0013152940804413,84.3369597636604,510.52373152308303,0.4959620000008726,10,mac,phase-30,with
4,2292.2104487907495,3.0116633633747076,84.62774051082928,512.2839381100378,0.4976719999976922,10,mac,phase-30,with
5,2283.5172593717048,3.000241654648955,84.30679049563564,510.3411054557873,0.4957845829994767,10,mac,phase-30,with
6,2265.984842309476,2.9772063621584355,83.65949877665204,506.4228022031499,0.4919780419950257,10,mac,phase-30,with
7,2263.8636477087557,2.97441939115019,83.58118489132035,505.94873843464734,0.4915175000060117,10,mac,phase-30,with
8,2281.0575381943677,2.99700990419698,84.21597830793513,509.79138470390626,0.4952505420005764,10,mac,phase-30,with
9,2282.622763393953,2.9990664044592084,84.27376596530375,510.14119539851134,0.495590375001484,10,mac,phase-30,with
10,2281.1500377805637,2.997131436500011,84.2193933656503,509.8120573486519,0.4952706249969196,10,mac,phase-30,with
11,2282.6029950175102,2.9990404314098673,84.27303612261727,510.1367773828184,0.4955860830013989,10,mac,phase-30,with
12,2278.6018425556335,2.993783442773825,84.12531474194448,509.2425636158276,0.4947173750042566,10,mac,phase-30,with
13,2307.665818396644,3.03196968840435,85.19834824416223,515.7380439975799,0.5010275839958922,10,mac,phase-30,with
14,2303.980545413379,3.0271277239007897,85.06228904161219,514.9144258355243,0.500227457996516,10,mac,phase-30,with
15,2290.510308564031,3.009429602492888,84.56497183005015,511.9039753840402,0.4973028749955119,10,mac,phase-30,with
16,2282.7634311390066,2.999251223394315,84.27895937738026,510.172633099373,0.4956209160009166,10,mac,phase-30,with
17,2306.969176592276,3.0310543926029907,85.17262843214404,515.5823521817687,0.5008763329969952,10,mac,phase-30,with
18,2286.8434636749057,3.0046118500838173,84.42959298735526,511.0844756992573,0.4965067500015721,10,mac,phase-30,with
19,2306.757500225633,3.030776277668715,85.16481340249089,515.5350448314484,0.5008303750000778,10,mac,phase-30,with
20,2285.481085413086,3.0028218640463904,84.37929437970357,510.779999074291,0.4962109580010292,10,mac,phase-30,with
21,2285.5889409736205,3.0029635720821295,84.38327637550783,510.8041036111702,0.4962343750012223,10,mac,phase-30,with
22,2253.7948427210404,2.961190304305017,83.20944755097098,503.69847076228336,0.4893314169967198,10,mac,phase-30,with
23,2261.8765988987825,2.971808670085992,83.50782362941636,505.5046547816272,0.4910860830059391,10,mac,phase-30,with
24,2282.1518136147515,2.998447638325951,84.25637863695923,510.03594327924424,0.4954881250014296,10,mac,phase-30,with
25,2284.443807580437,3.001459017258968,84.34099838497701,510.5481788357505,0.4959857499998179,10,mac,phase-30,with
26,2277.258468092052,2.992018425230434,84.07571774897518,508.9423341316967,0.4944257090028259,10,mac,phase-30,with
27,2279.627412237843,2.9951309065898672,84.16317847517527,509.4717672109364,0.4949400409968802,10,mac,phase-30,with
28,2290.116893951881,3.008912707382034,84.55044707743515,511.8160515256839,0.4972174590002396,10,mac,phase-30,with
29,2279.3453075783755,2.9947602581321724,84.15276325351404,509.40871990828254,0.494878792000236,10,mac,phase-30,with
0,289.2120689785326,0.0,0.0,63.59671948096083,0.06825262500206,10,mac,phase-6,without
1,291.15596541819224,0.0,0.0,64.0241754893138,0.0687113749954733,10,mac,phase-6,without
2,291.12877419678506,0.0,0.0,64.01819623510673,0.0687049580010352,10,mac,phase-6,without
3,289.13703351517285,0.0,0.0,63.58021944577464,0.0682349170019733,10,mac,phase-6,without
4,287.799607294358,0.0,0.0,63.286124111191775,0.0679192909956327,10,mac,phase-6,without
5,291.371363998525,0.0,0.0,64.07154088156179,0.0687622080004075,10,mac,phase-6,without
6,289.56394921064606,0.0,0.0,63.67409670969008,0.068335667005158,10,mac,phase-6,without
7,292.13638840929866,0.0,0.0,64.23976706596653,0.0689427499964949,10,mac,phase-6,without
8,283.5650571496894,0.0,0.0,62.35496138817781,0.0669199580006534,10,mac,phase-6,without
9,287.130631504071,0.0,0.0,63.13901868151625,0.0677614160013035,10,mac,phase-6,without
10,289.67976939419503,0.0,0.0,63.699565161782736,0.0683629999984987,10,mac,phase-6,without
11,292.1418630957887,0.0,0.0,64.2409709303218,0.0689440419955644,10,mac,phase-6,without
12,293.0022242707416,0.0,0.0,64.43016133475076,0.0691470829988247,10,mac,phase-6,without
13,293.2524074633523,0.0,0.0,64.4851757412225,0.0692061250010738,10,mac,phase-6,without
14,292.1868810008963,0.0,0.0,64.2508702097428,0.0689546659996267,10,mac,phase-6,without
15,297.1340223092222,0.0,0.0,65.33872923004402,0.0701221670024097,10,mac,phase-6,without
16,289.3466056584585,0.0,0.0,63.62630362495372,0.0682843749964376,10,mac,phase-6,without
17,290.05283648513034,0.0,0.0,63.78160130644845,0.0684510419960133,10,mac,phase-6,without
18,292.61538991766724,0.0,0.0,64.34509781743297,0.069055791995197,10,mac,phase-6,without
19,263.23624764234796,0.0,0.0,57.884727486160926,0.0621224589995108,10,mac,phase-6,without
20,291.45399282192466,0.0,0.0,64.08971066998504,0.068781707996095,10,mac,phase-6,without
21,292.67577253005464,0.0,0.0,64.35837574208907,0.0690700419945642,10,mac,phase-6,without
22,292.25150521505736,0.0,0.0,64.26508084775038,0.0689699169961386,10,mac,phase-6,without
23,288.79928071261065,0.0,0.0,63.50594878924803,0.0681552090027253,10,mac,phase-6,without
24,290.00304733298486,0.0,0.0,63.77065284654021,0.0684392920011305,10,mac,phase-6,without
25,290.2530483145524,0.0,0.0,63.82562718544269,0.06849829100247,10,mac,phase-6,without
26,293.6300636211133,0.0,0.0,64.56822100558581,0.0692952499957755,10,mac,phase-6,without
27,289.9055876714127,0.0,0.0,63.749221808825894,0.0684162920006201,10,mac,phase-6,without
28,284.5073479632638,0.0,0.0,62.5621678327499,0.0671423339954344,10,mac,phase-6,without
29,296.6712669039547,0.0,0.0,65.23697093966203,0.0700129590040887,10,mac,phase-6,without
0,1480.5223699547016,0.4051692955245597,0.0,461.65664814227546,0.4890589579954394,10,mac,phase-6,with
1,1459.8587340150543,0.3995143517111143,0.0,455.2133109121722,0.4822331670002313,10,mac,phase-6,with
2,1462.278923718044,0.4001766764262932,0.0,455.9679747313922,0.4830326250012149,10,mac,phase-6,with
3,1458.1204379358958,0.3990386384006648,0.0,454.67127523769074,0.4816589580004802,10,mac,phase-6,with
4,1458.91194965116,0.3992552485989172,0.0,454.9180845077496,0.4819204169980366,10,mac,phase-6,with
5,1456.3001568342963,0.3985404885404811,0.0,454.10367498449983,0.4810576669988222,10,mac,phase-6,with
6,1468.611380787982,0.4019096574484203,0.0,457.94256219102095,0.4851244170058635,10,mac,phase-6,with
7,1450.4520658721826,0.3969400622697483,0.0,452.2801226178557,0.4791258749974076,10,mac,phase-6,with
8,1450.1546348410695,0.3968586653764701,0.0,452.1873776410396,0.4790276250059833,10,mac,phase-6,with
9,1466.35176146208,0.4012912754577062,0.0,457.2379674444348,0.4843780000010156,10,mac,phase-6,with
10,1460.154775553515,0.3995953683468763,0.0,455.3056226172367,0.4823309580024215,10,mac,phase-6,with
11,1457.9792906101436,0.3990000111136337,0.0,454.6272626630594,0.4816123329947004,10,mac,phase-6,with
12,1457.422775179489,0.3988477115134636,0.0,454.4537299602991,0.4814285000029485,10,mac,phase-6,with
13,1458.3584614876168,0.3991037774601792,0.0,454.7454957677526,0.4817375839993474,10,mac,phase-6,with
14,1456.1912985882736,0.3985106976911511,0.0,454.06973079425904,0.481021708001208,10,mac,phase-6,with
15,1461.863428432593,0.4000629693081055,0.0,455.8384149458105,0.4828953750038636,10,mac,phase-6,with
16,1460.9932071997523,0.3998248189558947,0.0,455.56706246532906,0.4826079159975052,10,mac,phase-6,with
17,1457.9613811923634,0.398995109906916,0.0,454.6216781464386,0.4816064170008758,10,mac,phase-6,with
18,1469.355588079086,0.4021133220130226,0.0,458.1746209903382,0.4853702499967767,10,mac,phase-6,with
19,1463.8570247943644,0.4006085497396149,0.0,456.46005838247953,0.4835539170017,10,mac,phase-6,with
20,1460.7395477092175,0.3997554008645718,0.0,455.4879663351075,0.4825241250000545,10,mac,phase-6,with
21,1463.4340853939327,0.4004928054169352,0.0,456.3281773721463,0.4834142079998855,10,mac,phase-6,with
22,1459.13710420092,0.3993168658443987,0.0,454.98829222420534,0.4819947919968399,10,mac,phase-6,with
23,1459.0136150596015,0.3992830710099482,0.0,454.9497858265851,0.4819539999953122,10,mac,phase-6,with
24,1458.813181355714,0.399228219030504,0.0,454.8872865670067,0.4818877910001902,10,mac,phase-6,with
25,1457.0466346307994,0.3987447744662271,0.0,454.33644177306024,0.4813042500027222,10,mac,phase-6,with
26,1463.6593671022151,0.4005544574614377,0.0,456.3984247391865,0.4834886250027921,10,mac,phase-6,with
27,1460.088426469888,0.3995772108289506,0.0,455.2849336386868,0.4823090409990982,10,mac,phase-6,with
28,1480.3341725438606,0.4051177922079484,0.0,461.59796440493983,0.4889967909984989,10,mac,phase-6,with
29,1471.0342193441872,0.4025727070658452,0.0,458.69805197594184,0.4859247499989578,10,mac,phase-6,with
0,302.5242036763287,0.0,0.0,63.689306037121824,0.0675712500014924,10,mac,phase-7,without
1,302.7327655579679,0.0,0.0,63.733213801677465,0.0676178339999751,10,mac,phase-7,without
2,316.69315087742956,0.0,0.0,66.67224228998516,0.0707360000014887,10,mac,phase-7,without
3,307.5654342587211,0.0,0.0,64.75061773867812,0.0686972499970579,10,mac,phase-7,without
4,306.4536190758211,0.0,0.0,64.51655138438339,0.0684489170016604,10,mac,phase-7,without
5,300.7051879657525,0.0,0.0,63.30635536121105,0.0671649579962831,10,mac,phase-7,without
6,307.374413716436,0.0,0.0,64.71040288767074,0.0686545839998871,10,mac,phase-7,without
7,310.5906561688394,0.0,0.0,65.38750656186093,0.0693729580016224,10,mac,phase-7,without
8,308.0642609293506,0.0,0.0,64.85563387986328,0.0688086670052143,10,mac,phase-7,without
9,304.84745437059416,0.0,0.0,64.17841144644088,0.068090167005721,10,mac,phase-7,without
10,302.7420869129773,0.0,0.0,63.73517619220574,0.0676199160006945,10,mac,phase-7,without
11,305.72011556246974,0.0,0.0,64.3621295920989,0.0682850830053212,10,mac,phase-7,without
12,312.60610523015094,0.0,0.0,65.81181162740019,0.0698231249989476,10,mac,phase-7,without
13,308.66251527816155,0.0,0.0,64.98158216382348,0.068942291996791,10,mac,phase-7,without
14,307.0794838197012,0.0,0.0,64.64831238309499,0.0685887090003234,10,mac,phase-7,without
15,309.8218998360231,0.0,0.0,65.22566312337328,0.0692012500003329,10,mac,phase-7,without
16,306.41127454986776,0.0,0.0,64.50763674734058,0.0684394590061856,10,mac,phase-7,without
17,309.1954754486052,0.0,0.0,65.0937843049695,0.0690613330007181,10,mac,phase-7,without
18,306.76198031973763,0.0,0.0,64.58146954099739,0.0685177920022397,10,mac,phase-7,without
19,296.2609044530781,0.0,0.0,62.37071672696381,0.0661722910008393,10,mac,phase-7,without
20,307.906254599804,0.0,0.0,64.82236938943242,0.0687733750019106,10,mac,phase-7,without
21,308.04205891249177,0.0,0.0,64.8509597710509,0.0688037080035428,10,mac,phase-7,without
22,307.9202455579482,0.0,0.0,64.82531485430489,0.068776499996602,10,mac,phase-7,without
23,308.26330444060716,0.0,0.0,64.89753777696993,0.068853124997986,10,mac,phase-7,without
24,304.56744666191145,0.0,0.0,64.11946245513926,0.0680276249986491,10,mac,phase-7,without
25,312.2052199573735,0.0,0.0,65.72741472786811,0.0697335840013693,10,mac,phase-7,without
26,307.5005161295389,0.0,0.0,64.73695076411346,0.0686827500030631,10,mac,phase-7,without
27,318.98524529080635,0.0,0.0,67.15478848227502,0.0712479579960927,10,mac,phase-7,without
28,329.1152803585185,0.0,0.0,69.28742744389862,0.0735105840067262,10,mac,phase-7,without
29,277.68144008298685,0.0,0.0,58.4592505437867,0.0620224159938516,10,mac,phase-7,without
0,1471.069231866696,0.1008456582331723,0.0,459.85620154326585,0.4853926670039072,10,mac,phase-7,with
1,1468.578895878081,0.1006749391626123,0.0,459.0777225815124,0.484570958004042,10,mac,phase-7,with
2,1461.668066437173,0.1002011836596023,0.0,456.9173974877869,0.4822906670015072,10,mac,phase-7,with
3,1442.4901829574026,0.0988864893942737,0.0,450.92239163788827,0.475962749995233,10,mac,phase-7,with
4,1460.192632019516,0.1001000387564221,0.0,456.4561767292852,0.4818038340017665,10,mac,phase-7,with
5,1457.0270850402062,0.0998830321996393,0.0,455.4666268303555,0.4807593329969677,10,mac,phase-7,with
6,1451.4069459189002,0.0994977569068301,0.0,453.70977149514545,0.4789049169994541,10,mac,phase-7,with
7,1454.602166278216,0.0997167976517217,0.0,454.7085972918513,0.4799592090057558,10,mac,phase-7,with
8,1454.5623855826552,0.0997140705805942,0.0,454.6961618475098,0.4799460830035968,10,mac,phase-7,with
9,1468.8514054091331,0.1006936204064576,0.0,459.16290905344687,0.4846608750012819,10,mac,phase-7,with
10,1454.7620315206584,0.0997277568338278,0.0,454.7585711622551,0.4800119579958846,10,mac,phase-7,with
11,1461.4857195792638,0.100188683303729,0.0,456.86039586500453,0.4822304999979678,10,mac,phase-7,with
12,1456.5270230567808,0.09984875163773,0.0,455.310307468049,0.480594332999317,10,mac,phase-7,with
13,1456.90813089835,0.0998748775808932,0.0,455.4294417688732,0.4807200829964131,10,mac,phase-7,with
14,1448.7476526265218,0.0993154553694887,0.0,452.8784764848686,0.4780274590011686,10,mac,phase-7,with
15,1454.4989959096524,0.0997097250520761,0.0,454.6763462374673,0.4799251670046942,10,mac,phase-7,with
16,1457.879845299315,0.0999414911543792,0.0,455.73319966396946,0.4810407089971704,10,mac,phase-7,with
17,1455.9537216856306,0.0998094503234973,0.0,455.131093475148,0.4804051669998443,10,mac,phase-7,with
18,1458.9784633262295,0.1000168043046179,0.0,456.0766276290576,0.4814032080030301,10,mac,phase-7,with
19,1468.4137238864755,0.1006636161889179,0.0,459.02608982146575,0.4845164580037817,10,mac,phase-7,with
20,1463.4019935002775,0.1003200489123173,0.0,457.4594230401672,0.4828627919996506,10,mac,phase-7,with
21,1455.2831840044878,0.0997634832049143,0.0,454.9214834144096,0.4801839169958839,10,mac,phase-7,with
22,1465.0343928246136,0.100431954171972,0.0,457.9697110241926,0.483401416997367,10,mac,phase-7,with
23,1452.4517724066477,0.0995693825058256,0.0,454.036384226565,0.47924966699793,10,mac,phase-7,with
24,1458.159298145276,0.0999606483806916,0.0,455.8205566159539,0.4811329170042882,10,mac,phase-7,with
25,1464.0746768847828,0.1003661631244995,0.0,457.6697038477178,0.4830847499979427,10,mac,phase-7,with
26,1460.330527893312,0.1001094918806255,0.0,456.49928297565265,0.48184933399898,10,mac,phase-7,with
27,1466.457926870734,0.1005295411684155,0.0,458.41470772797504,0.4838711249976768,10,mac,phase-7,with
28,1458.690297278725,0.0999970497654626,0.0,455.9865469305096,0.4813081249958486,10,mac,phase-7,with
29,1453.5116250142864,0.0996420381847918,0.0,454.3676941226507,0.4795993750012712,10,mac,phase-7,with
0,353.3303920568681,0.0,0.0,69.15518081324026,0.075606708000123,10,mac,phase-9,without
1,314.38863582784177,0.0,0.0,61.53335078178913,0.0672738329958519,10,mac,phase-9,without
2,317.2772995012459,0.0,0.0,62.098731125891405,0.067891958002292,10,mac,phase-9,without
3,321.3954204399756,0.0,0.0,62.904745566004465,0.0687731660000281,10,mac,phase-9,without
4,319.5576625612702,0.0,0.0,62.54505253860031,0.0683799170001293,10,mac,phase-9,without
5,331.31404809256026,0.0,0.0,64.84605744902893,0.0708955840018461,10,mac,phase-9,without
6,331.38667532066586,0.0,0.0,64.86027232893883,0.0709111249962006,10,mac,phase-9,without
7,318.43373701362606,0.0,0.0,62.32507351552368,0.0681394160055788,10,mac,phase-9,without
8,336.7251033504346,0.0,0.0,65.90512995782265,0.0720534580032108,10,mac,phase-9,without
9,304.5621182908196,0.0,0.0,59.610067044204875,0.0651711249956861,10,mac,phase-9,without
10,322.1328293892706,0.0,0.0,63.0490740765663,0.0689309590015909,10,mac,phase-9,without
11,346.8411718814985,0.0,0.0,67.88508572758349,0.0742181250025169,10,mac,phase-9,without
12,320.85566267461155,0.0,0.0,62.799102103969375,0.0686576669977512,10,mac,phase-9,without
13,374.90570573356854,0.0,0.0,73.37798403639027,0.0802234590009902,10,mac,phase-9,without
14,386.9158076380404,0.0,0.0,75.72864728942714,0.0827934170010848,10,mac,phase-9,without
15,335.4308044090277,0.0,0.0,65.65180480003387,0.0717764999935752,10,mac,phase-9,without
16,388.6902847933515,0.0,0.0,76.07595477070589,0.0831731250000302,10,mac,phase-9,without
17,387.62594807984937,0.0,0.0,75.86763870301657,0.0829453750047832,10,mac,phase-9,without
18,390.1639250154146,0.0,0.0,76.36438129245846,0.0834884590003639,10,mac,phase-9,without
19,383.6162843317429,0.0,0.0,75.08285192063312,0.0820873750053579,10,mac,phase-9,without
20,388.70488876434206,0.0,0.0,76.07881311597464,0.0831762500019976,10,mac,phase-9,without
21,391.1120095675774,0.0,0.0,76.54994404082375,0.083691333005845,10,mac,phase-9,without
22,385.3631097374103,0.0,0.0,75.42474729531305,0.0824611659991205,10,mac,phase-9,without
23,381.9621437858659,0.0,0.0,74.7590971825402,0.0817334169987589,10,mac,phase-9,without
24,385.6555815460515,0.0,0.0,75.48199100053641,0.0825237500030198,10,mac,phase-9,without
25,356.2938326643222,0.0,0.0,69.73519678595287,0.0762408340015099,10,mac,phase-9,without
26,391.34392044465426,0.0,0.0,76.5953345280203,0.0837409579980885,10,mac,phase-9,without
27,326.9782229625547,0.0,0.0,63.99743310880556,0.0699677910015452,10,mac,phase-9,without
28,396.7662756507644,0.0,0.0,77.65661870606465,0.0849012499966193,10,mac,phase-9,without
29,327.27049847477355,0.0,0.0,64.05463839413953,0.0700303330013412,10,mac,phase-9,without
0,1507.0006290040246,0.1012179708729699,0.0,462.9372594493401,0.4960314169948105,10,mac,phase-9,with
1,1496.950668211312,0.1005429634315572,0.0,459.850000414799,0.4927234579954529,10,mac,phase-9,with
2,1468.6940451139656,0.0986451022106724,0.0,451.169815810879,0.4834227500032284,10,mac,phase-9,with
3,1468.9915282259046,0.0986650827178998,0.0,451.2611999907679,0.4835206669959007,10,mac,phase-9,with
4,1479.172504714708,0.0993488898523289,0.0,454.3887058879351,0.4868717499994091,10,mac,phase-9,with
5,1500.238416336118,0.1007637856313158,0.0,460.85996754909496,0.4938056250030058,10,mac,phase-9,with
6,1509.7154372095292,0.10140031145902,0.0,463.7712245097378,0.4969250000067404,10,mac,phase-9,with
7,1461.69840489276,0.0981752387650176,0.0,449.0208170316026,0.4811201249976875,10,mac,phase-9,with
8,1471.3692332004143,0.0988247817042323,0.0,451.99160992125746,0.4843032919961842,10,mac,phase-9,with
9,1468.0661699754685,0.0986029308629921,0.0,450.9769381237049,0.4832160840014694,10,mac,phase-9,with
10,1480.732072591294,0.0994536385119303,0.0,454.8677913407322,0.4873850840012892,10,mac,phase-9,with
11,1466.0959491930096,0.0984706006264055,0.0,450.3717037316366,0.4825675830070395,10,mac,phase-9,with
12,1475.3435923401366,0.0990917202574757,0.0,453.21249788427474,0.4856114580034045,10,mac,phase-9,with
13,1514.13083342455,0.1016968723475048,0.0,465.12759516003786,0.4983783339994261,10,mac,phase-9,with
14,1512.595950245761,0.1015937816401129,0.0,464.6560926279964,0.497873125001206,10,mac,phase-9,with
15,1561.482643030755,0.1048772652373676,0.0,479.67365210730736,0.5139642499998445,10,mac,phase-9,with
16,1502.2335709419558,0.1008977905526769,0.0,461.4728613910934,0.4944623330011382,10,mac,phase-9,with
17,1495.3046447168208,0.1004324079646814,0.0,459.34435656113146,0.4921816670030239,10,mac,phase-9,with
18,1495.762512977266,0.1004631607695293,0.0,459.4850096395707,0.4923323749972041,10,mac,phase-9,with
19,1505.742214321196,0.1011334492223075,0.0,462.5506855930939,0.4956172079982934,10,mac,phase-9,with
20,1500.2357579650031,0.1007636070813372,0.0,460.8591509210095,0.4938047499963431,10,mac,phase-9,with
21,1501.366192061746,0.1008395328926977,0.0,461.2064102735686,0.4941768339995178,10,mac,phase-9,with
22,1472.4900455897166,0.0989000612718656,0.0,452.3359135704227,0.4846722090005642,10,mac,phase-9,with
23,1462.9344104531915,0.0982582553029054,0.0,449.40050700372194,0.4815269579994492,10,mac,phase-9,with
24,1472.7381563218598,0.0989167256742394,0.0,452.4121309920798,0.4847538750036619,10,mac,phase-9,with
25,1482.564812614605,0.0995767348283664,0.0,455.4307928600052,0.4879883330067969,10,mac,phase-9,with
26,1501.7557027604369,0.1008656944494987,0.0,461.32606451385743,0.4943050420042709,10,mac,phase-9,with
27,1471.3960688887162,0.0988265841281097,0.0,451.99985360726447,0.4843121250014519,10,mac,phase-9,with
28,1465.3707267413292,0.0984218909287598,0.0,450.14892181117136,0.48232887499762,10,mac,phase-9,with
29,1493.8271059364454,0.100333168804221,0.0,458.8904697209055,0.4916953329957323,10,mac,phase-9,with
0,246.0739988250765,0.0,0.0,60.74658181579221,0.0778715830019791,100,mac,phase-19,without
1,245.0826823466955,0.0,0.0,60.50186239055085,0.0775578749962733,100,mac,phase-19,without
2,244.5910373393436,0.0,0.0,60.38049339664647,0.0774022910045459,100,mac,phase-19,without
3,244.5508800746296,0.0,0.0,60.37058005115652,0.077389582998876,100,mac,phase-19,without
4,244.58959003848383,0.0,0.0,60.38013611151879,0.077401832997566,100,mac,phase-19,without
5,244.22606079392185,0.0,0.0,60.29039416762119,0.077286792002269,100,mac,phase-19,without
6,242.8457992005612,0.0,0.0,59.94965855878557,0.0768499999976484,100,mac,phase-19,without
7,244.85397754171655,0.0,0.0,60.44540362118208,0.0774854999981471,100,mac,phase-19,without
8,241.9405926628893,0.0,0.0,59.72619649752176,0.0765635419957107,100,mac,phase-19,without
9,245.51138657380295,0.0,0.0,60.607693630466905,0.0776935410031001,100,mac,phase-19,without
10,244.7109876747656,0.0,0.0,60.41010470421792,0.0774402500028372,100,mac,phase-19,without
11,248.3810623596752,0.0,0.0,61.31611059342773,0.0786016670026583,100,mac,phase-19,without
12,241.60984521505156,0.0,0.0,59.644547168472904,0.0764588749952963,100,mac,phase-19,without
13,245.731929101319,0.0,0.0,60.66213743499555,0.0777633329998934,100,mac,phase-19,without
14,245.77880451553304,0.0,0.0,60.67370924346901,0.0777781670039985,100,mac,phase-19,without
15,246.9506358166758,0.0,0.0,60.96299111131795,0.0781490000008489,100,mac,phase-19,without
16,259.02748853123154,0.0,0.0,63.94432000020854,0.0819707919945358,100,mac,phase-19,without
17,245.3989443932433,0.0,0.0,60.579935809024875,0.0776579580051475,100,mac,phase-19,without
18,223.20115090919603,0.0,0.0,55.100120450851726,0.0706333340058336,100,mac,phase-19,without
19,247.6429406685668,0.0,0.0,61.133895609670745,0.0783680839958833,100,mac,phase-19,without
20,246.88414631211123,0.0,0.0,60.94657730836352,0.0781279590009944,100,mac,phase-19,without
21,245.0546373862557,0.0,0.0,60.4949391256305,0.0775490000014542,100,mac,phase-19,without
22,246.33061905352753,0.0,0.0,60.80993187218833,0.0779527920021792,100,mac,phase-19,without
23,244.31098572658755,0.0,0.0,60.3113589968799,0.0773136670031817,100,mac,phase-19,without
24,243.40301102024273,0.0,0.0,60.087213577010274,0.0770263329977751,100,mac,phase-19,without
25,245.98617616377825,0.0,0.0,60.72490164435878,0.0778437909975764,100,mac,phase-19,without
26,246.44029623831136,0.0,0.0,60.83700711829563,0.077987500000745,100,mac,phase-19,without
27,250.5241978502783,0.0,0.0,61.84517159151716,0.0792798749971552,100,mac,phase-19,without
28,224.68990150640013,0.0,0.0,55.46763798780473,0.0711044580020825,100,mac,phase-19,without
29,245.67623416012847,0.0,0.0,60.648388411051904,0.0777457080039312,100,mac,phase-19,without
0,1832.0288573050368,0.3348434297708107,0.0,485.7573635685151,0.520800792000955,100,mac,phase-19,with
1,1821.855037508852,0.3329839412038916,0.0,483.0598035044855,0.5179086249991087,100,mac,phase-19,with
2,1818.006657118434,0.3322805653351917,0.0,482.03941613176255,0.5168146250071004,100,mac,phase-19,with
3,1817.065228562979,0.3321084986315828,0.0,481.7897989648372,0.5165469999992638,100,mac,phase-19,with
4,1832.5450819984576,0.3349377811486223,0.0,485.8942391123064,0.5209475419978844,100,mac,phase-19,with
5,1811.56117568914,0.331102512325981,0.0,480.33041463130064,0.5149823329993524,100,mac,phase-19,with
6,1861.757947821728,0.3402770726923634,0.0,493.6399493548115,0.5292520420043729,100,mac,phase-19,with
7,1821.582998523013,0.3329342201164281,0.0,482.9876731229022,0.517831290999311,100,mac,phase-19,with
8,1813.0148750103676,0.3313682077404579,0.0,480.7158589690824,0.5153955839996343,100,mac,phase-19,with
9,1828.3792277749956,0.3341763799782493,0.0,484.78967443444634,0.5197632919953321,100,mac,phase-19,with
10,1811.5170600207716,0.3310944492206188,0.0,480.3187174843517,0.5149697919987375,100,mac,phase-19,with
11,1817.2384760499765,0.3321401634072298,0.0,481.83573505486834,0.5165962500032037,100,mac,phase-19,with
12,1824.018140381943,0.333379295666833,0.0,483.63334422387464,0.5185235419994569,100,mac,phase-19,with
13,1833.410144455411,0.3350958902738674,0.0,486.1236080202995,0.521193458000198,100,mac,phase-19,with
14,1821.170110213187,0.3328587557277406,0.0,482.8781969342333,0.5177139169973088,100,mac,phase-19,with
15,1814.351019324002,0.3316124174006181,0.0,481.0701339230767,0.5157754169995314,100,mac,phase-19,with
16,1818.3656082621744,0.3323461715245324,0.0,482.1345910306392,0.5169166659979965,100,mac,phase-19,with
17,1820.1234422279413,0.3326674542116026,0.0,482.6006758247719,0.5174163750052685,100,mac,phase-19,with
18,1805.5999711042289,0.3300129715249079,0.0,478.7498177911839,0.5132877089999965,100,mac,phase-19,with
19,1838.1848588994617,0.3359685739951129,0.0,487.38961029471034,0.52255079200404,100,mac,phase-19,with
20,1814.558121289498,0.3316502698242645,0.0,481.1250464340605,0.5158342909999192,100,mac,phase-19,with
21,1810.8972069332913,0.33098115748237,0.0,480.1543651596742,0.5147935829954804,100,mac,phase-19,with
22,1833.8570420407632,0.335177570603104,0.0,486.24210167392306,0.5213205000036396,100,mac,phase-19,with
23,1835.274389296927,0.3354366218808924,0.0,486.6179073626107,0.5217234170049778,100,mac,phase-19,with
24,1820.887957821545,0.3328071861936916,0.0,482.8033850111884,0.5176337080047233,100,mac,phase-19,with
25,1812.3230565083363,0.3312417627452957,0.0,480.5324252146005,0.5151989169971785,100,mac,phase-19,with
26,1843.4762342226047,0.3369356888166623,0.0,488.792603766332,0.524055000001681,100,mac,phase-19,with
27,1812.032257571416,0.3311886128655741,0.0,480.45532068408846,0.5151162500042119,100,mac,phase-19,with
28,1851.1542315714744,0.3383390111255961,0.0,490.82840343990233,0.5262376660029986,100,mac,phase-19,with
29,1816.7635844920449,0.3320533665659065,0.0,481.7098188771606,0.5164612500011572,100,mac,phase-19,with
0,362.1477510943677,0.2358390787664502,14.28510991385356,76.17602244156343,0.0828109170033712,100,mac,phase-26,without
1,336.858148535045,0.2193698985715243,13.287548142046615,70.85647723860235,0.0770280419965274,100,mac,phase-26,without
2,362.74505428268986,0.2362280565614316,14.308670854578146,76.30166226934243,0.0829474999991362,100,mac,phase-26,without
3,360.94585457223286,0.2350563756633761,14.237700468753069,75.9232093392705,0.0825360840026405,100,mac,phase-26,without
4,356.42706947844863,0.2321136372080324,14.05945459660082,74.97270481819447,0.0815027909993659,100,mac,phase-26,without
5,349.6413415549495,0.2276946126043954,13.791787963466238,73.54535987121973,0.0799511250006617,100,mac,phase-26,without
6,360.4445734490732,0.2347299296812273,14.21792716926291,75.81776728703642,0.082421457998862,100,mac,phase-26,without
7,359.44475760769,0.2340788262400065,14.178488903680394,75.60746087552211,0.0821928340010345,100,mac,phase-26,without
8,355.22717590717775,0.2313322384733691,14.012124158958356,74.72031302689821,0.0812284160056151,100,mac,phase-26,without
9,347.2399143905892,0.2261307471145338,13.697062396651766,73.04023131799444,0.0794019999957527,100,mac,phase-26,without
10,368.19860405248215,0.2397795356188831,14.523789014629491,77.44879000489925,0.084194542003388,100,mac,phase-26,without
11,377.20427616251,0.2456442397560303,14.879022522365265,79.34308944119779,0.0862538340006722,100,mac,phase-26,without
12,351.4283357000541,0.2288583449530541,13.862276894299278,73.92124541983648,0.0803597499980242,100,mac,phase-26,without
13,356.8769656271249,0.2324066200939505,14.07720098854786,75.06733829034602,0.0816056670009857,100,mac,phase-26,without
14,360.27602202196147,0.23462016505291,14.211278568919123,75.78231331208995,0.0823829159999149,100,mac,phase-26,without
15,355.8179236856387,0.2317169472322514,14.035426518067805,74.84457395601721,0.0813635000013164,100,mac,phase-26,without
16,367.0209393602304,0.2390126128497174,14.47733540689717,77.20107395045873,0.0839252500009024,100,mac,phase-26,without
17,364.3840903443813,0.2372954351484481,14.373323500420288,76.64642555294876,0.0833222919973195,100,mac,phase-26,without
18,350.5090521147184,0.2282596859989792,13.826015266223887,73.72787857767031,0.0801495409978088,100,mac,phase-26,without
19,368.46227232220554,0.2399512425579532,14.534189549224592,77.50425134621888,0.0842548340006033,100,mac,phase-26,without
20,363.494872436282,0.236716355666013,14.338247828912788,76.4593828801222,0.083118957998522,100,mac,phase-26,without
21,365.90504594881264,0.2382859169822019,14.4333184000648,76.96635118525121,0.0836700829968322,100,mac,phase-26,without
22,351.0808508987014,0.2286320547298269,13.84857017220666,73.8481536777341,0.0802802920006797,100,mac,phase-26,without
23,348.8787667922377,0.2271980060978383,13.761707797926206,73.38495596960178,0.0797767499971087,100,mac,phase-26,without
24,340.5454724450315,0.2217711700730505,13.43299658728192,71.63208793359534,0.0778712080063996,100,mac,phase-26,without
25,354.3767743837066,0.2307784371277278,13.978579620308084,74.54143519225607,0.0810339579984429,100,mac,phase-26,without
26,359.78185610269213,0.2342983526578142,14.191785932416174,75.67836790847399,0.0822699170021223,100,mac,phase-26,without
27,360.8257711959278,0.2349781745624239,14.232963716352534,75.89795038366293,0.0825086250042659,100,mac,phase-26,without
28,370.2476265409491,0.2411139069482411,14.604613792293463,77.87979194428189,0.0846630840023863,100,mac,phase-26,without
29,362.5628409920885,0.2361093950083374,14.301483354790728,76.26333458769301,0.0829058339950279,100,mac,phase-26,without
0,2600.848770700063,2.8477050643606265,87.81527710098118,538.249370013744,0.530894083000021,100,mac,phase-26,with
1,2634.9149735248657,2.8850046180296447,88.96549124435602,545.2994193729287,0.5378477920021396,100,mac,phase-26,with
2,2631.2590917431467,2.881001742821448,88.84205374374976,544.542829413519,0.5371015409982647,100,mac,phase-26,with
3,2608.687578156372,2.856287882378866,88.0799472566134,539.8716224194008,0.5324941669969121,100,mac,phase-26,with
4,2637.191165315122,2.8874968517041246,89.04234477580627,545.7704805168669,0.538312415999826,100,mac,phase-26,with
5,2632.2141953938553,2.88204749893528,88.87430194391118,544.740489478988,0.5372964999987744,100,mac,phase-26,with
6,2594.213485242155,2.840439999119299,87.59124276353931,536.8761882056302,0.5295396660003462,100,mac,phase-26,with
7,2614.499626303109,2.8626515737738543,88.27618574009607,541.0744340894652,0.5336805420010933,100,mac,phase-26,with
8,2598.6497381015606,2.8452973133456516,87.74102877898451,537.794277074809,0.5304452089985716,100,mac,phase-26,with
9,2616.2495873675507,2.8645676301942755,88.33527157296766,541.4365910326505,0.5340377499960596,100,mac,phase-26,with
10,2615.36164408698,2.86359540889274,88.30529098120404,541.2528299017616,0.5338564999983646,100,mac,phase-26,with
11,2663.7990559965465,2.9166301969024504,89.94073583936394,551.2770215191783,0.5437437090004096,100,mac,phase-26,with
12,2638.0917676316885,2.888482933558154,89.07275278832819,545.9568614533464,0.538496250002936,100,mac,phase-26,with
13,2576.7836752567605,2.82135586061597,87.0027411901576,533.2690641199139,0.5259818339982303,100,mac,phase-26,with
14,2668.54474913026,2.921826321538002,90.1009698223114,552.2591494953514,0.5447124159982195,100,mac,phase-26,with
15,2618.31165380403,2.8668254150760277,88.40489535792588,541.8633386286143,0.5344586659994093,100,mac,phase-26,with
16,2541.196333718686,2.7823907912636963,85.8011671910619,525.9042129301323,0.5187176249964978,100,mac,phase-26,with
17,2621.886290597565,2.870739334030054,88.52558969590353,542.6031148216108,0.5351883330004057,100,mac,phase-26,with
18,2595.717070839295,2.842086295654458,87.6420099543677,537.1873573937582,0.5298465829982888,100,mac,phase-26,with
19,2622.3527143531123,2.8712500278103974,88.54133806689738,542.6996418843955,0.5352835410012631,100,mac,phase-26,with
20,2604.9290232065473,2.852172588907799,87.95304309050562,539.0937841011195,0.5317269579973072,100,mac,phase-26,with
21,2591.965462687989,2.837978608328564,87.51534034055061,536.4109567253582,0.5290807920027873,100,mac,phase-26,with
22,2606.0694706312393,2.853421280467077,87.99154925347312,539.3298013254923,0.5319597499983502,100,mac,phase-26,with
23,2610.929682730709,2.8587427934921505,88.15564986443236,540.3356291652896,0.5329518329963321,100,mac,phase-26,with
24,2646.093256085373,2.89724387323626,89.34291571886699,547.6127809239,0.5401295409974409,100,mac,phase-26,with
25,2620.8581135158865,2.869613568812353,88.49087423825999,542.390332105172,0.5349784580030246,100,mac,phase-26,with
26,2603.73264883002,2.8508626621603126,87.91264860522266,538.8461927141382,0.5314827499969397,100,mac,phase-26,with
27,2654.507289142156,2.9064565136701943,89.6270078401553,549.3540770896396,0.5418470419972437,100,mac,phase-26,with
28,2627.1629223995724,2.876516790710589,88.70375033679632,543.6951213139608,0.5362654170021415,100,mac,phase-26,with
29,2647.9789635077827,2.8993085602096804,89.40658490321015,548.0030307698646,0.5405144579999615,100,mac,phase-26,with
0,260.20760817827636,0.0668398685276846,0.0,63.29735549571737,0.0778534579949337,100,mac,phase-21,without
1,264.69906999108105,0.0679935961960136,0.0,64.3899355976249,0.0791972920051193,100,mac,phase-21,without
2,262.72879929625196,0.0674874901865533,0.0,63.91065320666597,0.0786077919983654,100,mac,phase-21,without
3,261.1013891414675,0.0670694552122957,0.0,63.51477408604411,0.078120874997694,100,mac,phase-21,without
4,257.7910068686657,0.0662191129896392,0.0,62.7095000011884,0.0771304169975337,100,mac,phase-21,without
5,259.7389946089577,0.0667194951474332,0.0,63.183361904619304,0.07771325000067,100,mac,phase-21,without
6,258.06479595470574,0.0662894415501427,0.0,62.77610114798519,0.0772123339993413,100,mac,phase-21,without
7,256.0824062134452,0.0657802225053802,0.0,62.29387071259507,0.0766192080045584,100,mac,phase-21,without
8,245.48280118105225,0.0630574881019913,0.0,59.71544123258579,0.0734478329977719,100,mac,phase-21,without
9,255.98353170352672,0.0657548244807415,0.0,62.26981878326222,0.0765896250013611,100,mac,phase-21,without
10,265.5946591131205,0.0682236473447522,0.0,64.60779403548037,0.0794652500044321,100,mac,phase-21,without
11,260.294366973363,0.0668621543728135,0.0,63.318460191054406,0.0778794160069082,100,mac,phase-21,without
12,257.5109510436375,0.0661471746836983,0.0,62.64137442546229,0.0770466250032768,100,mac,phase-21,without
13,260.85629013818584,0.067006496310862,0.0,63.45515200638633,0.0780475419960566,100,mac,phase-21,without
14,307.82568802659245,0.0790715869577684,0.0,74.8807928490067,0.0921006670032511,100,mac,phase-21,without
15,263.58442150290836,0.0677072749814817,0.0,64.1187894074632,0.078863791997719,100,mac,phase-21,without
16,262.31742217161724,0.067381819206683,0.0,63.81058278872888,0.0784847090035327,100,mac,phase-21,without
17,268.16277907116,0.0688833236761263,0.0,65.2325075212917,0.0802336249980726,100,mac,phase-21,without
18,206.91894566594263,0.0531515401145498,0.0,50.334508488478725,0.0619096250011352,100,mac,phase-21,without
19,258.1138137564023,0.0663020328169541,0.0,62.78802507765553,0.0772270000015851,100,mac,phase-21,without
20,252.13699183642044,0.0647667587558233,0.0,61.33412054176475,0.07543875000556,100,mac,phase-21,without
21,259.3735737404644,0.0666256290111647,0.0,63.09447067357302,0.0776039170013973,100,mac,phase-21,without
22,261.07910621124864,0.0670637313668761,0.0,63.509353604431666,0.0781142080013523,100,mac,phase-21,without
23,260.63695006654126,0.066950154139877,0.0,63.40179597046354,0.0779819160015904,100,mac,phase-21,without
24,263.1917042789601,0.0676063971946982,0.0,64.0232581433792,0.0787462919979589,100,mac,phase-21,without
25,255.55989842619064,0.0656460052469023,0.0,62.166766968816475,0.0764628749966505,100,mac,phase-21,without
26,257.15221136999554,0.0660550247546867,0.0,62.55410844268836,0.076939291000599,100,mac,phase-21,without
27,263.19769031243703,0.067607934834944,0.0,64.02471428869198,0.0787480830040294,100,mac,phase-21,without
28,259.31383057100317,0.0666102827051125,0.0,63.079937721741594,0.0775860419962555,100,mac,phase-21,without
29,261.2983025863787,0.0671200366263495,0.0,63.56267468515301,0.078179791002185,100,mac,phase-21,without
0,1761.0627122628562,0.1002730818552339,0.0,479.40560434987367,0.5189407500001835,100,mac,phase-21,with
1,1773.2261221061888,0.1009656537792014,0.0,482.7167907183622,0.5225250000003143,100,mac,phase-21,with
2,1774.1111385027095,0.1010160456936708,0.0,482.9577144614402,0.5227857920035603,100,mac,phase-21,with
3,1747.8332966738471,0.0995198126712257,0.0,475.8042243811302,0.51504237500194,100,mac,phase-21,with
4,1746.9785407537054,0.0994711437568538,0.0,475.5715383015183,0.5147904999976163,100,mac,phase-21,with
5,1750.5248233346765,0.0996730654039635,0.0,476.5369256963495,0.5158355000021402,100,mac,phase-21,with
6,1746.6482342427255,0.099452336447164,0.0,475.4816205538911,0.514693167002406,100,mac,phase-21,with
7,1772.610473858339,0.1009305994073606,0.0,482.5491957665912,0.5223435839943704,100,mac,phase-21,with
8,1748.7226941545937,0.0995704540400808,0.0,476.04634076562667,0.5153044580001733,100,mac,phase-21,with
9,1772.4744459499425,0.1009228541195305,0.0,482.5121655454757,0.5223035000017262,100,mac,phase-21,with
10,1770.3282934230103,0.1008006544235695,0.0,481.92792879908586,0.5216710829990916,100,mac,phase-21,with
11,1758.21465709453,0.1001109165518446,0.0,478.6302920343692,0.5181014999980107,100,mac,phase-21,with
12,1757.855223569782,0.1000904507802411,0.0,478.532445180333,0.5179955840067123,100,mac,phase-21,with
13,1756.2394557664416,0.0999984506396015,0.0,478.09259250793485,0.5175194580006064,100,mac,phase-21,with
14,1747.016436775467,0.0994733015169754,0.0,475.5818545526595,0.5148016669991193,100,mac,phase-21,with
15,1754.1526907543482,0.0998796324070574,0.0,477.5245225381418,0.5169045410002582,100,mac,phase-21,with
16,1753.2227129170683,0.0998266804348467,0.0,477.2713591590023,0.5166304999947897,100,mac,phase-21,with
17,1756.2227695819904,0.0999975005455885,0.0,478.088050108459,0.5175145410030382,100,mac,phase-21,with
18,1752.1188111496306,0.0997638254146844,0.0,476.97084930760616,0.516305207995174,100,mac,phase-21,with
19,1748.2398194280586,0.0995429596546495,0.0,475.9148901088795,0.5151621670011082,100,mac,phase-21,with
20,1763.74038297599,0.1004255456447003,0.0,480.1345337273122,0.5197297920021811,100,mac,phase-21,with
21,1760.1897159033686,0.1002233743491896,0.0,479.16795276347585,0.5186834999985876,100,mac,phase-21,with
22,1751.7277020054344,0.0997415560662067,0.0,476.8643795525346,0.5161899579979945,100,mac,phase-21,with
23,1748.352370623307,0.099549368202815,0.0,475.9455293776589,0.5151953329987009,100,mac,phase-21,with
24,1759.1921483115996,0.1001665738865547,0.0,478.89638975161847,0.5183895419977489,100,mac,phase-21,with
25,1747.339389421523,0.099491690105234,0.0,475.66977039312377,0.5148968329958734,100,mac,phase-21,with
26,1751.9406486544974,0.0997536810272451,0.0,476.922348991259,0.5162527080028667,100,mac,phase-21,with
27,1754.9035218939098,0.0999223839523559,0.0,477.7289176762137,0.5171257919937489,100,mac,phase-21,with
28,1752.4458666562616,0.099782447615563,0.0,477.0598820500069,0.516401583001425,100,mac,phase-21,with
29,1750.364901254197,0.0996639596067907,0.0,476.4933908800666,0.5157883749998291,100,mac,phase-21,with
0,390.8727972970198,1.8664702076173023,14.049430290064786,79.44375920058373,0.0834474579969537,100,mac,phase-28,without
1,386.2283609945746,1.8442923992621632,13.882491878082469,78.49979103041318,0.0824559169996064,100,mac,phase-28,without
2,389.05675023245453,1.8577983384949643,13.98415476612573,79.07465291666747,0.0830597499953,100,mac,phase-28,without
3,383.2061688149415,1.8298610249020475,13.773862987444502,77.8855392599217,0.0818107090017292,100,mac,phase-28,without
4,386.0560251035696,1.8434694721910336,13.876297481583418,78.46476426180382,0.0824191249994328,100,mac,phase-28,without
5,384.4849121793524,1.8359671965501287,13.819825806759152,78.14544012952457,0.0820837080027558,100,mac,phase-28,without
6,363.3642991549768,1.735113427116142,13.060671978656051,73.85273696143435,0.0775746670042281,100,mac,phase-28,without
7,388.22708634477254,1.8538365817817757,13.954333542866456,78.90602614456611,0.082882624999911,100,mac,phase-28,without
8,375.0914257577759,1.7911120347870877,13.482188770942804,76.2362413352104,0.0800782919977791,100,mac,phase-28,without
9,386.50588680771034,1.8456176223670837,13.892467193817684,78.55619734475168,0.0825151660028495,100,mac,phase-28,without
10,383.82914393431906,1.832835814932067,13.796255043306832,78.01215714101761,0.0819437079990166,100,mac,phase-28,without
11,382.40578027890945,1.826039061932629,13.745094029820152,77.72286261789608,0.0816398340029991,100,mac,phase-28,without
12,399.92533106121743,1.909697274558687,14.374812212132664,81.2836603589434,0.0853800839977338,100,mac,phase-28,without
13,392.779794759326,1.875576377128228,14.1179749114743,79.8313508883124,0.0838545830047223,100,mac,phase-28,without
14,385.4919894836888,1.840776126202716,13.856023931780443,78.35012566255561,0.0822987089995876,100,mac,phase-28,without
15,351.3832590532381,1.677902348318119,12.630028585521842,71.41762540750393,0.0750168340018717,100,mac,phase-28,without
16,363.50267089671735,1.7357741708039116,13.065645576596715,73.88086061549012,0.0776042079960461,100,mac,phase-28,without
17,386.06109796012026,1.8434936957637276,13.876479819021514,78.46579530514339,0.0824202080038958,100,mac,phase-28,without
18,383.1556137558722,1.8296196176916977,13.772045849533868,77.8752640912048,0.0817999159989995,100,mac,phase-28,without
19,396.7255287493226,1.894417787915675,14.25979934903799,80.63330984564719,0.0846969580015866,100,mac,phase-28,without
20,377.543333802351,1.8028202256580403,13.57031951677143,76.73458451391768,0.0806017499999143,100,mac,phase-28,without
21,384.0859896272982,1.8340622876802744,13.805487038175158,78.06436028108223,0.0819985420021112,100,mac,phase-28,without
22,377.9580697399782,1.804800645572044,13.585226677578657,76.81887838698462,0.0806902920012362,100,mac,phase-28,without
23,377.9699719544116,1.804857480247668,13.585654487682444,76.82129747745074,0.0806928330057417,100,mac,phase-28,without
24,393.94456555862206,1.8811383144403728,14.159841130514804,80.06808716554386,0.0841032499956782,100,mac,phase-28,without
25,367.0360156994838,1.7526463677263076,13.192647204339844,74.59900266995066,0.0783585419994779,100,mac,phase-28,without
26,423.4076839939201,2.021828669878938,15.218855805997825,86.05638029430169,0.0903933329973369,100,mac,phase-28,without
27,391.9114873311247,1.871430092308722,14.086764694832924,79.65486992899487,0.0836692079974454,100,mac,phase-28,without
28,397.13519183039904,1.896373984256985,14.27452417240712,80.71657267537456,0.0847844169984455,100,mac,phase-28,without
29,368.653767842532,1.7603713519134625,13.250795267130425,74.92780608780754,0.0787039160059066,100,mac,phase-28,without
0,2670.570409785425,2.9727932568403896,91.95617793350104,548.196437429938,0.53703412500181,100,mac,phase-28,with
1,2670.1093901969684,2.972280064632907,91.94030357229656,548.1018024803964,0.536941416998161,100,mac,phase-28,with
2,2649.982550200963,2.949875512406015,91.24727287251416,543.9703023551407,0.5328940420004074,100,mac,phase-28,with
3,2661.721079762972,2.962942466716336,91.651467537866,546.3799074578484,0.5352545830028248,100,mac,phase-28,with
4,2660.837574935778,2.9619589775025545,91.62104567488238,546.1985476266508,0.5350769159995252,100,mac,phase-28,with
5,2691.5962946236164,2.99619859692693,92.68016558808806,552.5124873344356,0.5412622919975547,100,mac,phase-28,with
6,2666.77366683587,2.9685668444615825,91.82544407643525,547.417067992174,0.5362706249943585,100,mac,phase-28,with
7,2661.481141542177,2.9626753751907864,91.6432057067442,546.3306545801257,0.5352063330064993,100,mac,phase-28,with
8,2644.140116256491,2.9433719024768323,91.0460994103227,542.7710074544918,0.5317191670037573,100,mac,phase-28,with
9,2645.7442612379073,2.9451575851782787,91.10133519096404,543.1002953701787,0.5320417499970063,100,mac,phase-28,with
10,2647.4012424367324,2.9470020834609416,91.15839028952776,543.4404291433817,0.5323749580056756,100,mac,phase-28,with
11,2658.4955937359973,2.959351959206821,91.54040386175706,545.7178017359814,0.5346059590010555,100,mac,phase-28,with
12,2627.9855146860323,2.925389118559347,90.48984543139191,539.4549012786067,0.5284705829981249,100,mac,phase-28,with
13,2672.1331163429904,2.974532811618548,92.00998685826812,548.5172191492541,0.5373483750008745,100,mac,phase-28,with
14,2696.6097208558404,3.0017793820813714,92.85279369516871,553.5416091990951,0.5422704590018839,100,mac,phase-28,with
15,2687.243218261744,2.991352892051421,92.53027541368049,551.618917576943,0.5403869170040707,100,mac,phase-28,with
16,2700.8745297979617,3.006526830498532,92.9996445433984,554.4170600240664,0.5431280839984538,100,mac,phase-28,with
17,2651.924020997127,2.95203669537653,91.31412384687177,544.3688342080854,0.5332844589938759,100,mac,phase-28,with
18,2727.5859912015253,3.0362611719148456,93.91940456496148,559.9002062187241,0.548499583004741,100,mac,phase-28,with
19,2680.5605877262074,2.9839140022467534,92.30017132792486,550.2471528637496,0.5390430840052431,100,mac,phase-28,with
20,2658.2090353616804,2.959032971622843,91.5305367514347,545.6589789918439,0.5345483339988277,100,mac,phase-28,with
21,2647.5437980205056,2.9471607717608688,91.16329892873787,543.4696919790941,0.5324036249949131,100,mac,phase-28,with
22,2662.8472180427134,2.9641960477011393,91.69024403731726,546.6110734255179,0.5354810419958085,100,mac,phase-28,with
23,2676.942866077893,2.9798868706340365,92.17560173994946,549.5045316948966,0.538315584002703,100,mac,phase-28,with
24,2656.7905403646746,2.9574539485248152,91.4816934863912,545.3678000358345,0.5342630839950289,100,mac,phase-28,with
25,2650.6590566633995,2.950628577684643,91.27056712770586,544.1091709770827,0.5330300829955377,100,mac,phase-28,with
26,2635.4122073815015,2.9336562744766064,90.745569928473,540.9794019855063,0.5299640419980278,100,mac,phase-28,with
27,2669.520937354973,2.9716250178180985,91.9200412814969,547.981008903715,0.5368230830063112,100,mac,phase-28,with
28,2660.7279691580866,2.961836967869093,91.61727160161362,546.1760485018825,0.5350548749993322,100,mac,phase-28,with
29,2659.5763501542456,2.960555022560134,91.57761772031516,545.9396520253587,0.5348232920005103,100,mac,phase-28,with
0,229.97339319686975,0.0,0.0,56.76642090692848,0.0792393329975311,100,mac,phase-17,without
1,226.07553485511937,0.0,0.0,55.804277138088366,0.0778962920012418,100,mac,phase-17,without
2,231.8659096318397,0.0,0.0,57.233567923491464,0.0798914159968262,100,mac,phase-17,without
3,237.6686219503525,0.0,0.0,58.66590409636575,0.0818907909997506,100,mac,phase-17,without
4,238.15693061363416,0.0,0.0,58.78643775779073,0.0820590419971267,100,mac,phase-17,without
5,232.81398613818936,0.0,0.0,57.467590256524325,0.0802180840037181,100,mac,phase-17,without
6,232.3516788377947,0.0,0.0,57.35347474760509,0.0800587920020916,100,mac,phase-17,without
7,235.3009818299224,0.0,0.0,58.08147798617912,0.0810750000018742,100,mac,phase-17,without
8,232.87529353460332,0.0,0.0,57.48272331788053,0.080239208000421,100,mac,phase-17,without
9,234.6029875368596,0.0,0.0,57.90918571671333,0.0808344999968539,100,mac,phase-17,without
10,233.90293845796447,0.0,0.0,57.73638624580215,0.080593291997502,100,mac,phase-17,without
11,236.10309480251144,0.0,0.0,58.27947081475786,0.0813513750035781,100,mac,phase-17,without
12,228.53955331278615,0.0,0.0,56.41249318841474,0.0787452909935382,100,mac,phase-17,without
13,214.85514476600093,0.0,0.0,53.03464636609046,0.0740302089980105,100,mac,phase-17,without
14,236.0381566565893,0.0,0.0,58.26344154253167,0.0813290000005508,100,mac,phase-17,without
15,233.2262264846764,0.0,0.0,57.56934728457961,0.0803601250008796,100,mac,phase-17,without
16,223.59820949155468,0.0,0.0,55.1927764233464,0.0770427079987712,100,mac,phase-17,without
17,232.78762196853413,0.0,0.0,57.46108254912954,0.0802089999997406,100,mac,phase-17,without
18,234.0781596831433,0.0,0.0,57.77963769190232,0.0806536659947596,100,mac,phase-17,without
19,234.60528613661103,0.0,0.0,57.90975310096232,0.0808352919993922,100,mac,phase-17,without
20,232.4469688391939,0.0,0.0,57.37699604392746,0.0800916250009322,100,mac,phase-17,without
21,236.41351504810697,0.0,0.0,58.35609466273675,0.0814583329993183,100,mac,phase-17,without
22,216.02874452302436,0.0,0.0,53.32433665094193,0.0744345830025849,100,mac,phase-17,without
23,232.45519093886716,0.0,0.0,57.37902557945026,0.0800944579968927,100,mac,phase-17,without
24,233.9956889809203,0.0,0.0,57.75928069960073,0.0806252499969559,100,mac,phase-17,without
25,232.5895425232549,0.0,0.0,57.41218880099883,0.0801407500039204,100,mac,phase-17,without
26,238.48053296517404,0.0,0.0,58.86631546467945,0.0821705420021317,100,mac,phase-17,without
27,229.88862389489532,0.0,0.0,56.74549653037789,0.0792101249971892,100,mac,phase-17,without
28,233.92301053494205,0.0,0.0,57.74134081882622,0.0806002080062171,100,mac,phase-17,without
29,234.3584718660642,0.0,0.0,57.84882969337619,0.0807502499956172,100,mac,phase-17,without
0,1744.58038605068,1.7610612612503056,0.0,475.5862232504835,0.5153866659966297,100,mac,phase-17,with
1,1756.560303683826,1.7731543519587607,0.0,478.8520422563347,0.5189257919992087,100,mac,phase-17,with
2,1755.239591025989,1.7718211626614624,0.0,478.4920056825191,0.5185356250003679,100,mac,phase-17,with
3,1739.2559338704589,1.755686509506596,0.0,474.13473604845115,0.5138137080066372,100,mac,phase-17,with
4,1747.5298457579584,1.7640385842063802,0.0,476.3902689763381,0.5162579999960144,100,mac,phase-17,with
5,1746.06400151769,1.7625588922832085,0.0,475.99066840093514,0.5158249579981202,100,mac,phase-17,with
6,1754.1136576433803,1.770684592699588,0.0,478.1850674586642,0.5182029999996303,100,mac,phase-17,with
7,1743.828074684906,1.7603018428748287,0.0,475.38113730315894,0.5151644169964129,100,mac,phase-17,with
8,1745.2030860378886,1.7616898438215771,0.0,475.7559761248724,0.5155706250006915,100,mac,phase-17,with
9,1753.719590274181,1.7702868026156404,0.0,478.0776416195785,0.5180865840011393,100,mac,phase-17,with
10,1747.4051663255143,1.763912726939895,0.0,476.35628039039096,0.5162211670030956,100,mac,phase-17,with
11,1763.683879831864,1.7803452238132105,0.0,480.7939846875185,0.521030250005424,100,mac,phase-17,with
12,1746.5747123718454,1.763074427771366,0.0,476.1298921639917,0.5159758329973556,100,mac,phase-17,with
13,1750.7891711511495,1.7673287001182945,0.0,477.27878650553106,0.5172208750009304,100,mac,phase-17,with
14,1746.97555312865,1.7634790552304291,0.0,476.2391644813799,0.5160942500006058,100,mac,phase-17,with
15,1748.189215372549,1.7647041828193106,0.0,476.5700182772225,0.5164527919987449,100,mac,phase-17,with
16,1750.0704220125792,1.7666031610290016,0.0,477.0828498831717,0.5170085410063621,100,mac,phase-17,with
17,1749.63559252701,1.7661642237530764,0.0,476.9643119731657,0.5168800829997053,100,mac,phase-17,with
18,1758.0945518831836,1.7747030940463342,0.0,479.27029028462607,0.519379042001674,100,mac,phase-17,with
19,1748.336743535644,1.7648531046661042,0.0,476.6102356053953,0.5164963749994058,100,mac,phase-17,with
20,1753.3933581542744,1.769957488613754,0.0,477.988708198654,0.517990207998082,100,mac,phase-17,with
21,1757.4467487928955,1.7740491712254969,0.0,479.09369410850064,0.5191876669996418,100,mac,phase-17,with
22,1747.1170153741016,1.763621853855466,0.0,476.27772819308086,0.5161360409983899,100,mac,phase-17,with
23,1744.3720701966756,1.760850977457409,0.0,475.5294347235452,0.5153251250012545,100,mac,phase-17,with
24,1745.079252810943,1.761564840754609,0.0,475.7222182211456,0.5155340419951244,100,mac,phase-17,with
25,1770.162052819831,1.786884595448938,0.0,482.5599851822763,0.522944042000745,100,mac,phase-17,with
26,1747.4794940186407,1.7639877567992526,0.0,476.3765426993906,0.5162431250064401,100,mac,phase-17,with
27,1747.881319765739,1.7643933785537134,0.0,476.48608353281696,0.5163618329970632,100,mac,phase-17,with
28,1747.3330930540744,1.7638399727995189,0.0,476.33663265433046,0.5161998750045313,100,mac,phase-17,with
29,1747.8861163258769,1.764398220426472,0.0,476.48739111253,0.5163632500043605,100,mac,phase-17,with
0,232.53639750766993,0.0,0.0,56.92073680295655,0.0791161250017467,100,mac,phase-10,without
1,228.78073899886232,0.0,0.0,56.00141900241923,0.0778383330034557,100,mac,phase-10,without
2,235.23590932049515,0.0,0.0,57.58152884687401,0.0800345829993602,100,mac,phase-10,without
3,236.26866601830895,0.0,0.0,57.83432915172009,0.0803859589941566,100,mac,phase-10,without
4,236.1306451621364,0.0,0.0,57.80054412317523,0.0803390000000945,100,mac,phase-10,without
5,236.65994415723756,0.0,0.0,57.930107017901115,0.0805190840037539,100,mac,phase-10,without
6,230.7082285871409,0.0,0.0,56.4732338611715,0.0784941249949042,100,mac,phase-10,without
7,217.65362425882617,0.0,0.0,53.27770101124752,0.0740525420042104,100,mac,phase-10,without
8,236.48396084260233,0.0,0.0,57.88702946083294,0.0804592089989455,100,mac,phase-10,without
9,233.11602697824952,0.0,0.0,57.062619694803665,0.0793133330007549,100,mac,phase-10,without
10,234.8972924876633,0.0,0.0,57.4986415233184,0.0799193750062841,100,mac,phase-10,without
11,235.4089534558389,0.0,0.0,57.62388694560078,0.0800934580038301,100,mac,phase-10,without
12,236.8091074367793,0.0,0.0,57.966619511714825,0.0805698339972877,100,mac,phase-10,without
13,235.2139889440503,0.0,0.0,57.576163132123064,0.0800271250045625,100,mac,phase-10,without
14,235.677400358321,0.0,0.0,57.68959792953932,0.0801847920010914,100,mac,phase-10,without
15,235.25183085336997,0.0,0.0,57.58542615237964,0.0800400000007357,100,mac,phase-10,without
16,224.63833749671065,0.0,0.0,54.98743345794819,0.0764289589933469,100,mac,phase-10,without
17,239.76396038372516,0.0,0.0,58.689914482683825,0.0815751670015743,100,mac,phase-10,without
18,236.4523617407738,0.0,0.0,57.87929456781116,0.080448458000319,100,mac,phase-10,without
19,230.33752474602355,0.0,0.0,56.382492213849865,0.0783680000022286,100,mac,phase-10,without
20,235.6896449605586,0.0,0.0,57.69259518841446,0.0801889579961425,100,mac,phase-10,without
21,235.99727993653536,0.0,0.0,57.767898709440146,0.0802936249965569,100,mac,phase-10,without
22,234.47784821362225,0.0,0.0,57.395969092756594,0.0797766670002602,100,mac,phase-10,without
23,236.01075312636675,0.0,0.0,57.77119670450892,0.0802982089953729,100,mac,phase-10,without
24,233.78273255711173,0.0,0.0,57.225817255212355,0.07954016700387,100,mac,phase-10,without
25,249.0360862322947,0.0,0.0,60.95956448452025,0.0847298330045305,100,mac,phase-10,without
26,237.69685978979257,0.0,0.0,58.183925355331866,0.0808718749976833,100,mac,phase-10,without
27,236.12660378259105,0.0,0.0,57.799554865992754,0.0803376249969005,100,mac,phase-10,without
28,234.46707023916116,0.0,0.0,57.39333083803974,0.0797729999976581,100,mac,phase-10,without
29,241.69022142718063,0.0,0.0,59.161428615711976,0.0822305410038097,100,mac,phase-10,without
0,1795.147924035491,2.682538176309839,0.0,479.4457429436733,0.5142721660013194,100,mac,phase-10,with
1,1798.013174284973,2.686819797381843,0.0,480.21099020613514,0.5150930000017979,100,mac,phase-10,with
2,1817.3031298206895,2.7156453005345607,0.0,485.3629261214671,0.5206191670004046,100,mac,phase-10,with
3,1791.725774326122,2.6774243652876284,0.0,478.53175970702466,0.5132917920054751,100,mac,phase-10,with
4,1806.500707659442,2.6995029484441435,0.0,482.4778294398255,0.5175244999991264,100,mac,phase-10,with
5,1803.0298283679308,2.6943163194871764,0.0,481.55083157056606,0.5165301660017576,100,mac,phase-10,with
6,1809.3933002198744,2.7038254278721485,0.0,483.25037925068017,0.5183531669972581,100,mac,phase-10,with
7,1805.3675530191017,2.697809644766114,0.0,482.1751879910992,0.5171998750010971,100,mac,phase-10,with
8,1815.1018340205253,2.712355844583757,0.0,484.7750069387537,0.5199885420006467,100,mac,phase-10,with
9,1794.8638752932004,2.682113714578899,0.0,479.3698795797373,0.5141907920042286,100,mac,phase-10,with
10,1799.7155993091633,2.689363777216903,0.0,480.6656716391247,0.5155807090050075,100,mac,phase-10,with
11,1801.77974018387,2.6924482788468493,0.0,481.2169596650104,0.5161720420001075,100,mac,phase-10,with
12,1799.5033952376434,2.6890466749238837,0.0,480.608996455223,0.5155199169967091,100,mac,phase-10,with
13,1799.9932496663882,2.6897786776676957,0.0,480.73982613080534,0.5156602499992005,100,mac,phase-10,with
14,1801.5781512304152,2.692147039012335,0.0,481.163119552859,0.5161142910001217,100,mac,phase-10,with
15,1798.893256244148,2.688134927696264,0.0,480.4460413365286,0.5153451249934733,100,mac,phase-10,with
16,1799.251048630929,2.688669586552998,0.0,480.5416000558982,0.5154476249954314,100,mac,phase-10,with
17,1798.4931396701047,2.6875370226598743,0.0,480.3391787289753,0.5152305000010529,100,mac,phase-10,with
18,1826.6656523216352,2.729635971553408,0.0,487.8634562985023,0.5233013329998357,100,mac,phase-10,with
19,1792.267552246784,2.6782339587121022,0.0,478.6764570404334,0.5134469999975408,100,mac,phase-10,with
20,1807.306323455378,2.700706801953429,0.0,482.6929922454295,0.5177552919994923,100,mac,phase-10,with
21,1833.0039600605849,2.7391074765225967,0.0,489.5562831804646,0.5251171250056359,100,mac,phase-10,with
22,1804.6374227047208,2.696718591256939,0.0,481.9801857484779,0.5169907080053235,100,mac,phase-10,with
23,1838.0546515121375,2.7466548615899486,0.0,490.9052152004653,0.5265640419966076,100,mac,phase-10,with
24,1810.0543434631631,2.7048132426993123,0.0,483.4269298093573,0.5185425419986132,100,mac,phase-10,with
25,1802.1788375157903,2.693044660802122,0.0,481.32355005471993,0.5162863750010729,100,mac,phase-10,with
26,1826.6611423701695,2.7296292322107503,0.0,487.8622517866054,0.5233000409934903,100,mac,phase-10,with
27,1815.059363185933,2.712292379265023,0.0,484.76366388419433,0.5199763749988051,100,mac,phase-10,with
28,1814.1049581297495,2.7108661859332113,0.0,484.5087626389518,0.5197029580012895,100,mac,phase-10,with
29,1799.3511118139418,2.6888191136782456,0.0,480.5683247990118,0.5154762909951387,100,mac,phase-10,with
0,228.1520204661302,0.0,0.0,57.746086091398226,0.0799198750028153,100,mac,phase-11,without
1,227.8495358539531,0.0,0.0,57.66952616253846,0.0798139170001377,100,mac,phase-11,without
2,229.0306925870703,0.0,0.0,57.968481123615135,0.0802276670001447,100,mac,phase-11,without
3,230.2044726270147,0.0,0.0,58.265569017469915,0.0806388330020126,100,mac,phase-11,without
4,229.10003753664316,0.0,0.0,57.98603257645722,0.0802519579956424,100,mac,phase-11,without
5,230.7167820382236,0.0,0.0,58.39523634763275,0.0808182909968309,100,mac,phase-11,without
6,211.05486597292324,0.0,0.0,53.418735611373734,0.0739308750053169,100,mac,phase-11,without
7,230.54216782071205,0.0,0.0,58.3510408694748,0.0807571249970351,100,mac,phase-11,without
8,228.80932881388665,0.0,0.0,57.91245316700242,0.0801501249952707,100,mac,phase-11,without
9,230.55620182047025,0.0,0.0,58.35459292462026,0.0807620409977971,100,mac,phase-11,without
10,230.03128580010983,0.0,0.0,58.22173481694031,0.0805781670060241,100,mac,phase-11,without
11,230.794814047148,0.0,0.0,58.41498652602709,0.0808456250015297,100,mac,phase-11,without
12,230.31081241713733,0.0,0.0,58.29248399574981,0.0806760830018902,100,mac,phase-11,without
13,232.7656686097756,0.0,0.0,58.91381681039013,0.0815359999978682,100,mac,phase-11,without
14,229.0882616679938,0.0,0.0,57.98305206230952,0.0802478330006124,100,mac,phase-11,without
15,211.45488911631423,0.0,0.0,53.51998288864797,0.074070999995456,100,mac,phase-11,without
16,231.4391589588723,0.0,0.0,58.578072509964315,0.0810713340033544,100,mac,phase-11,without
17,231.1610539996254,0.0,0.0,58.50768315778455,0.0809739160031313,100,mac,phase-11,without
18,223.1157480108247,0.0,0.0,56.47138765923167,0.0781557080044876,100,mac,phase-11,without
19,229.29047568345513,0.0,0.0,58.03423314728023,0.0803186669945716,100,mac,phase-11,without
20,226.68384051120097,0.0,0.0,57.37448453423561,0.0794055830047,100,mac,phase-11,without
21,229.939339682268,0.0,0.0,58.19846292819781,0.0805459589973907,100,mac,phase-11,without
22,229.9903656561629,0.0,0.0,58.211377783281776,0.0805638329984503,100,mac,phase-11,without
23,229.92208836236088,0.0,0.0,58.1940965579044,0.0805399159944499,100,mac,phase-11,without
24,234.3581505243959,0.0,0.0,59.31687963469814,0.0820938340038992,100,mac,phase-11,without
25,232.28523543551043,0.0,0.0,58.79221746892648,0.0813677080004708,100,mac,phase-11,without
26,224.9047315536089,0.0,0.0,56.92418574301216,0.0787823749997187,100,mac,phase-11,without
27,229.36006045625183,0.0,0.0,58.051845300231406,0.080343041998276,100,mac,phase-11,without
28,227.33044351249188,0.0,0.0,57.53814204865611,0.0796320829977048,100,mac,phase-11,without
29,226.7574704574646,0.0,0.0,57.393120534947585,0.0794313750011497,100,mac,phase-11,without
0,1786.816641048511,1.798138252266485,0.0,480.80218934214406,0.5190258329967037,100,mac,phase-11,with
1,1782.8336566198657,1.7941300308884225,0.0,479.7304354814431,0.5178688749947469,100,mac,phase-11,with
2,1795.0281902994725,1.80640183146052,0.0,483.0117786010824,0.5214110840024659,100,mac,phase-11,with
3,1776.5294719352323,1.7877859016865922,0.0,478.03408582319827,0.5160376659987378,100,mac,phase-11,with
4,1778.8308770630008,1.7901018889564302,0.0,478.65335508596104,0.5167061669999384,100,mac,phase-11,with
5,1796.9891979642368,1.8083752644440696,0.0,483.5394526538505,0.5219807079993188,100,mac,phase-11,with
6,1788.533080478114,1.7998655673838642,0.0,481.26405421214105,0.5195244159986032,100,mac,phase-11,with
7,1802.5324156663664,1.813953605031379,0.0,485.0310389453348,0.5235908749964437,100,mac,phase-11,with
8,1783.1182489759854,1.7944164264760196,0.0,479.8070144793935,0.5179515420022653,100,mac,phase-11,with
9,1780.8469669108044,1.7921307531342423,0.0,479.1958508241727,0.5172917910022079,100,mac,phase-11,with
10,1803.0189770789996,1.8144432493899736,0.0,485.1619644063301,0.5237322089960799,100,mac,phase-11,with
11,1785.9333193618431,1.7972493336850452,0.0,480.5645023903401,0.5187692499966943,100,mac,phase-11,with
12,1800.0309108242288,1.8114362501771968,0.0,484.35792622793593,0.5228642500005662,100,mac,phase-11,with
13,1791.4015151729552,1.8027521770283184,0.0,482.03590155762765,0.5203576249987236,100,mac,phase-11,with
14,1809.3940181194137,1.820858683906976,0.0,486.8773803135709,0.5255840000027092,100,mac,phase-11,with
15,1782.4750476429078,1.7937691496965529,0.0,479.63393986052824,0.5177647079981398,100,mac,phase-11,with
16,1782.9656266294744,1.794262837085196,0.0,479.765946382836,0.5179072090031696,100,mac,phase-11,with
17,1797.0181746335738,1.8084044247151136,0.0,483.5472497863245,0.5219891250017099,100,mac,phase-11,with
18,1785.9033374724231,1.7972191618246525,0.0,480.556434770114,0.5187605410028482,100,mac,phase-11,with
19,1783.703211242511,1.795005095175095,0.0,479.9644179487629,0.5181214590047603,100,mac,phase-11,with
20,1817.2879807960328,1.8288026642375284,0.0,489.0015123875124,0.5278770000004442,100,mac,phase-11,with
21,1799.0441654896515,1.8104432526358776,0.0,484.0924097186932,0.5225776250008494,100,mac,phase-11,with
22,1782.62408620486,1.7939191325952746,0.0,479.67404362116986,0.5178079999968759,100,mac,phase-11,with
23,1773.5421286293551,1.784779630003451,0.0,477.230242178145,0.5151699170019128,100,mac,phase-11,with
24,1780.2793658629266,1.7915595556578092,0.0,479.0431189656131,0.5171269170023152,100,mac,phase-11,with
25,1779.0384404444324,1.7903107674990562,0.0,478.7092068873866,0.5167664590044296,100,mac,phase-11,with
26,1782.7894773086882,1.7940855716486983,0.0,479.71854757473255,0.517856042002677,100,mac,phase-11,with
27,1783.1825092184056,1.7944810938835989,0.0,479.8243058256533,0.5179702080058632,100,mac,phase-11,with
28,1780.5486074656133,1.79183050322667,0.0,479.11556733499793,0.5172051249974174,100,mac,phase-11,with
29,1787.7603534401137,1.7990879441998906,0.0,481.0561264130041,0.5192999579958268,100,mac,phase-11,with
0,390.52920735789286,1.414594800261449,14.651160431279292,79.41939378610707,0.0829697910012328,100,mac,phase-29,without
1,384.12549595459296,1.3913989504176718,14.410917700754458,78.11711250202072,0.0816092919994844,100,mac,phase-29,without
2,393.30254594300726,1.4246405286421997,14.755205475222782,79.9833896794835,0.083558999998786,100,mac,phase-29,without
3,360.8727014356981,1.3071714929106786,13.5385618908606,73.38834238769952,0.0766691250028088,100,mac,phase-29,without
4,405.9071867253503,1.4702977009456415,15.228083331222717,82.54671378166245,0.0862369159949594,100,mac,phase-29,without
5,376.1649778695818,1.362563956060581,14.11226954491316,76.49823353311547,0.0799180419999174,100,mac,phase-29,without
6,399.0524005201552,1.445467944963046,14.970918001402978,81.15270033863959,0.0847805840021465,100,mac,phase-29,without
7,389.3215008612753,1.410220184232304,14.60585190812029,79.17379034332791,0.0827132080012233,100,mac,phase-29,without
8,387.25106011430057,1.4027205282277382,14.528176899501574,78.75273822764302,0.0822733329987386,100,mac,phase-29,without
9,381.1097575229882,1.380475188957784,14.297778742777048,77.50382132291558,0.0809685839994927,100,mac,phase-29,without
10,388.80943418261313,1.4083653502086892,14.586641127161425,79.06965466171641,0.0826044169953093,100,mac,phase-29,without
11,387.03474113975176,1.4019369666122965,14.520061439913068,78.70874683980463,0.0822273750018212,100,mac,phase-29,without
12,371.1670527931054,1.3444602171030986,13.924766534282094,75.48183790307397,0.0788562090019695,100,mac,phase-29,without
13,424.3344458168445,1.537045858068777,15.919403529998048,86.29414603157562,0.0901518749960814,100,mac,phase-29,without
14,389.76179221321985,1.4118150300090757,14.622369953665428,79.2633295419381,0.082806749996962,100,mac,phase-29,without
15,390.39525883526056,1.4141096050953812,14.646135195630734,79.39215354321212,0.0829413329993258,100,mac,phase-29,without
16,393.57240572328834,1.4256180284931532,14.765329580821945,80.03826931397275,0.0836163329950068,100,mac,phase-29,without
17,385.66542844400936,1.3969769723715733,14.468690070991295,78.43027859171833,0.0819364579947432,100,mac,phase-29,without
18,388.7449122184754,1.4081316354614892,14.584220510136852,79.05653324805218,0.0825907089965767,100,mac,phase-29,without
19,377.0794878306152,1.3658765406542337,14.146578456775991,76.68421149673054,0.0801123339988407,100,mac,phase-29,without
20,380.5151179921033,1.3783212553400894,14.275470144593784,77.38289333552217,0.0808422499976586,100,mac,phase-29,without
21,367.5496145188862,1.3313569478045033,13.789054102260929,74.74618292673854,0.0780876670032739,100,mac,phase-29,without
22,381.5729902475733,1.3821531341438618,14.315157460775712,77.5980259597911,0.081066999999166,100,mac,phase-29,without
23,381.3190114597089,1.3812331592330984,14.305629149199946,77.5463759398011,0.0810130409954581,100,mac,phase-29,without
24,384.3653493586524,1.392267759643243,14.4199160820193,78.16588993425634,0.0816602499980945,100,mac,phase-29,without
25,379.5121562547591,1.374688276213875,14.237842860786564,77.17892750743613,0.0806291659973794,100,mac,phase-29,without
26,389.6756938969837,1.411503160299553,14.619139874531085,79.24582028538919,0.0827884579994133,100,mac,phase-29,without
27,378.29601973401833,1.3702831245216704,14.192218075403016,76.93160970528807,0.0803707919985754,100,mac,phase-29,without
28,397.43538803515025,1.4396107199203374,14.910253884889208,80.82385898981322,0.0844370419945335,100,mac,phase-29,without
29,390.5568650001384,1.4146949831829077,14.652198040108686,79.42501834155468,0.0829756669991184,100,mac,phase-29,without
0,2672.382616871309,3.0753543154939074,90.65609677847256,547.1456460435247,0.5367295840042061,100,mac,phase-29,with
1,2639.0257262456407,3.03696750033897,89.52452022738355,540.3161309298724,0.5300300829985645,100,mac,phase-29,with
2,2668.042158872389,3.070359354759644,90.50885402291472,546.2569773772376,0.5358578330051387,100,mac,phase-29,with
3,2696.1434939659584,3.102698123020429,91.46214466990656,552.010466060852,0.5415017919949605,100,mac,phase-29,with
4,2673.3815259950325,3.0765038512920504,90.68998309460912,547.3501634559595,0.5369302079998306,100,mac,phase-29,with
5,2660.8570324091256,3.062090774678085,90.26511066224964,544.7858891296837,0.5344147499999963,100,mac,phase-29,with
6,2698.0353091124884,3.104875207184301,91.52632132482418,552.3977977303548,0.5418817499958095,100,mac,phase-29,with
7,2691.981040632199,3.0979080084828614,91.32094042397304,551.1582422048639,0.5406657920029829,100,mac,phase-29,with
8,2674.183151781152,3.0774263551675025,90.7171769045029,547.5142889280618,0.5370912090002093,100,mac,phase-29,with
9,2663.405459659043,3.065023482251948,90.35156178116613,545.3076560597814,0.5349265840050066,100,mac,phase-29,with
10,2663.5876068177236,3.065233095593603,90.35774081793316,545.3449490073488,0.5349631670032977,100,mac,phase-29,with
11,2679.6627577856493,3.0837322373666862,90.90306334498318,548.6361876219339,0.5381917500053532,100,mac,phase-29,with
12,2663.5795158991223,3.065223784635928,90.35746634709388,545.3432924665311,0.5349615419982001,100,mac,phase-29,with
13,2637.8766152873854,3.0356451135960905,89.4855385660065,540.0808610797914,0.5297992920022807,100,mac,phase-29,with
14,2727.5071171168297,3.138791103568057,92.52610296604968,558.4318780782821,0.5478009590005968,100,mac,phase-29,with
15,2656.6049568069725,3.0571975236255113,90.1208661312216,543.915315942417,0.5335607499946491,100,mac,phase-29,with
16,2651.6997993211658,3.0515527117086405,89.95446689297644,542.9110302744242,0.5325755830053822,100,mac,phase-29,with
17,2683.2200521488594,3.087825940305148,91.02373858812568,549.3645107708115,0.5389062079993892,100,mac,phase-29,with
18,2637.856490096892,3.0356219537045974,89.48485585268335,540.0767406330092,0.5297952499968233,100,mac,phase-29,with
19,2637.416674102907,3.035115817342766,89.46993583297372,539.9866923724609,0.5297069159933017,100,mac,phase-29,with
20,2653.346607248535,3.0534478437283785,90.01033208903654,543.2481989798489,0.5329063329991186,100,mac,phase-29,with
21,2641.957124101567,3.0403409271041864,89.62396298159297,540.916307552623,0.5306188340036897,100,mac,phase-29,with
22,2660.7288228722828,3.0619432322753144,90.26076136881144,544.7596394117646,0.5343890000003739,100,mac,phase-29,with
23,2642.324112046829,3.0407632535906974,89.63641243193447,540.9914449431797,0.5306925409968244,100,mac,phase-29,with
24,2660.4190835585628,3.0615867870084155,90.25025398224808,544.6962231494972,0.5343267909993301,100,mac,phase-29,with
25,2642.5658032207225,3.041041389659221,89.64461139951966,541.0409289776319,0.5307410829991568,100,mac,phase-29,with
26,2652.9553415843593,3.05299757865734,89.99705905781202,543.1680909506885,0.5328277499938849,100,mac,phase-29,with
27,2692.647814864721,3.0986753263813163,91.3435596211536,551.2947580674934,0.5407997090005665,100,mac,phase-29,with
28,2646.477234771496,3.0455426305457207,89.77730015260863,541.8417584431778,0.5315266670004348,100,mac,phase-29,with
29,2675.12895480308,3.0785147769326833,90.749261685233,547.707933356893,0.5372811670022202,100,mac,phase-29,with
0,242.1989277900244,0.0,0.0,58.23108794513989,0.0794612079989747,100,mac,phase-16,without
1,242.4689300777569,0.0,0.0,58.29600370304932,0.0795497910003177,100,mac,phase-16,without
2,245.1891581817424,0.0,0.0,58.950019158028326,0.0804422499932115,100,mac,phase-16,without
3,244.62667452650356,0.0,0.0,58.81478307133387,0.0802577089998521,100,mac,phase-16,without
4,230.49772748177529,0.0,0.0,55.41780701763689,0.0756222499985597,100,mac,phase-16,without
5,248.5687694470221,0.0,0.0,59.76256792777146,0.0815510410029674,100,mac,phase-16,without
6,245.56152502051543,0.0,0.0,59.03954608671583,0.0805644170031882,100,mac,phase-16,without
7,248.22625184539208,0.0,0.0,59.68021755254367,0.0814386670026579,100,mac,phase-16,without
8,245.84270436380183,0.0,0.0,59.107149107161334,0.0806566669998574,100,mac,phase-16,without
9,247.49612431036985,0.0,0.0,59.50467540175467,0.0811991250011487,100,mac,phase-16,without
10,245.79812410417784,0.0,0.0,59.09643082264013,0.0806420410008286,100,mac,phase-16,without
11,243.7852944737544,0.0,0.0,58.61249284530364,0.0799816670041764,100,mac,phase-16,without
12,241.62857108664963,0.0,0.0,58.0939589674959,0.0792740839970065,100,mac,phase-16,without
13,248.07080308887888,0.0,0.0,59.642843521642384,0.0813876669999444,100,mac,phase-16,without
14,245.79787110638867,0.0,0.0,59.09636999521763,0.0806419579967041,100,mac,phase-16,without
15,246.7866989049236,0.0,0.0,59.33411059557655,0.0809663750042091,100,mac,phase-16,without
16,243.67810491245837,0.0,0.0,58.58672161325243,0.0799464999945485,100,mac,phase-16,without
17,244.35603522014415,0.0,0.0,58.749714157140794,0.0801689170039026,100,mac,phase-16,without
18,240.2579794931515,0.0,0.0,57.764432159321714,0.0788244170034886,100,mac,phase-16,without
19,243.21099669998037,0.0,0.0,58.47441632912548,0.0797932500063325,100,mac,phase-16,without
20,261.55407699968373,0.0,0.0,62.884582517155906,0.0858112920031999,100,mac,phase-16,without
21,239.347894129501,0.0,0.0,57.54562334240464,0.0785258340038126,100,mac,phase-16,without
22,245.55783996400805,0.0,0.0,59.03866010075577,0.0805632080009672,100,mac,phase-16,without
23,224.7037046013891,0.0,0.0,54.02476924087008,0.0737213330066879,100,mac,phase-16,without
24,245.09403272066805,0.0,0.0,58.92714845773173,0.0804110410026623,100,mac,phase-16,without
25,245.82682726665857,0.0,0.0,59.10333182915559,0.0806514580035582,100,mac,phase-16,without
26,246.27298345658295,0.0,0.0,59.210599687728774,0.0807978340017143,100,mac,phase-16,without
27,229.8491343612716,0.0,0.0,55.26186791672805,0.0754094580042874,100,mac,phase-16,without
28,244.80002731204428,0.0,0.0,58.85646170877651,0.0803145829995628,100,mac,phase-16,without
29,244.9462070527816,0.0,0.0,58.89160722084109,0.0803625420012394,100,mac,phase-16,without
0,1750.3108252154525,2.609757505147961,0.0,479.15816963107625,0.5184650419978425,100,mac,phase-16,with
1,1745.3642145878596,2.602381984169385,0.0,477.8040050678175,0.5169997909979429,100,mac,phase-16,with
2,1742.12288288301,2.597549076995676,0.0,476.9166709186548,0.5160396659994149,100,mac,phase-16,with
3,1752.016519404531,2.612300738125388,0.0,479.625113726842,0.5189702910065535,100,mac,phase-16,with
4,1747.889285014327,2.6061469277448723,0.0,478.4952583619784,0.5177477500037639,100,mac,phase-16,with
5,1742.483268674349,2.5980864212834134,0.0,477.01532870768926,0.5161464170014369,100,mac,phase-16,with
6,1745.190778674311,2.602123386855969,0.0,477.7565259380042,0.5169484170037322,100,mac,phase-16,with
7,1754.793097903389,2.6164406865686223,0.0,480.3852188762723,0.5197927500048536,100,mac,phase-16,with
8,1750.881920770668,2.610609022998339,0.0,479.31451049178474,0.5186342079978203,100,mac,phase-16,with
9,1735.1488806738737,2.587150664128651,0.0,475.007495653672,0.5139738750003744,100,mac,phase-16,with
10,1734.904688250203,2.58678656707732,0.0,474.9406465014654,0.5139015419990756,100,mac,phase-16,with
11,1734.3902782445691,2.5860195688084495,0.0,474.7998236526385,0.5137491670029704,100,mac,phase-16,with
12,1740.4614946593651,2.59507190532813,0.0,476.4618558487712,0.5155475409992505,100,mac,phase-16,with
13,1741.1728371957006,2.59613253495813,0.0,476.65659016840226,0.5157582499959972,100,mac,phase-16,with
14,1752.914383042534,2.613639475413714,0.0,479.8709093256385,0.5192362500019954,100,mac,phase-16,with
15,1737.9855206465136,2.5913801657413655,0.0,475.7840429946423,0.5148141249956097,100,mac,phase-16,with
16,1742.750390525125,2.5984847066878167,0.0,477.0884549291823,0.5162255420000292,100,mac,phase-16,with
17,1746.9815770882103,2.6047935123751347,0.0,478.2467678297988,0.5174788750009611,100,mac,phase-16,with
18,1754.2353643395768,2.61560909178382,0.0,480.2325359414883,0.5196275420021266,100,mac,phase-16,with
19,1735.6599147553063,2.587912628809548,0.0,475.1473943228402,0.514125250003417,100,mac,phase-16,with
20,1744.2616874795365,2.6007380884943294,0.0,477.50218160676013,0.5166732079960639,100,mac,phase-16,with
21,1739.7664748214256,2.594035613252369,0.0,476.27158996650235,0.5153416670000297,100,mac,phase-16,with
22,1745.2933230781057,2.6022762831436204,0.0,477.7845980884589,0.5169787920021918,100,mac,phase-16,with
23,1750.6001709384905,2.6101889269054013,0.0,479.2373797719519,0.5185507499991218,100,mac,phase-16,with
24,1739.8233021500969,2.594120344230068,0.0,476.2871467912667,0.5153585000007297,100,mac,phase-16,with
25,1749.8213094268729,2.60902762478344,0.0,479.02416172466206,0.5183200409956044,100,mac,phase-16,with
26,1744.01214756226,2.600366018195406,0.0,477.4338685458514,0.5165992909969646,100,mac,phase-16,with
27,1744.947146636668,2.601760125354311,0.0,477.6898301948601,0.5168762499961304,100,mac,phase-16,with
28,1726.6596383960764,2.5744929901724993,0.0,472.6835142597483,0.5114592500030994,100,mac,phase-16,with
29,1740.1566769615938,2.5946174144668497,0.0,476.37841016127896,0.5154572499959613,100,mac,phase-16,with
0,224.52516714856455,0.0,0.0,57.735973906146626,0.0753427089948672,100,mac,phase-20,without
1,226.79521855584545,0.0,0.0,58.3197108229514,0.0761044579994632,100,mac,phase-20,without
2,231.69330601434635,0.0,0.0,59.57923933499082,0.0777480830001877,100,mac,phase-20,without
3,234.760649370358,0.0,0.0,60.36799748719698,0.078777374998026,100,mac,phase-20,without
4,228.2324736502117,0.0,0.0,58.6892966634995,0.0765867500012973,100,mac,phase-20,without
5,223.36952695819903,0.0,0.0,57.43880449425753,0.0749549169995589,100,mac,phase-20,without
6,227.94378113460672,0.0,0.0,58.615060248225674,0.076489874998515,100,mac,phase-20,without
7,228.01604737457023,0.0,0.0,58.63364329527478,0.0765141249939915,100,mac,phase-20,without
8,210.18081054030137,0.0,0.0,54.047365589524595,0.070529249998799,100,mac,phase-20,without
9,226.91454579476897,0.0,0.0,58.35039546485715,0.076144500002556,100,mac,phase-20,without
10,223.1887361622084,0.0,0.0,57.392314682837515,0.0748942499994882,100,mac,phase-20,without
11,228.57679477020545,0.0,0.0,58.777837807691775,0.0767022919972078,100,mac,phase-20,without
12,233.5521132500369,0.0,0.0,60.05722604543105,0.0783718329985276,100,mac,phase-20,without
13,231.26827613662832,0.0,0.0,59.46994417560664,0.0776054579982883,100,mac,phase-20,without
14,232.72316419059683,0.0,0.0,59.844064278876445,0.0780936669980292,100,mac,phase-20,without
15,226.37205419514888,0.0,0.0,58.21089537567897,0.075962458999129,100,mac,phase-20,without
16,235.85594353154897,0.0,0.0,60.649649098520506,0.079144916999212,100,mac,phase-20,without
17,235.0194191984909,0.0,0.0,60.43453937305556,0.0788642090046778,100,mac,phase-20,without
18,235.69725578504784,0.0,0.0,60.60884302004133,0.0790916670011938,100,mac,phase-20,without
19,228.5368114262151,0.0,0.0,58.76755621060125,0.0766888750004,100,mac,phase-20,without
20,224.62400355737097,0.0,0.0,57.76138939249184,0.0753758749997359,100,mac,phase-20,without
21,231.10611067541615,0.0,0.0,59.42824381321107,0.0775510410021524,100,mac,phase-20,without
22,232.56050106737092,0.0,0.0,59.802235944185355,0.0780390830041142,100,mac,phase-20,without
23,232.27069102387352,0.0,0.0,59.727712159962834,0.0779418329984764,100,mac,phase-20,without
24,231.9585306176708,0.0,0.0,59.64744104694712,0.0778370830012136,100,mac,phase-20,without
25,230.3707829163002,0.0,0.0,59.23915648348338,0.0773042910004733,100,mac,phase-20,without
26,230.7023166464104,0.0,0.0,59.32440938868658,0.0774155420003808,100,mac,phase-20,without
27,239.12095968349055,0.0,0.0,61.489238217841425,0.0802405409995117,100,mac,phase-20,without
28,235.103850013608,0.0,0.0,60.45625050415228,0.0788925410015508,100,mac,phase-20,without
29,229.96015861058865,0.0,0.0,59.13356567377203,0.0771664999992935,100,mac,phase-20,without
0,1845.824206071892,0.1677320580549854,0.0,486.1545970665696,0.5214718330025789,100,mac,phase-20,with
1,1830.4651068256328,0.166336359960892,0.0,482.1093057106495,0.5171326670024428,100,mac,phase-20,with
2,1849.9641160769513,0.1681082561907703,0.0,487.24496974332874,0.5226414170028875,100,mac,phase-20,with
3,1828.7591474660028,0.1661813375739239,0.0,481.659988824261,0.5166507089961669,100,mac,phase-20,with
4,1822.3392648347449,0.1655979558398074,0.0,479.9691152060978,0.5148370000024443,100,mac,phase-20,with
5,1836.1359089329785,0.1668516719310995,0.0,483.602885925099,0.5187347499959287,100,mac,phase-20,with
6,1826.5178135686551,0.1659776651190098,0.0,481.069664580938,0.5160174999982701,100,mac,phase-20,with
7,1845.3007813203665,0.1676844938771392,0.0,486.0167370535003,0.5213239579970832,100,mac,phase-20,with
8,1825.8569338770212,0.1659176102608928,0.0,480.8956015801718,0.5158307919991785,100,mac,phase-20,with
9,1807.0185105123555,0.1642057421907525,0.0,475.9339231656772,0.5105086669937009,100,mac,phase-20,with
10,1823.162968089531,0.1656728066526299,0.0,480.1860628019826,0.5150697079952806,100,mac,phase-20,with
11,1854.833631466652,0.1685507543633255,0.0,488.52750644666264,0.5240171249970444,100,mac,phase-20,with
12,1857.7274384163825,0.1688137177558822,0.0,489.2896795436492,0.5248346669977764,100,mac,phase-20,with
13,1862.589432110114,0.1692555324237241,0.0,490.5702351769219,0.5262082500048564,100,mac,phase-20,with
14,1827.1143921034115,0.1660318768608956,0.0,481.22679189361975,0.516186041997571,100,mac,phase-20,with
15,1830.059520329347,0.1662995038737752,0.0,482.00248202775015,0.5170180829954916,100,mac,phase-20,with
16,1826.6731154100848,0.1659917775666616,0.0,481.11056809921206,0.5160613749976619,100,mac,phase-20,with
17,1843.7639886261209,0.1675448438494921,0.0,485.6119754133678,0.5208897920019808,100,mac,phase-20,with
18,1825.188089979146,0.1658568316866715,0.0,480.71944096064885,0.5156418339975062,100,mac,phase-20,with
19,1824.456265218254,0.1657903299727617,0.0,480.52669239305266,0.5154350829980103,100,mac,phase-20,with
20,1823.8436131713245,0.1657346576133003,0.0,480.36533162638955,0.5152620000008028,100,mac,phase-20,with
21,1827.3999209682072,0.1660578231801435,0.0,481.301994705328,0.5162667080003303,100,mac,phase-20,with
22,1828.929195469068,0.1661967900213609,0.0,481.7047761979124,0.5166987499978859,100,mac,phase-20,with
23,1827.510683488826,0.1660678882911533,0.0,481.3311674230788,0.5162980000022799,100,mac,phase-20,with
24,1835.150709439822,0.1667621457790216,0.0,483.3434033259165,0.5184564169976511,100,mac,phase-20,with
25,1813.572750949637,0.1648013331651888,0.0,477.6601840459834,0.5123603339961846,100,mac,phase-20,with
26,1842.1702642888456,0.1674000203813719,0.0,485.1922190733685,0.5204395420005312,100,mac,phase-20,with
27,1831.9371559299911,0.166470126667938,0.0,482.4970151343517,0.5175485420040786,100,mac,phase-20,with
28,1845.660352440013,0.1677171684968116,0.0,486.1114411711588,0.5214255419996334,100,mac,phase-20,with
29,1853.0747226186224,0.1683909203986171,0.0,488.06424368335195,0.5235202080002637,100,mac,phase-20,with
0,245.20605579923495,0.0,0.0,58.064741436243395,0.0789422499947249,100,mac,phase-18,without
1,250.55095440543516,0.0,0.0,59.3304122801399,0.0806630000006407,100,mac,phase-18,without
2,249.81311766159192,0.0,0.0,59.155692697404575,0.0804254589966149,100,mac,phase-18,without
3,249.81764644337736,0.0,0.0,59.156765111960304,0.0804269170039333,100,mac,phase-18,without
4,249.02622560509047,0.0,0.0,58.969356827150214,0.0801721250027185,100,mac,phase-18,without
5,248.4707444057284,0.0,0.0,58.83781899824741,0.0799932919981074,100,mac,phase-18,without
6,250.77834905281665,0.0,0.0,59.38425928388194,0.0807362080013263,100,mac,phase-18,without
7,246.38859307336747,0.0,0.0,58.34476600919865,0.079322958998091,100,mac,phase-18,without
8,246.47595340441205,0.0,0.0,58.36545291685823,0.0793510840012459,100,mac,phase-18,without
9,251.11329706391197,0.0,0.0,59.46357490108985,0.0808440420005354,100,mac,phase-18,without
10,250.43486224262665,0.0,0.0,59.302921680879294,0.0806256249998114,100,mac,phase-18,without
11,251.25358918047456,0.0,0.0,59.49679604421048,0.0808892079949146,100,mac,phase-18,without
12,249.02648340531616,0.0,0.0,58.96941787418838,0.080172207999567,100,mac,phase-18,without
13,253.20619256589657,0.0,0.0,59.95917210720173,0.0815178340053535,100,mac,phase-18,without
14,249.5875338986397,0.0,0.0,59.10227451070708,0.0803528339965851,100,mac,phase-18,without
15,246.30614979515929,0.0,0.0,58.32524345859641,0.0792964170032064,100,mac,phase-18,without
16,248.74706084391897,0.0,0.0,58.90325067156323,0.0800822500023059,100,mac,phase-18,without
17,249.45383612969297,0.0,0.0,59.07061490768795,0.0803097910029464,100,mac,phase-18,without
18,248.40447792783144,0.0,0.0,58.82212711049024,0.0799719580027158,100,mac,phase-18,without
19,228.9579399496601,0.0,0.0,54.21719108698062,0.0737112909991992,100,mac,phase-18,without
20,240.07082197850164,0.0,0.0,56.84871916858917,0.0772889999934705,100,mac,phase-18,without
21,248.96720883475896,0.0,0.0,58.955381668590064,0.0801531249962863,100,mac,phase-18,without
22,250.81174011459103,0.0,0.0,59.39216628015041,0.0807469580031465,100,mac,phase-18,without
23,237.7471648094788,0.0,0.0,56.298477649202496,0.0765409160012495,100,mac,phase-18,without
24,249.37748086472203,0.0,0.0,59.05253399731491,0.0802852089982479,100,mac,phase-18,without
25,250.11596367984183,0.0,0.0,59.227406569589995,0.0805229580000741,100,mac,phase-18,without
26,248.8819172109695,0.0,0.0,58.93518463036493,0.0801256659979117,100,mac,phase-18,without
27,249.33903922826215,0.0,0.0,59.04343102604385,0.0802728330017998,100,mac,phase-18,without
28,262.4534401956857,0.0,0.0,62.148918363143466,0.0844949160018586,100,mac,phase-18,without
29,261.2161602290057,0.0,0.0,61.85593073233089,0.0840965829993365,100,mac,phase-18,without
0,1802.9941659864749,1.681615182139636,0.0,483.56526177607367,0.5219859589997213,100,mac,phase-18,with
1,1779.2162506886075,1.6594380147816672,0.0,477.1879955306162,0.5151019999975688,100,mac,phase-18,with
2,1779.6212444850328,1.6598157440775176,0.0,477.29661536693095,0.5152192500027013,100,mac,phase-18,with
3,1781.9483024576202,1.6619861426790468,0.0,477.9207351887867,0.5158929579993128,100,mac,phase-18,with
4,1775.7893470337342,1.6562418129733198,0.0,476.26889573860785,0.5141098749954836,100,mac,phase-18,with
5,1786.3511357741895,1.6660925737974868,0.0,479.10158052120534,0.5171676250029122,100,mac,phase-18,with
6,1775.1444346092962,1.6556403165599958,0.0,476.0959294299924,0.5139231659995858,100,mac,phase-18,with
7,1786.472892937759,1.6662061341731416,0.0,479.1342359428286,0.5172028749948367,100,mac,phase-18,with
8,1778.655245374635,1.6589147767862065,0.0,477.0375332126415,0.5149395830012509,100,mac,phase-18,with
9,1777.1881143809255,1.6575464142037022,0.0,476.64404686841664,0.51451483299752,100,mac,phase-18,with
10,1794.148200345462,1.6733647338557538,0.0,481.19276286756053,0.519424958001764,100,mac,phase-18,with
11,1783.2366835279809,1.6631877889234838,0.0,478.266280582837,0.5162659580018953,100,mac,phase-18,with
12,1784.8673111039714,1.6647086413698924,0.0,478.70361691232625,0.5167380420025438,100,mac,phase-18,with
13,1792.50001900328,1.6718275093764852,0.0,480.7507185963021,0.5189477919993806,100,mac,phase-18,with
14,1776.8688998470486,1.6572486894430491,0.0,476.55843313624325,0.5144224169998779,100,mac,phase-18,with
15,1790.0668889243043,1.66955817952611,0.0,480.09815010452814,0.5182433750014752,100,mac,phase-18,with
16,1797.152552994646,1.6761668311241078,0.0,481.9985339580484,0.5202947500001756,100,mac,phase-18,with
17,1791.2587001162692,1.6706697570522386,0.0,480.4177953379417,0.5185884169986821,100,mac,phase-18,with
18,1792.1862688524077,1.6715348811322794,0.0,480.6665704183983,0.5188569579986506,100,mac,phase-18,with
19,1790.008024062706,1.6695032774932437,0.0,480.0823624759571,0.5182263329988928,100,mac,phase-18,with
20,1795.15752082838,1.6743061060907498,0.0,481.463463867456,0.5197171670006355,100,mac,phase-18,with
21,1779.65362671206,1.659845946307579,0.0,477.3053003202074,0.5152286250013276,100,mac,phase-18,with
22,1794.294713103223,1.673501383259549,0.0,481.2320577701159,0.5194673750011134,100,mac,phase-18,with
23,1779.0303024305967,1.6592645847064829,0.0,477.1381239781962,0.5150481660020887,100,mac,phase-18,with
24,1787.3388646459289,1.6670138079855328,0.0,479.3664906243198,0.5174535830010427,100,mac,phase-18,with
25,1786.329260901145,1.6660721715580826,0.0,479.0957136532423,0.517161291994853,100,mac,phase-18,with
26,1787.5002024214516,1.6671642843752463,0.0,479.40976161494586,0.5175002920004772,100,mac,phase-18,with
27,1782.956037518525,1.662926036223885,0.0,478.1910109765404,0.5161847080016742,100,mac,phase-18,with
28,1804.8606743706223,1.6833560357128678,0.0,484.0658616295923,0.522526332999405,100,mac,phase-18,with
29,1796.2041145617177,1.6752822423116618,0.0,481.7441615991415,0.5200201670013485,100,mac,phase-18,with
0,372.1999907806733,0.3719294966013269,13.15277947071965,75.60312312732427,0.0830702079983893,100,mac,phase-27,without
1,374.8739455288989,0.3746015080684854,13.247271512603714,76.14627018555758,0.0836669999989681,100,mac,phase-27,without
2,360.3381183231657,0.3600762446906633,12.733605380424368,73.19368028439303,0.0804227919943514,100,mac,phase-27,without
3,348.5626801398173,0.3483093642385529,12.317485698981551,70.8017944034004,0.0777946669986704,100,mac,phase-27,without
4,364.61442878503067,0.3643494473687624,12.884721366040782,74.06230584695935,0.0813772089968551,100,mac,phase-27,without
5,369.74521098479994,0.3694765008023982,13.06603261928481,75.10449598128749,0.0825223330029985,100,mac,phase-27,without
6,370.1217651183437,0.3698527812774147,13.07933926517403,75.18098353966357,0.082606374999159,100,mac,phase-27,without
7,367.7420344733176,0.3674747800877992,12.995244495832171,74.69760075239263,0.0820752500003436,100,mac,phase-27,without
8,357.43864421849787,0.3571788777619437,12.6311439499451,72.60472460688237,0.0797756669999216,100,mac,phase-27,without
9,367.8997855910099,0.3676324165607839,13.000819094740448,74.72964394817389,0.0821104580027167,100,mac,phase-27,without
10,369.70227391665503,0.3694335949385179,13.06451531191668,75.09577438932055,0.0825127500065718,100,mac,phase-27,without
11,375.3479470908132,0.3750751651525205,13.264021749484588,76.24255175282144,0.0837727909965906,100,mac,phase-27,without
12,367.93805840787127,0.3676706615630981,13.002171577095016,74.73741811409886,0.0821189999987836,100,mac,phase-27,without
13,378.27841319804594,0.3780035015605473,13.367578373368447,76.83780268085307,0.0844268330038175,100,mac,phase-27,without
14,382.7117309698025,0.3824335974443884,13.524242673260645,77.73832035324112,0.0854162920004455,100,mac,phase-27,without
15,372.41599349838015,0.3721453423403144,13.160412560943849,75.64699867935846,0.0831184170019696,100,mac,phase-27,without
16,356.7682378530547,0.3565089586104289,12.607453172677896,72.46854831390174,0.0796260409988462,100,mac,phase-27,without
17,368.93348814627194,0.3686653678787238,13.037348009529412,74.93961477971149,0.0823411669989582,100,mac,phase-27,without
18,369.17263738293974,0.3689043433150742,13.045799049960351,74.98819196840964,0.0823945420052041,100,mac,phase-27,without
19,368.3876096681557,0.3681198861146177,13.018057790780574,74.82873321384412,0.0822193340063677,100,mac,phase-27,without
20,370.1432358855347,0.3698742364408505,13.080097997771896,75.18534478924924,0.0826111669957754,100,mac,phase-27,without
21,368.5427485912714,0.368274912291423,13.02354008012396,74.860245807602,0.0822539590008091,100,mac,phase-27,without
22,380.3863269498703,0.3801098833983078,13.44206769472198,77.2659726616924,0.0848972919993684,100,mac,phase-27,without
23,370.1045866985358,0.3698356153419234,13.078732215273476,75.17749417314008,0.0826025409987778,100,mac,phase-27,without
24,361.6613717978691,0.3613985364985974,12.78036642708676,73.46246614644215,0.0807181249983841,100,mac,phase-27,without
25,367.61097844676897,0.3673438193054559,12.990613246347486,74.67097999699995,0.0820459999958984,100,mac,phase-27,without
26,371.72020035590015,0.3714500548614554,13.135824667373289,75.50566569729222,0.0829631250016973,100,mac,phase-27,without
27,331.3958353192039,0.3311549953226056,11.710844834590327,67.3147790492133,0.0739632500044535,100,mac,phase-27,without
28,363.23311194428186,0.3629691343919968,12.835908479862432,73.78172586368225,0.0810689170029945,100,mac,phase-27,without
29,360.0086099352188,0.3597469757710216,12.721961234084311,73.12674889309132,0.0803492499981075,100,mac,phase-27,without
0,2618.4886428197547,4.198341247690789,93.60621645851384,547.5308721588419,0.5387841670017224,100,mac,phase-27,with
1,2605.644078001389,4.177746976093143,93.14704657897272,544.8450496341634,0.5361412499987637,100,mac,phase-27,with
2,2594.933862843849,4.16057480382085,92.76417582598968,542.6055236151,0.5339374999966822,100,mac,phase-27,with
3,2588.6199170627947,4.15045136903683,92.53846372404516,541.2852657443073,0.5326383330029785,100,mac,phase-27,with
4,2602.269826825817,4.172336886601513,93.02642322366732,544.1394874030228,0.5354469589947257,100,mac,phase-27,with
5,2592.9785214346575,4.157439716519999,92.6942759195299,542.1966580696723,0.5335351660032757,100,mac,phase-27,with
6,2597.193556682996,4.164197873135303,92.84495577942472,543.0780298228137,0.5344024580044788,100,mac,phase-27,with
7,2622.8873421771473,4.205393881277332,93.7634619769594,548.4506484206646,0.5396892500066315,100,mac,phase-27,with
8,2619.283655456883,4.199615927401944,93.63463671735376,547.697110788052,0.5389477499993518,100,mac,phase-27,with
9,2653.1881992616804,4.253976615629538,94.84666262207618,554.7866143039419,0.5459239999981946,100,mac,phase-27,with
10,2618.9124733008675,4.199020794266546,93.62136762896692,547.6194959050658,0.5388713749998715,100,mac,phase-27,with
11,2581.3848028224693,4.138850983207314,92.27982152159028,539.7723898259651,0.5311496249996708,100,mac,phase-27,with
12,2598.369879714636,4.166083925044631,92.88700719279508,543.3240011686205,0.5346445000031963,100,mac,phase-27,with
13,2577.819388610895,4.133134393375771,92.1523644347062,539.0268550464946,0.5304160000014235,100,mac,phase-27,with
14,2594.3609908934964,4.159656292317886,92.7436966935196,542.4857350189295,0.5338196250013425,100,mac,phase-27,with
15,2602.276504455357,4.172347593146913,93.02666193680358,544.1408837078478,0.5354483329938375,100,mac,phase-27,with
16,2588.202161551629,4.149781562735098,92.52352972274171,541.1979122856604,0.5325523749997956,100,mac,phase-27,with
17,2609.8641773866566,4.184513252268183,93.2979074725714,545.7274803078074,0.5370095840044087,100,mac,phase-27,with
18,2605.9379084821217,4.178218087789759,93.15755048536046,544.9064901371892,0.536201709001034,100,mac,phase-27,with
19,2571.5775359527493,4.123126548755723,91.9292295310576,537.7216719825263,0.529131666997273,100,mac,phase-27,with
20,2625.503438850144,4.209588387371642,93.85698268483814,548.9976791274602,0.5402275419983198,100,mac,phase-27,with
21,2587.9378992980905,4.149357859114201,92.51408282681022,541.1426545542377,0.5324980000004871,100,mac,phase-27,with
22,2590.805700040584,4.153955933725058,92.61660149833388,541.7423170526872,0.5330880830006208,100,mac,phase-27,with
23,2581.167113924082,4.138501952752755,92.2720395385754,539.7268706702032,0.5311048330040649,100,mac,phase-27,with
24,2576.8520502315087,4.131583416009576,92.11778384334951,538.8245827823049,0.5302169589995174,100,mac,phase-27,with
25,2583.3938034958605,4.1420721048329,92.35163964935434,540.1924756238875,0.5315630000040983,100,mac,phase-27,with
26,2574.7213455950846,4.1281671609166715,92.04161501979812,538.3790484581086,0.529778542004351,100,mac,phase-27,with
27,2588.6393570161317,4.15048253799308,92.5391586670937,541.2893306749054,0.5326423329970567,100,mac,phase-27,with
28,2612.5537766415023,4.188825608375719,93.39405576434504,546.2898805419278,0.5375629999980447,100,mac,phase-27,with
29,2596.2320891691634,4.162656308793328,92.81058506085604,542.8769851675906,0.5342046250007115,100,mac,phase-27,with
0,245.4849858868351,0.03325453615373,0.0,59.824910540560325,0.077182166998682,100,mac,phase-5,without
1,243.26148489011845,0.0329533303833809,0.0,59.2830413597024,0.0764830830012215,100,mac,phase-5,without
2,227.93765961629927,0.0308774938521131,0.0,55.54861143995156,0.0716651670009014,100,mac,phase-5,without
3,250.7231538165253,0.0339641227061128,0.0,61.101456748297075,0.078829083002347,100,mac,phase-5,without
4,252.5889686193737,0.0342168746436431,0.0,61.55615748391402,0.0794157080017612,100,mac,phase-5,without
5,263.35196166133625,0.0356748796615194,0.0,64.17910851107341,0.0827996669977437,100,mac,phase-5,without
6,226.94041043538476,0.0307424018471125,0.0,55.30558092295546,0.0713516250034445,100,mac,phase-5,without
7,242.6599554225411,0.0328718444083637,0.0,59.13644809064636,0.07629395800177,100,mac,phase-5,without
8,243.85373972789893,0.0330335599739771,0.0,59.4273743931848,0.076669291993312,100,mac,phase-5,without
9,247.36392063917748,0.0335090653805442,0.0,60.28280861959906,0.0777729170004022,100,mac,phase-5,without
10,248.7334295032324,0.0336945854108957,0.0,60.61655915420145,0.0782035000011092,100,mac,phase-5,without
11,247.311043310453,0.0335019023720472,0.0,60.26992236731305,0.0777562920047785,100,mac,phase-5,without
12,226.72783872430568,0.0307136058960045,0.0,55.25377700691221,0.0712847909962874,100,mac,phase-5,without
13,246.69360768372263,0.0334182616748472,0.0,60.119452753050254,0.0775621659995522,100,mac,phase-5,without
14,247.48014585109556,0.0335248097874689,0.0,60.311132807656584,0.0778094590059481,100,mac,phase-5,without
15,246.05219040943203,0.0333313723123045,0.0,59.963138789835845,0.0773604999994859,100,mac,phase-5,without
16,249.95252500188107,0.0338597297482905,0.0,60.913653817174755,0.078586792005808,100,mac,phase-5,without
17,250.6415207454208,0.0339530643112192,0.0,61.081562695883505,0.0788034170036553,100,mac,phase-5,without
18,246.5275553318546,0.0333957674521612,0.0,60.07898564643816,0.0775099579986999,100,mac,phase-5,without
19,244.4563283517981,0.0331151894272281,0.0,59.57422577958342,0.0768587499987916,100,mac,phase-5,without
20,247.40791776784516,0.0335150254359042,0.0,60.29353075919174,0.0777867500000866,100,mac,phase-5,without
21,250.543583961273,0.0339397973396468,0.0,61.05769541402468,0.0787726250055129,100,mac,phase-5,without
22,245.99334947150876,0.0333234014456121,0.0,59.948799200656225,0.0773420000041369,100,mac,phase-5,without
23,249.4980979022536,0.0337981709431392,0.0,60.802909526707424,0.078443917002005,100,mac,phase-5,without
24,244.25754136307833,0.0330882608186234,0.0,59.5257812127036,0.0767962500030989,100,mac,phase-5,without
25,245.0430139869781,0.0331946645877781,0.0,59.717201593412845,0.0770432079953025,100,mac,phase-5,without
26,249.4024129823822,0.0337852090195586,0.0,60.779591026186075,0.0784138330054702,100,mac,phase-5,without
27,246.43412861712733,0.033383111435536,0.0,60.05621747252941,0.0774805839973851,100,mac,phase-5,without
28,257.6022464065648,0.0348959965329944,0.0,62.77789776285696,0.0809919169987551,100,mac,phase-5,without
29,247.07528191230236,0.0334699650382419,0.0,60.21246710379734,0.0776821670006029,100,mac,phase-5,without
0,1829.714124002379,0.2684784393539926,0.0,484.3015447896835,0.521343792002881,100,mac,phase-5,with
1,1809.1855259194288,0.265466227826992,0.0,478.8678917214152,0.515494541003136,100,mac,phase-5,with
2,1813.0085175449303,0.266027184761091,0.0,479.879787910913,0.5165838329994585,100,mac,phase-5,with
3,1862.4952107043605,0.2732884885756843,0.0,492.97827232946247,0.5306841669953428,100,mac,phase-5,with
4,1810.0879382553949,0.2655986410015069,0.0,479.1067485365934,0.5157516670005862,100,mac,phase-5,with
5,1839.304281081116,0.2698856266144958,0.0,486.83993470922366,0.5240763330002665,100,mac,phase-5,with
6,1809.758034772763,0.2655502334546707,0.0,479.0194273730442,0.5156576669978676,100,mac,phase-5,with
7,1808.8649860767891,0.2654191942300088,0.0,478.78304899165727,0.5154032089994871,100,mac,phase-5,with
8,1813.8231895913325,0.2661467235878039,0.0,480.09542101194984,0.5168159589957213,100,mac,phase-5,with
9,1811.1642167471596,0.2657565659833326,0.0,479.3916254631841,0.516058332999819,100,mac,phase-5,with
10,1809.8633196014089,0.2655656821557064,0.0,479.0472948986249,0.5156876659966656,100,mac,phase-5,with
11,1813.954652607598,0.2661660134784905,0.0,480.13021756351213,0.5168534169933992,100,mac,phase-5,with
12,1807.167211573315,0.2651700756146534,0.0,478.33367014938295,0.5149194590048864,100,mac,phase-5,with
13,1809.579044581031,0.2655239697850048,0.0,478.97205099592554,0.5156066669951542,100,mac,phase-5,with
14,1823.9124415236115,0.2676271442598061,0.0,482.76591485165784,0.5196907080025994,100,mac,phase-5,with
15,1819.837052677855,0.2670291524627728,0.0,481.6872123987844,0.5185295000046608,100,mac,phase-5,with
16,1841.2130745184631,0.2701657085553769,0.0,487.3451675203305,0.5246202090056613,100,mac,phase-5,with
17,1808.2260893946043,0.2653254473534387,0.0,478.6139413446843,0.5152211669992539,100,mac,phase-5,with
18,1841.558037704117,0.2702163258493596,0.0,487.4364747915136,0.5247184999971068,100,mac,phase-5,with
19,1809.0259859767957,0.2654428181400628,0.0,478.8256635724058,0.5154490829954739,100,mac,phase-5,with
20,1817.9728629006825,0.2667556153263047,0.0,481.1937855967379,0.5179983330017421,100,mac,phase-5,with
21,1823.5731814233272,0.2675773637935221,0.0,482.67611711303965,0.5195940420016996,100,mac,phase-5,with
22,1809.1998591549343,0.2654683309777787,0.0,478.8716855425406,0.5154986249981448,100,mac,phase-5,with
23,1802.588046066788,0.2644981634330681,0.0,477.1216245628257,0.5136147090015584,100,mac,phase-5,with
24,1837.076846539877,0.2695587896832232,0.0,486.2503617398243,0.5234416660023271,100,mac,phase-5,with
25,1807.5499030880776,0.2652262288788654,0.0,478.4349636188634,0.5150284999981523,100,mac,phase-5,with
26,1806.5600452731728,0.2650809846148343,0.0,478.17296112208425,0.5147464580004453,100,mac,phase-5,with
27,1809.485601206097,0.2655102586095041,0.0,478.94731774921934,0.5155800420034211,100,mac,phase-5,with
28,1807.857580198864,0.2652713750956679,0.0,478.5164017506981,0.5151161670000874,100,mac,phase-5,with
29,1807.3931392937277,0.2652032265429801,0.0,478.39347028021825,0.5149838330034981,100,mac,phase-5,with
0,375.13289565277574,1.2312531836381355,14.54209841215852,76.27114315942181,0.0812097079979139,100,mac,phase-2,without
1,372.64328106315486,1.223081823768006,14.445588026665366,75.76496054260187,0.0806707500014454,100,mac,phase-2,without
2,387.06785099851174,1.270425839345776,15.004759237678492,78.69773037244646,0.0837934169976506,100,mac,phase-2,without
3,384.2510321293888,1.2611805365729962,14.895564715740525,78.12502134662994,0.0831836249999469,100,mac,phase-2,without
4,371.5677530253622,1.219551748597392,14.403894976677307,75.54628669689791,0.0804379170003812,100,mac,phase-2,without
5,355.26312349058134,1.1660370415285648,13.771842895891426,72.2312675454992,0.0769082499973592,100,mac,phase-2,without
6,310.8037935940057,1.020113577838926,12.048368473394882,63.191900551535625,0.0672835830046096,100,mac,phase-2,without
7,377.5341705912262,1.2391345969906298,14.635184294186626,76.75936476493307,0.0817295420056325,100,mac,phase-2,without
8,383.3779823279192,1.2583150311481424,14.861720773290225,77.94751490247413,0.0829946249941713,100,mac,phase-2,without
9,392.08615035475583,1.2868967943871166,15.199294571545131,79.71803926311544,0.0848797910002758,100,mac,phase-2,without
10,367.5730098278583,1.2064402877344769,14.249037992972063,74.73408485101137,0.0795731249963864,100,mac,phase-2,without
11,379.73526762287406,1.2463589906898198,14.720510241390576,77.20688666651533,0.0822060409991536,100,mac,phase-2,without
12,382.579806971804,1.2556952770297831,14.83077935302744,77.78523175546657,0.0828218339956947,100,mac,phase-2,without
13,389.5763262601621,1.278659103311097,15.102000760728362,79.20774769700093,0.0843364579995977,100,mac,phase-2,without
14,382.2037165391674,1.2544608810386937,14.816200135511057,77.70876592812664,0.0827404169976944,100,mac,phase-2,without
15,380.74632391965866,1.2496774580881194,14.759704032013737,77.41245226859378,0.0824249169963877,100,mac,phase-2,without
16,377.5728526745875,1.2392615584990454,14.63668381254278,76.76722951567059,0.0817379159998381,100,mac,phase-2,without
17,367.20789027511165,1.20524190013121,14.234884063711858,74.65984959731712,0.0794940830019186,100,mac,phase-2,without
18,377.4556422780202,1.2388768530370573,14.632140129113353,76.74339857191717,0.0817125419998774,100,mac,phase-2,without
19,384.8167037344661,1.2630371718420337,14.917493083647802,78.24003237464706,0.0833060830045724,100,mac,phase-2,without
20,378.67475235924377,1.242878190126144,14.679399164462836,76.99126518294923,0.0819764580010087,100,mac,phase-2,without
21,383.49654619559766,1.2587041789441245,14.866316924286007,77.971621030809,0.0830202919969451,100,mac,phase-2,without
22,382.5284125446302,1.2555265913378268,14.828787038233251,77.77478236071079,0.0828107080014888,100,mac,phase-2,without
23,389.7070158106584,1.2790880497644248,15.107066966136586,79.23431919081249,0.0843647500005317,100,mac,phase-2,without
24,381.81415619532726,1.2531822743925405,14.801098754311896,77.62956142993791,0.0826560839996091,100,mac,phase-2,without
25,373.2033724819483,1.2249201438687207,14.46730007758462,75.87883702019211,0.0807919999933801,100,mac,phase-2,without
26,384.63443496950606,1.26243893319185,14.910427400130768,78.20297391556,0.0832666250062175,100,mac,phase-2,without
27,375.22663070293993,1.2315608388191943,14.54573206929697,76.29020115063766,0.0812299999961396,100,mac,phase-2,without
28,343.0743046904643,1.1260311606091704,13.299341005032636,69.75306540854645,0.0742695840017404,100,mac,phase-2,without
29,381.4448007182924,1.2519699837289824,14.7867806186369,77.55446493802236,0.0825761250016512,100,mac,phase-2,without
0,2707.064349798109,3.6012385418086788,92.0649964253126,546.2211903089626,0.5340038330032257,100,mac,phase-2,with
1,2657.9668484559675,3.535923576483599,90.3952314321409,536.3144824664614,0.5243187090018182,100,mac,phase-2,with
2,2725.020067211528,3.625125237224638,92.67565537015948,549.8442269534888,0.5375458330017864,100,mac,phase-2,with
3,2714.4840100870024,3.611109000411365,92.31733287162758,547.7183012568387,0.5354674579939456,100,mac,phase-2,with
4,2738.164742265457,3.642611748185226,93.12269478462412,552.4965096946497,0.5401387919991976,100,mac,phase-2,with
5,2721.689276555712,3.6206942484728137,92.56237796327258,549.1721526317885,0.5368887910008198,100,mac,phase-2,with
6,2720.5877475209177,3.619228871849861,92.52491588127285,548.9498902756719,0.5366714999981923,100,mac,phase-2,with
7,2692.3593725613273,3.5816763430802045,91.56489243744856,543.2540757036744,0.5311030840020976,100,mac,phase-2,with
8,2684.849938696684,3.5716864576670515,91.30950286684008,541.7388505837405,0.529621749999933,100,mac,phase-2,with
9,2684.9247119572583,3.571785929387366,91.31204584294925,541.7539380490226,0.5296365000031074,100,mac,phase-2,with
10,2738.5432520367744,3.643115284045768,93.13556758565154,552.5728839625345,0.5402134579999256,100,mac,phase-2,with
11,2721.140522061294,3.619964234117804,92.5437152814746,549.0614270285532,0.5367805420028162,100,mac,phase-2,with
12,2695.355153706975,3.585661664864423,91.66677645083956,543.8585530754085,0.5316940409975359,100,mac,phase-2,with
13,2693.7475289550293,3.5835230233438016,91.6121024764096,543.5341726425446,0.5313769159984076,100,mac,phase-2,with
14,2662.3036966471677,3.5416929350351563,90.54272401511172,537.1895552667675,0.5251742090040352,100,mac,phase-2,with
15,2781.6217251628236,3.7004230675697793,94.60063045889038,561.2650950913014,0.5487112499977229,100,mac,phase-2,with
16,2691.344864372215,3.580326731279553,91.530389861693,543.0493720841699,0.5309029589989223,100,mac,phase-2,with
17,2698.6109582046543,3.58999289867588,91.77750364114912,544.5154969741629,0.5323362909985008,100,mac,phase-2,with
18,2698.4664861846804,3.589800705901969,91.77259026847534,544.4863459572236,0.5323077920038486,100,mac,phase-2,with
19,2696.253071379015,3.586856174972084,91.69731388053631,544.0397315020158,0.5318711669970071,100,mac,phase-2,with
20,2674.1653895799946,3.55747268026507,90.94613027973942,539.5829627353899,0.5275140830053715,100,mac,phase-2,with
21,2711.4054258427636,3.607013524721848,92.21263279404648,547.097116189524,0.5348601670048083,100,mac,phase-2,with
22,2711.9374970173535,3.607721345066444,92.23072809007826,547.2044754956798,0.5349651249998715,100,mac,phase-2,with
23,2722.2352935902622,3.6214206211537783,92.580947546348,549.2823258807412,0.5369964999990771,100,mac,phase-2,with
24,2705.6396482764453,3.599343245145054,92.01654351708792,545.9337194326031,0.5337227920026635,100,mac,phase-2,with
25,2704.6099320015473,3.5979734018546403,91.98152372704315,545.7259471831561,0.5335196670057485,100,mac,phase-2,with
26,2732.7517068573975,3.635410725519794,92.93860197370508,551.4042879142569,0.5390709999992396,100,mac,phase-2,with
27,2674.1979197151777,3.557515955474468,90.94723660245376,539.589526542845,0.5275204999998095,100,mac,phase-2,with
28,2710.5983411811003,3.605939850802607,92.1851845191296,546.9342657036806,0.5347009590041125,100,mac,phase-2,with
29,2711.9605221173633,3.607751975619275,92.23151115448908,547.2091214131422,0.5349696670018602,100,mac,phase-2,with
0,247.6358913639864,0.0,0.0,60.23755530694149,0.0770938330024364,100,mac,phase-3,without
1,224.91484920266885,0.0,0.0,54.710650356753966,0.070020334002038,100,mac,phase-3,without
2,250.59815225213995,0.0,0.0,60.95812676005715,0.0780160419963067,100,mac,phase-3,without
3,250.60497804678556,0.0,0.0,60.9597871380428,0.0780181669979356,100,mac,phase-3,without
4,252.79538510278,0.0,0.0,61.4926047577078,0.0787000829950557,100,mac,phase-3,without
5,249.1592469382651,0.0,0.0,60.608112317689475,0.0775680829974589,100,mac,phase-3,without
6,251.2633310797192,0.0,0.0,61.11993184491222,0.0782231250050244,100,mac,phase-3,without
7,246.2273696215814,0.0,0.0,59.894931683637864,0.0766553329958696,100,mac,phase-3,without
8,248.6098367504889,0.0,0.0,60.47446801277843,0.0773970410009496,100,mac,phase-3,without
9,247.39203882310005,0.0,0.0,60.17823805354388,0.0770179169994662,100,mac,phase-3,without
10,255.71776095388975,0.0,0.0,62.20347415547271,0.0796098750070086,100,mac,phase-3,without
11,249.22121548631523,0.0,0.0,60.62318619821583,0.0775873750026221,100,mac,phase-3,without
12,249.92976133402135,0.0,0.0,60.79554033256047,0.0778079590018023,100,mac,phase-3,without
13,247.14791645978391,0.0,0.0,60.11885516570433,0.0769419169955654,100,mac,phase-3,without
14,238.7495165766193,0.0,0.0,58.07594016390296,0.0743273330008378,100,mac,phase-3,without
15,250.1377439451952,0.0,0.0,60.84613220748805,0.0778727080032695,100,mac,phase-3,without
16,250.0574405131458,0.0,0.0,60.826598357193696,0.0778477079948061,100,mac,phase-3,without
17,252.51927631291608,0.0,0.0,61.42544115549913,0.0786141249991487,100,mac,phase-3,without
18,247.5537152778006,0.0,0.0,60.21756593258521,0.0770682500005932,100,mac,phase-3,without
19,246.7884238216119,0.0,0.0,60.03140840039478,0.0768299999981536,100,mac,phase-3,without
20,252.3361845579575,0.0,0.0,61.38090399388328,0.0785571250016801,100,mac,phase-3,without
21,242.33265448766724,0.0,0.0,58.94754026556956,0.0754428329964866,100,mac,phase-3,without
22,255.49612352817607,0.0,0.0,62.14956074003047,0.0795408749982016,100,mac,phase-3,without
23,246.05659319801717,0.0,0.0,59.853390232586854,0.0766021669987822,100,mac,phase-3,without
24,240.24168874114216,0.0,0.0,58.43891179452095,0.0747918749984819,100,mac,phase-3,without
25,253.03723326850667,0.0,0.0,61.55143444583822,0.0787753749973489,100,mac,phase-3,without
26,250.83156534101704,0.0,0.0,61.01490461149521,0.0780887079963577,100,mac,phase-3,without
27,252.68015295270183,0.0,0.0,61.46457447915958,0.0786642090024543,100,mac,phase-3,without
28,247.46926179214807,0.0,0.0,60.197022579661535,0.0770419580003363,100,mac,phase-3,without
29,247.49469226985136,0.0,0.0,60.20320855617205,0.0770498749989201,100,mac,phase-3,without
0,1754.0937717713666,0.5002644087188991,0.0,477.5524045630611,0.5170462090027286,100,mac,phase-3,with
1,1747.7432374054538,0.4984532476676833,0.0,475.82347022357055,0.5151742909947643,100,mac,phase-3,with
2,1751.518133922168,0.4995298414075961,0.0,476.8511866076913,0.516286999998556,100,mac,phase-3,with
3,1754.769163024236,0.5004570290971297,0.0,477.7362799761201,0.5172452909973799,100,mac,phase-3,with
4,1751.2478613919254,0.4994527601650134,0.0,476.77760485352184,0.5162073329993291,100,mac,phase-3,with
5,1736.266881541672,0.4951802114863595,0.0,472.6990298848788,0.5117914579968783,100,mac,phase-3,with
6,1748.792095154288,0.4987523800230881,0.0,476.1090219700399,0.5154834580025636,100,mac,phase-3,with
7,1799.850348084657,0.5133141025053685,0.0,490.0096422516248,0.5305336660021567,100,mac,phase-3,with
8,1753.1379269695713,0.4999918034897532,0.0,477.2921756113184,0.5167644589964766,100,mac,phase-3,with
9,1749.7158533916863,0.4990158342214145,0.0,476.36051534776226,0.5157557499987888,100,mac,phase-3,with
10,1761.7996142862123,0.5024621012319267,0.0,479.65032183599726,0.5193176250031684,100,mac,phase-3,with
11,1740.7653737649098,0.4964631734285321,0.0,473.9237453548768,0.5131174580019433,100,mac,phase-3,with
12,1742.9166639927869,0.497076717556646,0.0,474.5094345795743,0.5137515839960543,100,mac,phase-3,with
13,1749.7232016130597,0.499017929921017,0.0,476.36251590260287,0.5157579160004389,100,mac,phase-3,with
14,1753.2353196533288,0.5000195797090965,0.0,477.3186907903035,0.5167931669930113,100,mac,phase-3,with
15,1747.2711128554597,0.4983185985898259,0.0,475.69493421384783,0.5150351249976666,100,mac,phase-3,with
16,1748.1742343484766,0.4985761672255376,0.0,475.9408092334982,0.5153013339950121,100,mac,phase-3,with
17,1768.266335896843,0.5043063986776812,0.0,481.41088817771447,0.5212237909945543,100,mac,phase-3,with
18,1757.0913484891291,0.5011193122414096,0.0,478.3684954656496,0.517929790999915,100,mac,phase-3,with
19,1744.1792476012558,0.4974368041452388,0.0,474.85317323704504,0.5141237499992712,100,mac,phase-3,with
20,1749.1235756856784,0.4988469176782046,0.0,476.1992676156142,0.5155811670047115,100,mac,phase-3,with
21,1752.5556809693933,0.499825747971117,0.0,477.1336590132283,0.5165928330025054,100,mac,phase-3,with
22,1746.9655037563955,0.4982314394209703,0.0,475.61173207125825,0.5149450419994537,100,mac,phase-3,with
23,1752.0436941827002,0.4996797302545965,0.0,476.9942705010378,0.5164419169959729,100,mac,phase-3,with
24,1748.172110645285,0.498575561549183,0.0,475.9402310548502,0.5153007080007228,100,mac,phase-3,with
25,1751.4983453162597,0.4995241977325581,0.0,476.8457991555,0.5162811670015799,100,mac,phase-3,with
26,1747.589019863644,0.4984092651003833,0.0,475.7814844648259,0.5151288329943782,100,mac,phase-3,with
27,1762.3483557065445,0.5026186013042716,0.0,479.7997168050577,0.5194793750051758,100,mac,phase-3,with
28,1772.4144105029477,0.5054894221417285,0.0,482.5402023764941,0.5224464999992051,100,mac,phase-3,with
29,1751.7315782126657,0.4995907153377694,0.0,476.9092968614347,0.5163499159971252,100,mac,phase-3,with
0,258.05412357567263,0.0,0.0,60.88917522572051,0.0776646669983165,100,mac,phase-4,without
1,257.9959768285465,0.0,0.0,60.87545520673569,0.0776471669960301,100,mac,phase-4,without
2,256.0814273269359,0.0,0.0,60.42370757152421,0.077070958999684,100,mac,phase-4,without
3,258.3119063629601,0.0,0.0,60.9500003777771,0.0777422500032116,100,mac,phase-4,without
4,254.87501871078396,0.0,0.0,60.13904935872431,0.0767078749995562,100,mac,phase-4,without
5,218.53039916041607,0.0,0.0,51.56335261088469,0.0657694999972591,100,mac,phase-4,without
6,256.2375895242391,0.0,0.0,60.46055483156204,0.0771179579969612,100,mac,phase-4,without
7,256.1942552713655,0.0,0.0,60.45032989549073,0.0771049160030088,100,mac,phase-4,without
8,269.4083809346708,0.0,0.0,63.568269658742544,0.0810818750032922,100,mac,phase-4,without
9,256.7634055100046,0.0,0.0,60.584623772023555,0.0772762089982279,100,mac,phase-4,without
10,265.09209197392056,0.0,0.0,62.54981945452058,0.0797828330032643,100,mac,phase-4,without
11,247.3756110807905,0.0,0.0,58.36952621007416,0.0744508329953532,100,mac,phase-4,without
12,258.04927578522654,0.0,0.0,60.88803136505345,0.0776632079941919,100,mac,phase-4,without
13,256.90531014005614,0.0,0.0,60.61810688697954,0.0773189169995021,100,mac,phase-4,without
14,259.4555995489818,0.0,0.0,61.21986056773728,0.0780864589978591,100,mac,phase-4,without
15,259.6106553252205,0.0,0.0,61.25644676213068,0.0781331250036601,100,mac,phase-4,without
16,255.6555672710305,0.0,0.0,60.32322373810831,0.0769427910054219,100,mac,phase-4,without
17,257.38764897090465,0.0,0.0,60.73191717291009,0.077464082998631,100,mac,phase-4,without
18,260.96699944384073,0.0,0.0,61.57648301483883,0.078541333998146,100,mac,phase-4,without
19,236.34739083788008,0.0,0.0,55.7673618830953,0.071131750002678,100,mac,phase-4,without
20,255.39654180892845,0.0,0.0,60.26210537064603,0.0768648340017534,100,mac,phase-4,without
21,256.04875219815136,0.0,0.0,60.41599770967616,0.0770611250045476,100,mac,phase-4,without
22,255.4578716622009,0.0,0.0,60.27657645962043,0.0768832920002751,100,mac,phase-4,without
23,258.9686854110115,0.0,0.0,61.10497071495777,0.0779399160019238,100,mac,phase-4,without
24,258.4434309763645,0.0,0.0,60.98103427532196,0.0777818340066005,100,mac,phase-4,without
25,257.6428035065198,0.0,0.0,60.792122175695674,0.0775408749977941,100,mac,phase-4,without
26,258.0723949714545,0.0,0.0,60.893486453938706,0.0776701660070102,100,mac,phase-4,without
27,257.6979033528984,0.0,0.0,60.80512326304344,0.0775574579965905,100,mac,phase-4,without
28,260.41847965721485,0.0,0.0,61.44705699776979,0.0783762499995646,100,mac,phase-4,without
29,236.55450287180864,0.0,0.0,55.81623101469642,0.0711940830005914,100,mac,phase-4,without
0,1776.691736185956,0.1001837341608155,0.0,477.44228243239314,0.5172290420014178,100,mac,phase-4,with
1,1770.7935195244447,0.0998511467130299,0.0,475.8572815187299,0.5155119580012979,100,mac,phase-4,with
2,1771.6266559565545,0.0998981254416041,0.0,476.0811664795379,0.5157544999965467,100,mac,phase-4,with
3,1771.6970738633242,0.0999020961522841,0.0,476.1000895630688,0.5157749999998487,100,mac,phase-4,with
4,1767.255164562743,0.0996516266693274,0.0,474.9064354971249,0.5144818750050035,100,mac,phase-4,with
5,1778.5290421222858,0.1002873357962306,0.0,477.93601329290306,0.5177639169996837,100,mac,phase-4,with
6,1784.650960969839,0.1006325373176234,0.0,479.5811286766872,0.5195461249968503,100,mac,phase-4,with
7,1775.7415239627014,0.100130153786217,0.0,477.1869362271816,0.5169524169978104,100,mac,phase-4,with
8,1770.133281321143,0.0998139173348012,0.0,475.6798587118843,0.5153197499967064,100,mac,phase-4,with
9,1767.617129727283,0.0996720370877929,0.0,475.0037047480587,0.5145872500070254,100,mac,phase-4,with
10,1762.247909439489,0.0993692785805023,0.0,473.560858621814,0.5130241669976385,100,mac,phase-4,with
11,1773.6424386464917,0.1000117909880923,0.0,476.6228585855853,0.5163413330010371,100,mac,phase-4,with
12,1769.1378436654545,0.0997577867976686,0.0,475.41235928208937,0.5150299590022769,100,mac,phase-4,with
13,1777.9878823036338,0.1002568209858636,0.0,477.7905898782973,0.5176063749968307,100,mac,phase-4,with
14,1755.9015670313545,0.0990114223087807,0.0,471.85543491621286,0.5111766249974607,100,mac,phase-4,with
15,1776.3105898766091,0.1001622421598373,0.0,477.3398587197316,0.5171180830002413,100,mac,phase-4,with
16,1787.7577916465848,0.1008077246572515,0.0,480.4160131415751,0.5204505829970003,100,mac,phase-4,with
17,1773.7231650386664,0.1000163429715617,0.0,476.6445518214728,0.5163648340021609,100,mac,phase-4,with
18,1769.8345789266932,0.0997970741646162,0.0,475.599589777173,0.5152327920004609,100,mac,phase-4,with
19,1774.2379885508392,0.1000453727356073,0.0,476.7828980003261,0.5165147090010578,100,mac,phase-4,with
20,1766.4500819098491,0.0996062298315799,0.0,474.6900893006994,0.5142475000029663,100,mac,phase-4,with
21,1771.0441351066002,0.0998652783737721,0.0,475.9246283032735,0.515584917004162,100,mac,phase-4,with
22,1766.2073393898709,0.0995925421154749,0.0,474.62485820831506,0.5141768329995102,100,mac,phase-4,with
23,1761.5407248569811,0.0993294019993411,0.0,473.3708201281932,0.5128182920016116,100,mac,phase-4,with
24,1766.0573458461463,0.0995840843098779,0.0,474.5845511261085,0.5141331670020008,100,mac,phase-4,with
25,1775.480603344183,0.1001154410471693,0.0,477.1168202171266,0.5168764580012066,100,mac,phase-4,with
26,1790.8488796480174,0.1009820243020892,0.0,481.24666714898984,0.5213504580024164,100,mac,phase-4,with
27,1777.4756350505515,0.1002279364913943,0.0,477.6529360058218,0.5174572499963688,100,mac,phase-4,with
28,1768.5382885241104,0.0997239792036601,0.0,475.25124355824306,0.5148554170009447,100,mac,phase-4,with
29,1803.8391230015989,0.1017145155161324,0.0,484.7374761113821,0.5251321670002653,100,mac,phase-4,with
0,248.82851645392185,0.0,0.0,60.371399972863664,0.0773350419985945,100,mac,phase-22,without
1,240.3368936219519,0.0,0.0,58.3111411017608,0.0746958750023623,100,mac,phase-22,without
2,248.97893642549755,0.0,0.0,60.407895244375624,0.0773817920053261,100,mac,phase-22,without
3,251.12462953695908,0.0,0.0,60.92848869924618,0.0780486660005408,100,mac,phase-22,without
4,249.99473921307967,0.0,0.0,60.654351869430606,0.0776974999971571,100,mac,phase-22,without
5,250.5545910075268,0.0,0.0,60.79018451871761,0.0778714999978547,100,mac,phase-22,without
6,251.56958945104645,0.0,0.0,61.036445991794814,0.078186958002334,100,mac,phase-22,without
7,253.98636346091425,0.0,0.0,61.622809775468184,0.0789380830028676,100,mac,phase-22,without
8,258.675926589324,0.0,0.0,62.76060336664463,0.0803955829978804,100,mac,phase-22,without
9,253.03209606091505,0.0,0.0,61.39128302078818,0.0786414999965927,100,mac,phase-22,without
10,245.9887712196412,0.0,0.0,59.682413847788496,0.0764524590049404,100,mac,phase-22,without
11,251.58675179541757,0.0,0.0,61.04060996291544,0.078192291999585,100,mac,phase-22,without
12,253.69195862142328,0.0,0.0,61.551380533465895,0.0788465829973574,100,mac,phase-22,without
13,249.9323994112021,0.0,0.0,60.639226830037956,0.0776781250024214,100,mac,phase-22,without
14,249.64268574376183,0.0,0.0,60.56893577198762,0.0775880829969537,100,mac,phase-22,without
15,248.90372320903617,0.0,0.0,60.389646824785515,0.0773584159978781,100,mac,phase-22,without
16,249.89043626314705,0.0,0.0,60.62904562560264,0.0776650830011931,100,mac,phase-22,without
17,251.38565561954871,0.0,0.0,60.99181950336761,0.0781297920038923,100,mac,phase-22,without
18,248.0580477823997,0.0,0.0,60.18446692757648,0.0770955830012098,100,mac,phase-22,without
19,242.71331647279524,0.0,0.0,58.88771478582841,0.075434459002281,100,mac,phase-22,without
20,251.9422866197867,0.0,0.0,61.12687071546968,0.0783027909928932,100,mac,phase-22,without
21,252.17301315190568,0.0,0.0,61.182850166512566,0.0783745000007911,100,mac,phase-22,without
22,251.8146597287694,0.0,0.0,61.09590555844225,0.078263124996738,100,mac,phase-22,without
23,248.1852757086486,0.0,0.0,60.2153352867692,0.0771351250004954,100,mac,phase-22,without
24,252.43765573938865,0.0,0.0,61.24705841613956,0.0784567500013508,100,mac,phase-22,without
25,247.58493442148287,0.0,0.0,60.069678975007925,0.0769485410055494,100,mac,phase-22,without
26,252.21926527656947,0.0,0.0,61.19407197323097,0.0783888750011101,100,mac,phase-22,without
27,249.8356029545924,0.0,0.0,60.61574183048396,0.0776480409986106,100,mac,phase-22,without
28,229.06746313872625,0.0,0.0,55.5769235576266,0.0711933749989839,100,mac,phase-22,without
29,254.86381530062064,0.0,0.0,61.83569934587096,0.0792107919987756,100,mac,phase-22,without
0,1769.4405246627896,0.166922052437907,0.0,480.50182014775913,0.5185789590032073,100,mac,phase-22,with
1,1764.845139373689,0.1664885418827298,0.0,479.25391666362606,0.5172321659993031,100,mac,phase-22,with
2,1769.8090308676667,0.1669568158623888,0.0,480.6018901414725,0.5186869589961134,100,mac,phase-22,with
3,1761.667486286026,0.1661887746015269,0.0,478.39100656795546,0.5163008750023437,100,mac,phase-22,with
4,1770.120524418555,0.1669862009375641,0.0,480.6864780188722,0.5187782499997411,100,mac,phase-22,with
5,1758.7666359534974,0.1659151198024128,0.0,477.6032638632257,0.5154507080005715,100,mac,phase-22,with
6,1763.4970787592622,0.1663613711519624,0.0,478.887842998039,0.5168370829997002,100,mac,phase-22,with
7,1766.3960797342909,0.1666348514899712,0.0,479.6750834990312,0.5176867080008378,100,mac,phase-22,with
8,1777.8972580842958,0.1677198273729572,0.0,482.7982950757946,0.5210574169977917,100,mac,phase-22,with
9,1769.0387471033746,0.1668841503248344,0.0,480.3927151250683,0.5184612080047373,100,mac,phase-22,with
10,1764.9314380729104,0.1664966829622382,0.0,479.27735157509903,0.5172574579992215,100,mac,phase-22,with
11,1772.566856441291,0.1672169782688663,0.0,481.3507936447587,0.5194952090023435,100,mac,phase-22,with
12,1754.57331486777,0.1655195384011707,0.0,476.46454324161,0.5142217500033439,100,mac,phase-22,with
13,1762.1909595977615,0.1662381570127317,0.0,478.5331587768496,0.5164542919956148,100,mac,phase-22,with
14,1773.2691781297697,0.1672832325317695,0.0,481.5415131659517,0.5197010420015431,100,mac,phase-22,with
15,1763.9601307223377,0.1664050536510261,0.0,479.0135874398439,0.5169727920001606,100,mac,phase-22,with
16,1762.9672077460498,0.1663113852067893,0.0,478.7439534562638,0.5166817909994279,100,mac,phase-22,with
17,1765.03607677191,0.1665065541651173,0.0,479.3057668197068,0.5172881249964121,100,mac,phase-22,with
18,1785.6370251313474,0.1684499665230885,0.0,484.9000736333626,0.5233257500003674,100,mac,phase-22,with
19,1759.353089729241,0.1659704435426248,0.0,477.7625187818,0.5156225829996401,100,mac,phase-22,with
20,1767.829302824657,0.1667700561134161,0.0,480.06428352807984,0.518106750001607,100,mac,phase-22,with
21,1766.6443096032374,0.1666582685184745,0.0,479.74249175728073,0.5177594579945435,100,mac,phase-22,with
22,1767.7985939618377,0.166767159160205,0.0,480.05594435856625,0.5180977499985602,100,mac,phase-22,with
23,1772.0661315525292,0.1671697418543195,0.0,481.2148189018443,0.519348459005414,100,mac,phase-22,with
24,1759.33233396092,0.1659684855251613,0.0,477.75688243272936,0.5156165000007604,100,mac,phase-22,with
25,1759.9227696447715,0.1660241849029066,0.0,477.91721866150704,0.5157895419979468,100,mac,phase-22,with
26,1767.522357592919,0.1667411001087618,0.0,479.98093077308187,0.51801679199707,100,mac,phase-22,with
27,1756.276093432469,0.1656801718267677,0.0,476.92694262053374,0.5147207920017536,100,mac,phase-22,with
28,1787.0935630557296,0.1685873705761791,0.0,485.2956049405893,0.5237526249984512,100,mac,phase-22,with
29,1761.5507619170933,0.1661777632841301,0.0,478.3593093896971,0.516266665996227,100,mac,phase-22,with
0,244.30085516419717,0.0,0.0,58.77237786122283,0.0794237919981242,100,mac,phase-25,without
1,225.99531436860696,0.0,0.0,54.36854489113619,0.0734725419970345,100,mac,phase-25,without
2,246.4988519375436,0.0,0.0,59.30115823251561,0.0801383750003879,100,mac,phase-25,without
3,248.47192239445707,0.0,0.0,59.77582723178127,0.0807798329988145,100,mac,phase-25,without
4,243.27721517189647,0.0,0.0,58.52611692864887,0.0790909999996074,100,mac,phase-25,without
5,245.8384283162675,0.0,0.0,59.14227763182338,0.0799236669990932,100,mac,phase-25,without
6,252.4730483757677,0.0,0.0,60.73839319531787,0.0820806249976158,100,mac,phase-25,without
7,246.3764551131834,0.0,0.0,59.27171276698305,0.0800985829991987,100,mac,phase-25,without
8,246.1321782239548,0.0,0.0,59.21294615469732,0.0800191669986816,100,mac,phase-25,without
9,245.90750722117627,0.0,0.0,59.15889620443872,0.079946124998969,100,mac,phase-25,without
10,250.79449374512456,0.0,0.0,60.3345769788476,0.0815349160038749,100,mac,phase-25,without
11,249.24756673150785,0.0,0.0,59.96242691450618,0.0810320000018691,100,mac,phase-25,without
12,248.5006329833621,0.0,0.0,59.782734246407195,0.0807891669974196,100,mac,phase-25,without
13,201.25431595629993,0.0,0.0,48.41650961735576,0.0654290829988895,100,mac,phase-25,without
14,241.8498643799761,0.0,0.0,58.18273376682212,0.0786269590025767,100,mac,phase-25,without
15,246.26623584150497,0.0,0.0,59.24519690121452,0.0800627499993424,100,mac,phase-25,without
16,253.02671313402087,0.0,0.0,60.87159041379928,0.0822606250003445,100,mac,phase-25,without
17,254.4136956323178,0.0,0.0,61.205262023020715,0.0827115420033806,100,mac,phase-25,without
18,252.45626002588983,0.0,0.0,60.73435435868744,0.0820751669962192,100,mac,phase-25,without
19,248.73901644208024,0.0,0.0,59.84008305389389,0.0808666670054663,100,mac,phase-25,without
20,225.67067614143417,0.0,0.0,54.29044544877944,0.0733670000045094,100,mac,phase-25,without
21,246.5857465567506,0.0,0.0,59.322062798693686,0.0801666250044945,100,mac,phase-25,without
22,246.7726084003519,0.0,0.0,59.367016856969904,0.0802273750014137,100,mac,phase-25,without
23,246.30570906024255,0.0,0.0,59.25469312227967,0.0800755829986883,100,mac,phase-25,without
24,245.74076493504523,0.0,0.0,59.11878238396375,0.0798919160006335,100,mac,phase-25,without
25,246.2417577120216,0.0,0.0,59.23930810531011,0.0800547920007375,100,mac,phase-25,without
26,245.9956844736978,0.0,0.0,59.18010933854943,0.0799747919954825,100,mac,phase-25,without
27,246.54319742169463,0.0,0.0,59.31182659284212,0.0801527920048101,100,mac,phase-25,without
28,245.51635537810407,0.0,0.0,59.06479533071602,0.0798189589986577,100,mac,phase-25,without
29,232.80692876152213,0.0,0.0,56.00724064877602,0.0756870420009363,100,mac,phase-25,without
0,1747.0589457116464,3.0201243148830725,0.0331881792844293,476.8145717793967,0.5152042500048992,100,mac,phase-25,with
1,1747.3293781548232,3.020591808895897,0.0331933165812735,476.8883793231577,0.5152840000009746,100,mac,phase-25,with
2,1750.1044899098858,3.025389118401999,0.0332460342681538,477.6457743305661,0.5161023750042659,100,mac,phase-25,with
3,1751.6777760699365,3.028108843341962,0.0332759213554061,478.07516211312054,0.5165663340012543,100,mac,phase-25,with
4,1766.1522672194958,3.0531307596165367,0.0335508874683135,482.0256002572614,0.5208348329979344,100,mac,phase-25,with
5,1766.7483783587693,3.0541612513183263,0.0335622115529486,482.1882933812131,0.5210106250015087,100,mac,phase-25,with
6,1754.7747482092896,3.0334625498574375,0.0333347532951366,478.9204005912286,0.517479624999396,100,mac,phase-25,with
7,1753.3064440845665,3.030924306371375,0.0333068605095755,478.51966494107194,0.5170466249983292,100,mac,phase-25,with
8,1749.3128298275074,3.0240205830873874,0.0332309954185427,477.42971117820326,0.5158689160016365,100,mac,phase-25,with
9,1757.5330439768445,3.038230789724603,0.0333871515354352,479.6732061095975,0.5182930410010158,100,mac,phase-25,with
10,1749.9246243251405,3.0250781864627907,0.033242617433657,477.59668466935074,0.5160493329967721,100,mac,phase-25,with
11,1748.560030649437,3.022719226251378,0.0332166947939711,477.224254104984,0.5156469170033233,100,mac,phase-25,with
12,1753.7423269355932,3.0316778129431237,0.0333151408015727,478.6386278961962,0.5171751659945585,100,mac,phase-25,with
13,1756.9680215412786,3.0372540407715727,0.0333764180304568,479.51899784357346,0.5181264169950737,100,mac,phase-25,with
14,1753.7127980950845,3.031626766715158,0.0333145798540127,478.63056876260094,0.5171664579975186,100,mac,phase-25,with
15,1754.327702153926,3.032689745559683,0.0333262609402163,478.79839092808754,0.5173477919961442,100,mac,phase-25,with
16,1746.7611037466984,3.0196094382885876,0.0331825212998745,476.73328351529824,0.5151164169947151,100,mac,phase-25,with
17,1749.0789930550138,3.023616351665171,0.0332265533150018,477.365891476632,0.5157999579969328,100,mac,phase-25,with
18,1745.504313415313,3.0174368367013065,0.0331586465571572,476.3902750866777,0.5147457919956651,100,mac,phase-25,with
19,1750.3038537106063,3.025733756723185,0.0332498215024525,477.7001855257362,0.5161611669973354,100,mac,phase-25,with
20,1748.1413808301063,3.0219955102589178,0.0332087418709771,477.1099944603282,0.5155234579942771,100,mac,phase-25,with
21,1757.5372861178564,3.0382381230737434,0.0333872321216894,479.6743638923129,0.5182942920000642,100,mac,phase-25,with
22,1749.8696629689396,3.024983175284921,0.0332415733547793,477.5816843881149,0.5160331250008312,100,mac,phase-25,with
23,1781.692526770394,3.07999505967033,0.0338460995568168,486.2669123327872,0.5254176250018645,100,mac,phase-25,with
24,1759.469025002054,3.0415775018557194,0.033423928591821,480.2015820786936,0.5188639580010204,100,mac,phase-25,with
25,1751.8266953376512,3.028366278674916,0.0332787503151089,478.1158057771706,0.5166102500006673,100,mac,phase-25,with
26,1755.287352510616,3.034348684076406,0.0333444910338066,479.06030268270024,0.5176307910005562,100,mac,phase-25,with
27,1765.1312939975094,3.0513658128411953,0.0335314924488043,481.746952011972,0.5205337500010501,100,mac,phase-25,with
28,1767.6126601371138,3.0556553270735236,0.0335786299678409,482.4241767479705,0.5212654999995721,100,mac,phase-25,with
29,1751.5500471769017,3.027888039609773,0.0332734949407667,478.0403018139957,0.516528667001694,100,mac,phase-25,with
0,245.52679852308864,0.8392357072842789,0.0,59.08219379281323,0.0801600000049802,100,mac,phase-13,without
1,246.26969472564764,0.8417750024803378,0.0,59.26096017461578,0.080402542000229,100,mac,phase-13,without
2,246.50579680245005,0.8425820235249182,0.0,59.31777445615424,0.0804796250013168,100,mac,phase-13,without
3,247.08571604463523,0.8445642468028276,0.0,59.45732297491906,0.0806689580058446,100,mac,phase-13,without
4,247.65389493149505,0.8465063403455532,0.0,59.59404636032694,0.0808544579995214,100,mac,phase-13,without
5,243.77772330395572,0.8332571893080247,0.0,58.66130612728494,0.07958895900083,100,mac,phase-13,without
6,244.23703850612645,0.8348271756430355,0.0,58.7718331652697,0.0797389169965754,100,mac,phase-13,without
7,246.11284366318807,0.8412388695077525,0.0,59.223216413345774,0.080351333002909,100,mac,phase-13,without
8,252.1240294551156,0.861785717306247,0.0,60.66971449835979,0.0823138749983627,100,mac,phase-13,without
9,249.8666286413191,0.8540696904611672,0.0,60.126506208466175,0.0815768750035204,100,mac,phase-13,without
10,247.52244498317268,0.8460570309788511,0.0,59.56241498091112,0.0808115420004469,100,mac,phase-13,without
11,247.47445760540228,0.845893005213981,0.0,59.55086756706426,0.0807958750010584,100,mac,phase-13,without
12,246.81668715232772,0.8436446785354379,0.0,59.39258536889483,0.0805811250029364,100,mac,phase-13,without
13,232.70448612177128,0.7954077321635605,0.0,55.996704344314665,0.0759737499975017,100,mac,phase-13,without
14,229.79544077510047,0.7854643176616778,0.0,55.29668796338212,0.0750240000052144,100,mac,phase-13,without
15,244.65015511313172,0.8362392504550578,0.0,58.87124323203607,0.0798737919976702,100,mac,phase-13,without
16,245.3866681263645,0.8387567272571934,0.0,59.04847359890642,0.0801142499985871,100,mac,phase-13,without
17,255.4156904869251,0.8730369513498943,0.0,61.46180137503256,0.0833885419997386,100,mac,phase-13,without
18,227.4619774661616,0.7774883014293191,0.0,54.735176420624065,0.0742621669996879,100,mac,phase-13,without
19,247.43821361384772,0.8457691195441883,0.0,59.54214601591086,0.0807840420020511,100,mac,phase-13,without
20,245.42202081322208,0.8388775663563784,0.0,59.05698067148904,0.0801257920029456,100,mac,phase-13,without
21,245.46005051191904,0.8390075557558074,0.0,59.06613192520884,0.0801382080026087,100,mac,phase-13,without
22,198.5005478535641,0.6784951731390624,0.0,47.76606018898999,0.064806791000592,100,mac,phase-13,without
23,242.797444696174,0.8299064967739063,0.0,58.42541737288301,0.0792689160007285,100,mac,phase-13,without
24,246.24735962478715,0.8416986588213944,0.0,59.25558558102617,0.0803952499991282,100,mac,phase-13,without
25,248.27937873327463,0.8486443079480266,0.0,59.74455927954107,0.0810586669977055,100,mac,phase-13,without
26,247.81495449698696,0.8470568584119051,0.0,59.63280283219813,0.0809070409959531,100,mac,phase-13,without
27,252.72372926995976,0.8638355526044564,0.0,60.81402290335373,0.0825096659973496,100,mac,phase-13,without
28,248.93357471888788,0.8508804167312274,0.0,59.9019813378784,0.0812722499977098,100,mac,phase-13,without
29,243.99455323999783,0.8339983362045318,0.0,58.71348286879904,0.0796597500011557,100,mac,phase-13,without
0,1752.373482100309,0.831233626527545,0.0,476.26361865522216,0.5163796670021839,100,mac,phase-13,with
1,1753.2505788590777,0.8316496750052546,0.0,476.50199779101064,0.5166381249946426,100,mac,phase-13,with
2,1752.8381169148636,0.8314540247964403,0.0,476.3898980473684,0.5165165830039768,100,mac,phase-13,with
3,1752.9431786106506,0.8315038605279725,0.0,476.4184519281072,0.5165475419998984,100,mac,phase-13,with
4,1765.114376950317,0.8372772355752489,0.0,479.7263648951946,0.5201340830026311,100,mac,phase-13,with
5,1756.9934111913135,0.8334250774093588,0.0,477.5192323524662,0.5177410420001252,100,mac,phase-13,with
6,1756.6034316596722,0.8332400916722034,0.0,477.41324292450565,0.5176261250016978,100,mac,phase-13,with
7,1763.462414839216,0.8364936318112554,0.0,479.2773912825768,0.5196472919997177,100,mac,phase-13,with
8,1753.3060095523142,0.8316759684048242,0.0,476.517062857228,0.5166544590028934,100,mac,phase-13,with
9,1755.2444471139736,0.8325954610247673,0.0,477.0438953487507,0.5172256669975468,100,mac,phase-13,with
10,1763.860454125097,0.8366824406710577,0.0,479.3855712068892,0.5197645840016776,100,mac,phase-13,with
11,1759.238261513727,0.8344899160944743,0.0,478.12934232549,0.5184025420021499,100,mac,phase-13,with
12,1748.4565865038344,0.8293756576843477,0.0,475.19907682682384,0.5152254580025328,100,mac,phase-13,with
13,1773.3545454320447,0.841185937230592,0.0,481.9658945956399,0.5225622500001919,100,mac,phase-13,with
14,1776.3548905408898,0.8426091428263935,0.0,482.7813344738104,0.523446375002095,100,mac,phase-13,with
15,1744.0009641467575,0.827262145257835,0.0,473.9881187469291,0.5139124999986961,100,mac,phase-13,with
16,1748.8014619995813,0.8295392484439423,0.0,475.2928077884412,0.5153270839946344,100,mac,phase-13,with
17,1750.1488506947946,0.8301783786310312,0.0,475.65900382043566,0.5157241249980871,100,mac,phase-13,with
18,1750.578277165131,0.8303820759169757,0.0,475.7757142173904,0.5158506660009152,100,mac,phase-13,with
19,1747.6397256783089,0.8289881819588212,0.0,474.9770687351262,0.5149847499997122,100,mac,phase-13,with
20,1762.187984626153,0.8358891092830492,0.0,478.93102405481585,0.5192717499958235,100,mac,phase-13,with
21,1752.5626705211123,0.8313233675437882,0.0,476.31503666788893,0.5164354159933282,100,mac,phase-13,with
22,1764.9995621069563,0.837222773464517,0.0,479.6951602842297,0.520100250003452,100,mac,phase-13,with
23,1783.0733219996505,0.8457960126364461,0.0,484.6072834001782,0.5254261250011041,100,mac,phase-13,with
24,1751.7065019429492,0.830917246292003,0.0,476.0823454354661,0.5161831250006799,100,mac,phase-13,with
25,1745.6457182867375,0.8280423299402027,0.0,474.43513336253847,0.5143971669967868,100,mac,phase-13,with
26,1752.6965776323325,0.8313868860201942,0.0,476.3514302141304,0.5164748749957653,100,mac,phase-13,with
27,1752.178208974687,0.8311409992480111,0.0,476.2105469291404,0.5163221250040806,100,mac,phase-13,with
28,1762.0314559656858,0.8358148603358786,0.0,478.888482378045,0.5192256250011269,100,mac,phase-13,with
29,1752.354532351862,0.831224637765569,0.0,476.2584684541605,0.5163740829957533,100,mac,phase-13,with
0,227.2823037447636,0.0,0.0,57.07730787818506,0.0794794169996748,100,mac,phase-14,without
1,228.76466537890357,0.0,0.0,57.449572722321946,0.0799977910064626,100,mac,phase-14,without
2,229.7965197297261,0.0,0.0,57.708701864789106,0.0803586250040098,100,mac,phase-14,without
3,229.99490705767593,0.0,0.0,57.75852278973555,0.0804280000011203,100,mac,phase-14,without
4,229.18670205564752,0.0,0.0,57.55555861272128,0.0801453749954816,100,mac,phase-14,without
5,231.26160626838956,0.0,0.0,58.07662842157634,0.0808709580014692,100,mac,phase-14,without
6,227.8381457495341,0.0,0.0,57.21689624346994,0.0796737920027226,100,mac,phase-14,without
7,220.54535576053524,0.0,0.0,55.385461007929194,0.0771235419961158,100,mac,phase-14,without
8,228.6866229862869,0.0,0.0,57.42997396959223,0.0799704999953974,100,mac,phase-14,without
9,229.87968653815292,0.0,0.0,57.72958750987283,0.0803877079961239,100,mac,phase-14,without
10,227.81550598444144,0.0,0.0,57.21121072893056,0.0796658749968628,100,mac,phase-14,without
11,227.62605500780717,0.0,0.0,57.16363398607371,0.0795996249944437,100,mac,phase-14,without
12,229.86336373993495,0.0,0.0,57.72548837252703,0.0803820000000996,100,mac,phase-14,without
13,231.66171813641745,0.0,0.0,58.17710834412581,0.081010875001084,100,mac,phase-14,without
14,230.9662314522403,0.0,0.0,58.002451070137006,0.0807676669937791,100,mac,phase-14,without
15,231.48180120147975,0.0,0.0,58.131925881088705,0.0809479590025148,100,mac,phase-14,without
16,229.71871471960463,0.0,0.0,57.68916272582404,0.0803314170043449,100,mac,phase-14,without
17,231.9388627509407,0.0,0.0,58.246707552816034,0.0811077910038875,100,mac,phase-14,without
18,221.67276777003045,0.0,0.0,55.668587504410795,0.0775177920004352,100,mac,phase-14,without
19,231.92921431455932,0.0,0.0,58.24428454510795,0.0811044169968226,100,mac,phase-14,without
20,229.2441321614661,0.0,0.0,57.569981010669885,0.0801654579991009,100,mac,phase-14,without
21,228.92075580272544,0.0,0.0,57.48877164379768,0.0800523750003776,100,mac,phase-14,without
22,229.27058667095508,0.0,0.0,57.57662452034042,0.0801747090008575,100,mac,phase-14,without
23,230.96611135654717,0.0,0.0,58.002420910556886,0.0807676249969517,100,mac,phase-14,without
24,215.5182335244439,0.0,0.0,54.12300194761942,0.0753655839944258,100,mac,phase-14,without
25,231.36241133068287,0.0,0.0,58.1019435538211,0.0809062089974759,100,mac,phase-14,without
26,229.37019641490616,0.0,0.0,57.601639472800365,0.0802095420003752,100,mac,phase-14,without
27,230.27086205486523,0.0,0.0,57.82782325033272,0.0805245000010472,100,mac,phase-14,without
28,228.54089874330737,0.0,0.0,57.39337830268453,0.0799195409999811,100,mac,phase-14,without
29,229.6250615930292,0.0,0.0,57.66564365614186,0.0802986670023528,100,mac,phase-14,without
0,1756.762206346076,1.7661260064937123,0.0,477.9203619836382,0.5165056249970803,100,mac,phase-14,with
1,1737.2024963244835,1.746462040349734,0.0,472.59921854143175,0.5107548750020214,100,mac,phase-14,with
2,1745.8245097130402,1.755130010333867,0.0,474.9448039284589,0.5132898330048192,100,mac,phase-14,with
3,1762.5196639368455,1.7719141521776365,0.0,479.4866560477672,0.518198375000793,100,mac,phase-14,with
4,1754.595330933374,1.7639475813173395,0.0,477.33087191043927,0.5158685419955873,100,mac,phase-14,with
5,1759.237319588572,1.768614312452708,0.0,478.5937069659762,0.5172333329974208,100,mac,phase-14,with
6,1765.817171014456,1.7752292354514725,0.0,480.3837300914154,0.5191678749979474,100,mac,phase-14,with
7,1777.7301747206948,1.7872057372142267,0.0,483.624616662763,0.522670417005429,100,mac,phase-14,with
8,1777.4321406047927,1.7869061145327874,0.0,483.5435376345139,0.5225827920003212,100,mac,phase-14,with
9,1750.3844466906353,1.7597142524441598,0.0,476.18531714253095,0.5146304999943823,100,mac,phase-14,with
10,1750.895908925981,1.760228440848214,0.0,476.32445846500167,0.5147808749970864,100,mac,phase-14,with
11,1752.491378563241,1.7618324145725786,0.0,476.75849980754566,0.5152499589967192,100,mac,phase-14,with
12,1754.6504583242747,1.764003002545317,0.0,477.34586910386673,0.5158847499988042,100,mac,phase-14,with
13,1755.3462952571251,1.7647025483910477,0.0,477.5351688495171,0.5160893330030376,100,mac,phase-14,with
14,1758.3116163303305,1.7676836750603675,0.0,478.34187297576966,0.5169611669989536,100,mac,phase-14,with
15,1756.9949093324376,1.7663599498211118,0.0,477.98366793083744,0.5165740419979556,100,mac,phase-14,with
16,1767.5214805057878,1.7769426291622896,0.0,480.8473808951992,0.5196689590011374,100,mac,phase-14,with
17,1727.3986897363202,1.7366059780349583,0.0,469.93213088636554,0.5078724580016569,100,mac,phase-14,with
18,1756.8116672700412,1.7661757310516548,0.0,477.9338176366573,0.5165201670024544,100,mac,phase-14,with
19,1752.963015612889,1.7623065655168555,0.0,476.88680684231593,0.5153886249972857,100,mac,phase-14,with
20,1764.7681692091678,1.7741746423127505,0.0,480.0983532084805,0.518859457995859,100,mac,phase-14,with
21,1745.3025614216867,1.754605279981589,0.0,474.8028099150179,0.5131363749969751,100,mac,phase-14,with
22,1757.216415420918,1.7665826365695223,0.0,478.0439278052847,0.5166391669990844,100,mac,phase-14,with
23,1770.0688667966224,1.7795035933955687,0.0,481.5403874807405,0.5204179159991327,100,mac,phase-14,with
24,1755.7857633216242,1.765144358884768,0.0,477.6547244363272,0.5162185410008533,100,mac,phase-14,with
25,1762.728840517084,1.7721244436997183,0.0,479.5435617271955,0.5182598750034231,100,mac,phase-14,with
26,1771.145646571987,1.7805861125650204,0.0,481.83332125297215,0.5207345000017085,100,mac,phase-14,with
27,1756.8595670096458,1.7662238861038948,0.0,477.94684857551056,0.5165342500040424,100,mac,phase-14,with
28,1758.2892259249506,1.767661165310844,0.0,478.3357817526061,0.5169545839962666,100,mac,phase-14,with
29,1755.9440640749146,1.7653035034042843,0.0,477.6977895438538,0.5162650830025086,100,mac,phase-14,with
0,252.0569260482816,0.0,0.0,59.22685631305648,0.080362166998384,100,mac,phase-15,without
1,252.5636013837425,0.0,0.0,59.34591190800159,0.080523707998509,100,mac,phase-15,without
2,255.97155373331972,0.0,0.0,60.14669253837193,0.0816102499957196,100,mac,phase-15,without
3,234.60118746361675,0.0,0.0,55.1252093668655,0.0747968330033472,100,mac,phase-15,without
4,253.97385574356483,0.0,0.0,59.6772851959471,0.0809733330024755,100,mac,phase-15,without
5,252.33189155253675,0.0,0.0,59.2914660925491,0.080449833003513,100,mac,phase-15,without
6,255.14612719979553,0.0,0.0,59.952738658728656,0.081347082996217,100,mac,phase-15,without
7,244.04078157036597,0.0,0.0,57.34326975734617,0.077806415996747,100,mac,phase-15,without
8,250.63124948787944,0.0,0.0,58.89185920698348,0.0799076250041253,100,mac,phase-15,without
9,252.32235341535025,0.0,0.0,59.289224877084415,0.0804467920024762,100,mac,phase-15,without
10,251.56057298405543,0.0,0.0,59.110226184789994,0.0802039170011994,100,mac,phase-15,without
11,251.38231558091536,0.0,0.0,59.06834030699232,0.0801470840015099,100,mac,phase-15,without
12,236.56595209719924,0.0,0.0,55.58687822265356,0.0754232500039506,100,mac,phase-15,without
13,257.3785429826992,0.0,0.0,60.477298609839494,0.0820588339993264,100,mac,phase-15,without
14,255.38228149183257,0.0,0.0,60.00822880748779,0.0814223749985103,100,mac,phase-15,without
15,252.88574631214084,0.0,0.0,59.42160763152467,0.0806264160055434,100,mac,phase-15,without
16,251.8723956183979,0.0,0.0,59.18349643627208,0.0803033339980174,100,mac,phase-15,without
17,252.58816970012697,0.0,0.0,59.35168482671154,0.0805315410034381,100,mac,phase-15,without
18,251.96845130903068,0.0,0.0,59.20606703838309,0.0803339589983807,100,mac,phase-15,without
19,256.3833495792202,0.0,0.0,60.24345390802693,0.0817415409983368,100,mac,phase-15,without
20,253.93595723964492,0.0,0.0,59.668380028049775,0.0809612499942886,100,mac,phase-15,without
21,249.29862380548315,0.0,0.0,58.57872664979576,0.0794827499994426,100,mac,phase-15,without
22,253.27297696815177,0.0,0.0,59.51259681711514,0.0807498750000377,100,mac,phase-15,without
23,250.3815046876699,0.0,0.0,58.83317564042237,0.0798280000017257,100,mac,phase-15,without
24,252.92717650013057,0.0,0.0,59.43134265380538,0.0806396250045509,100,mac,phase-15,without
25,253.18214670026128,0.0,0.0,59.49125405415453,0.0807209159975173,100,mac,phase-15,without
26,252.25818664902565,0.0,0.0,59.27414734714401,0.0804263340032775,100,mac,phase-15,without
27,244.1120086467984,0.0,0.0,57.360006277495025,0.0778291250026086,100,mac,phase-15,without
28,253.4064073264722,0.0,0.0,59.54394949916176,0.0807924159962567,100,mac,phase-15,without
29,252.61770622229048,0.0,0.0,59.35862514524034,0.0805409579988918,100,mac,phase-15,without
0,1795.080121367291,2.3187907813079054,0.0,486.2403451412186,0.5233609579954646,100,mac,phase-15,with
1,1779.6926984637155,2.298914111764198,0.0,482.0722939582054,0.5188747089996468,100,mac,phase-15,with
2,1815.206967652506,2.3447895905351,0.0,491.69218239786034,0.5292289999997593,100,mac,phase-15,with
3,1778.7127427770808,2.2976482561707834,0.0,481.80684954398646,0.5185889999993378,100,mac,phase-15,with
4,1778.7051695446603,2.297638473464534,0.0,481.8047981530195,0.5185867920008604,100,mac,phase-15,with
5,1781.2344422536917,2.30090565589907,0.0,482.4899121044006,0.5193242089953856,100,mac,phase-15,with
6,1776.1563189074311,2.2943460012844983,0.0,481.1143810519624,0.5178436670030351,100,mac,phase-15,with
7,1776.2419225500996,2.2944565796008103,0.0,481.1375688441177,0.5178686250001192,100,mac,phase-15,with
8,1773.7140800868076,2.2911912446830485,0.0,480.4528423089714,0.5171316249980009,100,mac,phase-15,with
9,1782.3990367731817,2.302410018296943,0.0,482.8053703585286,0.5196637499975623,100,mac,phase-15,with
10,1780.5187335949888,2.2999811408202455,0.0,482.29604531200187,0.5191155420034193,100,mac,phase-15,with
11,1777.5224205297602,2.2961106600373196,0.0,481.4844223199996,0.5182419580014539,100,mac,phase-15,with
12,1768.055444748717,2.283881714985425,0.0,478.9200657119437,0.5154818330047419,100,mac,phase-15,with
13,1777.3892268957047,2.2959386074547634,0.0,481.44834364149233,0.5182031250005821,100,mac,phase-15,with
14,1781.2107176085894,2.3008750096411688,0.0,482.48348571736335,0.5193172920044162,100,mac,phase-15,with
15,1772.853313724588,2.29007935163615,0.0,480.2196831713544,0.5168806660003611,100,mac,phase-15,with
16,1770.9595755799237,2.2876331195711908,0.0,479.706718943124,0.5163285410017124,100,mac,phase-15,with
17,1786.4787687097223,2.3076800030135325,0.0,483.9104632406203,0.5208532079996075,100,mac,phase-15,with
18,1763.9964363145286,2.2786384998072204,0.0,477.8205862856619,0.5142984170015552,100,mac,phase-15,with
19,1795.3519416276438,2.3191419045287445,0.0,486.31397415400585,0.5234402080022846,100,mac,phase-15,with
20,1791.298932109912,2.31390643843762,0.0,485.2161196775931,0.5222585410010652,100,mac,phase-15,with
21,1774.3506127860628,2.2920134843911626,0.0,480.6252624008077,0.5173172080030781,100,mac,phase-15,with
22,1777.8562672269466,2.2965419057709173,0.0,481.57485267535367,0.5183392920007464,100,mac,phase-15,with
23,1777.8481211824924,2.2965313831359886,0.0,481.5726461245597,0.5183369169972138,100,mac,phase-15,with
24,1781.717483114438,2.301529622863865,0.0,482.6207552640183,0.519465040997602,100,mac,phase-15,with
25,1774.9085456819907,2.292734192976961,0.0,480.7763918577341,0.5174798750012997,100,mac,phase-15,with
26,1776.865308398377,2.2952618368932156,0.0,481.3064277972165,0.5180503750016214,100,mac,phase-15,with
27,1779.5730804224474,2.298759595423635,0.0,482.0398925533996,0.5188398340033018,100,mac,phase-15,with
28,1777.118548815509,2.295588959642619,0.0,481.3750240154935,0.5181242079997901,100,mac,phase-15,with
29,1792.9830205511932,2.3160818559613663,0.0,485.6722952739856,0.5227495420040214,100,mac,phase-15,with
0,242.90782385251904,0.8766974823241211,0.0,55.38849450826323,0.0747689999989233,100,mac,phase-12,without
1,252.8262075020909,0.9124946906494644,0.0,57.650110991389376,0.0778219589992659,100,mac,phase-12,without
2,258.8651385625255,0.9342902655002208,0.0,59.02712427392467,0.0796807910010102,100,mac,phase-12,without
3,265.50943051664234,0.9582706953423544,0.0,60.54217357359375,0.081725957999879,100,mac,phase-12,without
4,241.39105099810257,0.8712231796786377,0.0,55.04263588755393,0.07430212500185,100,mac,phase-12,without
5,268.08165313176636,0.9675543036464884,0.0,61.12869868395136,0.0825177090009674,100,mac,phase-12,without
6,261.2141409213791,0.9427682322504016,0.0,59.562750101820015,0.0804038329952163,100,mac,phase-12,without
7,258.509264266734,0.9330058519552142,0.0,58.945976861027646,0.0795712500039371,100,mac,phase-12,without
8,252.4190252533188,0.9110250975886732,0.0,57.55726420122725,0.0776966249977704,100,mac,phase-12,without
9,262.6748723911695,0.9480402715845252,0.0,59.89583001546517,0.0808534579991828,100,mac,phase-12,without
10,243.05022751267248,0.8772114424277945,0.0,55.42096577338459,0.0748128330014878,100,mac,phase-12,without
11,259.4128304085643,0.9362669826552976,0.0,59.15201043990077,0.0798493749971385,100,mac,phase-12,without
12,258.38174975910295,0.9325456294476518,0.0,58.91690066046058,0.0795320000033825,100,mac,phase-12,without
13,262.3333479240832,0.9468076491201768,0.0,59.81795468905688,0.0807483339958707,100,mac,phase-12,without
14,263.7812174805347,0.9520332675244872,0.0,60.148101794672066,0.0811939999985043,100,mac,phase-12,without
15,261.4480561277918,0.9436124737790887,0.0,59.616088075543146,0.0804758339945692,100,mac,phase-12,without
16,260.33751362128316,0.939604328615098,0.0,59.36285919000386,0.0801339999961783,100,mac,phase-12,without
17,259.63144712380875,0.9370560092119934,0.0,59.20186001057201,0.0799166669967235,100,mac,phase-12,without
18,259.9144936048016,0.9380775742374896,0.0,59.26640102950425,0.0800037910012179,100,mac,phase-12,without
19,262.0534105446716,0.9457973053945352,0.0,59.75412261581903,0.0806621669980813,100,mac,phase-12,without
20,259.3887374833051,0.9361800270085772,0.0,59.14651670636333,0.0798419589991681,100,mac,phase-12,without
21,259.46711100115215,0.9364628909554344,0.0,59.16438764643441,0.0798660830041626,100,mac,phase-12,without
22,263.0187002361503,0.9492812073488284,0.0,59.97423056428847,0.0809592910009087,100,mac,phase-12,without
23,262.90255644081475,0.9488620237616412,0.0,59.94774714408369,0.080923540997901,100,mac,phase-12,without
24,259.5381779766367,0.9367193842930944,0.0,59.18059252908872,0.0798879579961067,100,mac,phase-12,without
25,258.72625658100026,0.9337890157602484,0.0,58.99545603142426,0.0796380419997149,100,mac,phase-12,without
26,258.61634070403085,0.9333923098366672,0.0,58.970392717895145,0.0796042090005357,100,mac,phase-12,without
27,262.5734845484217,0.9476743448512254,0.0,59.87271128720777,0.0808222499981639,100,mac,phase-12,without
28,258.2764373758836,0.9321655383507012,0.0,58.89288704794251,0.0794995839969487,100,mac,phase-12,without
29,260.749296149042,0.941090524899868,0.0,59.45675494813809,0.0802607500008889,100,mac,phase-12,without
0,1775.5126657413036,1.5967139663809382,0.0,478.7480709198846,0.5172363329984364,100,mac,phase-12,with
1,1775.0070612028924,1.596259277522039,0.0,478.6117400436914,0.5170890419976786,100,mac,phase-12,with
2,1778.486234577878,1.5993880891754215,0.0,479.54986207109727,0.5181025829951977,100,mac,phase-12,with
3,1773.9054521964044,1.5952686033803731,0.0,478.3147029135485,0.5167681249949965,100,mac,phase-12,with
4,1767.9182652955085,1.5898843416240636,0.0,476.7003217636151,0.5150239579961635,100,mac,phase-12,with
5,1786.6661938054838,1.6067443054363133,0.0,481.75550091332127,0.5204855409974698,100,mac,phase-12,with
6,1776.3588275952677,1.5974749175563998,0.0,478.9762294473272,0.5174828340022941,100,mac,phase-12,with
7,1769.0324619649873,1.5908863358186305,0.0,477.00075302295267,0.5153485419941717,100,mac,phase-12,with
8,1775.2552139057666,1.5964824406084646,0.0,478.6786517757713,0.5171613330021501,100,mac,phase-12,with
9,1777.8539053954712,1.5988194371706346,0.0,479.3793612449952,0.5179183750005905,100,mac,phase-12,with
10,1781.685358726182,1.6022650532806884,0.0,480.41247180865975,0.5190345410010195,100,mac,phase-12,with
11,1782.0121818251405,1.6025589644516485,0.0,480.50059617475256,0.5191297499986831,100,mac,phase-12,with
12,1789.0516293471374,1.6088895214737722,0.0,482.39870818855275,0.521180457995797,100,mac,phase-12,with
13,1768.7971784558893,1.590674745965015,0.0,476.9373113318437,0.5152799999996205,100,mac,phase-12,with
14,1808.8365189834235,1.6266820217555849,0.0,487.7334928563829,0.5269441249984084,100,mac,phase-12,with
15,1797.7783922912574,1.6167374769082972,0.0,484.75178682633776,0.5237227090037777,100,mac,phase-12,with
16,1763.9779647754062,1.5863408395169931,0.0,475.6378617151784,0.513876083001378,100,mac,phase-12,with
17,1780.6474021018207,1.6013316215622933,0.0,480.1325978650942,0.5187321669945959,100,mac,phase-12,with
18,1774.9286825528252,1.5961887918039457,0.0,478.5906060758831,0.5170662089949474,100,mac,phase-12,with
19,1778.508402904317,1.5994080250942804,0.0,479.55583952410177,0.5181090409969329,100,mac,phase-12,with
20,1771.8283856255512,1.5934007027639616,0.0,477.7546440453945,0.5161630410002545,100,mac,phase-12,with
21,1780.4857807279786,1.6011862758771516,0.0,480.08901838383264,0.5186850840036641,100,mac,phase-12,with
22,1793.6520089886435,1.6130266310342836,0.0,483.6391515384461,0.5225206250033807,100,mac,phase-12,with
23,1768.692625535085,1.590580721792676,0.0,476.9091197508373,0.5152495419970364,100,mac,phase-12,with
24,1790.019936648973,1.6097603177358446,0.0,482.6598019344641,0.5214625419976073,100,mac,phase-12,with
25,1771.4579433126603,1.5930675649462802,0.0,477.6547582230597,0.516055125001003,100,mac,phase-12,with
26,1775.868522551646,1.597033987493752,0.0,478.84402391687667,0.5173399999985122,100,mac,phase-12,with
27,1771.2442582749284,1.5928753985423243,0.0,477.597140329607,0.5159928749999381,100,mac,phase-12,with
28,1797.5561220881275,1.6165375898872154,0.0,484.6918540345168,0.5236579580014222,100,mac,phase-12,with
29,1771.974422602043,1.593532033440713,0.0,477.7940213599738,0.5162055839973618,100,mac,phase-12,with
0,241.774082389606,0.0,0.0,58.314702618296096,0.0794790410000132,100,mac,phase-24,without
1,236.29470921743456,0.0,0.0,56.99310514220705,0.0776777919963933,100,mac,phase-24,without
2,245.02596783164793,0.0,0.0,59.09904116536938,0.0805480420021922,100,mac,phase-24,without
3,239.61731779511788,0.0,0.0,57.79450175680519,0.0787700420041801,100,mac,phase-24,without
4,234.89514347109304,0.0,0.0,56.65553686571519,0.0772177090038894,100,mac,phase-24,without
5,244.3573637645225,0.0,0.0,58.937777199610736,0.0803282499982742,100,mac,phase-24,without
6,246.66217572690388,0.0,0.0,59.49368634772521,0.0810859170014737,100,mac,phase-24,without
7,247.69936496973415,0.0,0.0,59.74385121923148,0.0814268749963957,100,mac,phase-24,without
8,247.93347313702415,0.0,0.0,59.80031694136804,0.081503834000614,100,mac,phase-24,without
9,244.9906017154224,0.0,0.0,59.0905110345544,0.080536416004179,100,mac,phase-24,without
10,244.5686539902464,0.0,0.0,58.988739348065465,0.0803977079995093,100,mac,phase-24,without
11,244.99022144221857,0.0,0.0,59.090419314554566,0.0805362909959512,100,mac,phase-24,without
12,243.10761578902108,0.0,0.0,58.63634422210183,0.0799174170024343,100,mac,phase-24,without
13,247.61799186038243,0.0,0.0,59.72422443117351,0.0814001249964349,100,mac,phase-24,without
14,226.95226404933985,0.0,0.0,54.73975397106182,0.0746066249994328,100,mac,phase-24,without
15,247.18260772680364,0.0,0.0,59.61921195000334,0.0812570000052801,100,mac,phase-24,without
16,245.5469078363539,0.0,0.0,59.22468929587267,0.0807192920037778,100,mac,phase-24,without
17,246.62579966560577,0.0,0.0,59.48491262319668,0.0810739590015146,100,mac,phase-24,without
18,242.99404630361005,0.0,0.0,58.6089518287452,0.0798800830016261,100,mac,phase-24,without
19,243.03942360273416,0.0,0.0,58.61989660693602,0.0798950000025797,100,mac,phase-24,without
20,243.40129207930585,0.0,0.0,58.70717747835799,0.0800139579951064,100,mac,phase-24,without
21,242.2193560611542,0.0,0.0,58.42210040669198,0.0796254170054453,100,mac,phase-24,without
22,244.86537532136504,0.0,0.0,59.06030705298102,0.080495249996602,100,mac,phase-24,without
23,229.17519487543,0.0,0.0,55.27591379755472,0.0753373749976162,100,mac,phase-24,without
24,245.74083136710107,0.0,0.0,59.27146268413018,0.0807830410049064,100,mac,phase-24,without
25,244.8130288479063,0.0,0.0,59.047681344705374,0.0804780420003226,100,mac,phase-24,without
26,245.22724384220348,0.0,0.0,59.14758793507991,0.0806142080036806,100,mac,phase-24,without
27,246.6794116137417,0.0,0.0,59.497843557651834,0.0810915830006706,100,mac,phase-24,without
28,245.331815099925,0.0,0.0,59.17281000080416,0.0806485839930246,100,mac,phase-24,without
29,247.67071860704505,0.0,0.0,59.73694185944898,0.0814174580009421,100,mac,phase-24,without
0,1751.7597276163842,2.1636114978065435,0.0,477.192837423917,0.5169033329948434,100,mac,phase-24,with
1,1745.561903408539,2.155956518926692,0.0,475.50450238973934,0.515074499999173,100,mac,phase-24,with
2,1755.551400507329,2.168294621258601,0.0,478.2257183132816,0.5180221670016181,100,mac,phase-24,with
3,1755.4356102341385,2.168151607829042,0.0,478.1941761513408,0.5179879999996047,100,mac,phase-24,with
4,1755.2582529116012,2.167932552477893,0.0,478.1458626511243,0.5179356660009944,100,mac,phase-24,with
5,1777.5037499482094,2.195408131693496,0.0,484.20570732243016,0.5244997919944581,100,mac,phase-24,with
6,1759.7950712124805,2.173536010580334,0.0,479.3817268873795,0.5192743749939837,100,mac,phase-24,with
7,1740.7323645120769,2.149991519434606,0.0,474.188898809454,0.513649416003318,100,mac,phase-24,with
8,1747.5190222160466,2.1583737709548907,0.0,476.0376366216817,0.5156519999945886,100,mac,phase-24,with
9,1756.439586774069,2.1693916267375015,0.0,478.4676670909049,0.5182842499998515,100,mac,phase-24,with
10,1760.364557240052,2.174239387018135,0.0,479.5368592660305,0.5194424170040293,100,mac,phase-24,with
11,1749.0142542489482,2.160220543184708,0.0,476.4449493399381,0.5160932080034399,100,mac,phase-24,with
12,1757.185579477356,2.1703130078862207,0.0,478.67088124702866,0.5185043750025216,100,mac,phase-24,with
13,1753.1326761480982,2.1653072367725006,0.0,477.56683917493183,0.5173084580019349,100,mac,phase-24,with
14,1761.5785063732396,2.175738744641735,0.0,479.8675483566755,0.5198006250066101,100,mac,phase-24,with
15,1759.8886909634932,2.173651641032684,0.0,479.4072296283778,0.5193019999933313,100,mac,phase-24,with
16,1744.5668228570237,2.1547274875198386,0.0,475.2334347859139,0.5147808749970864,100,mac,phase-24,with
17,1751.7886760415424,2.163647252222248,0.0,477.2007231978177,0.5169118749981862,100,mac,phase-24,with
18,1754.5385279543257,2.1670436148180814,0.0,477.9498040312618,0.5177232919959351,100,mac,phase-24,with
19,1740.735333244333,2.1499951861379456,0.0,474.1897075149783,0.5136502920067869,100,mac,phase-24,with
20,1752.7776869870786,2.1648687870135124,0.0,477.47013739424176,0.5172037090014783,100,mac,phase-24,with
21,1755.2290265923716,2.1678964548331496,0.0,478.137901176739,0.5179270419976092,100,mac,phase-24,with
22,1757.0189549564705,2.170107208698398,0.0,478.62549144461894,0.5184552080027061,100,mac,phase-24,with
23,1780.1372456652791,2.1986607818846435,0.0,484.9230918322808,0.5252768749996903,100,mac,phase-24,with
24,1761.1651967645432,2.17522826286308,0.0,479.7549596370018,0.5196786670057918,100,mac,phase-24,with
25,1759.5771922246654,2.1732669066183377,0.0,479.32237497354595,0.5192100839994964,100,mac,phase-24,with
26,1743.5317832092846,2.1534491023353697,0.0,474.9514820166132,0.5144754590000957,100,mac,phase-24,with
27,1746.5222472011149,2.1571426467036403,0.0,475.7661074329752,0.5153578749959706,100,mac,phase-24,with
28,1738.2321697728296,2.1469035102748384,0.0,473.50782651230895,0.512911666999571,100,mac,phase-24,with
29,1754.4581827370755,2.166944379841335,0.0,477.9279173754673,0.5176995840010932,100,mac,phase-24,with
0,222.96877107008976,0.5442410888057111,0.0,64.11840327492284,0.0798695409976062,100,mac,phase-23,without
1,222.282954626191,0.5425670898579795,0.0,63.921185273893215,0.0796238750044722,100,mac,phase-23,without
2,181.99531463538943,0.4442296009406912,0.0,52.33579986082519,0.0651924580015474,100,mac,phase-23,without
3,222.6747169312317,0.5435233365216945,0.0,64.03384308396213,0.0797642079996876,100,mac,phase-23,without
4,181.04789430462063,0.44191705703645,0.0,52.06335328210677,0.0648530830003437,100,mac,phase-23,without
5,216.28285757735333,0.5279215440484597,0.0,62.195756908209155,0.0774745829985477,100,mac,phase-23,without
6,228.03587230478863,0.5566092992946786,0.0,65.57553307315432,0.0816846250017988,100,mac,phase-23,without
7,225.81452162597677,0.5511872381412095,0.0,64.93674649351125,0.0808889159961836,100,mac,phase-23,without
8,223.84663434709512,0.5463838519532451,0.0,64.37084755824169,0.0801839999985531,100,mac,phase-23,without
9,219.9018985547953,0.5367552062359611,0.0,63.236472734674166,0.078770958003588,100,mac,phase-23,without
10,225.93084181352305,0.5514711623213376,0.0,64.97019631098259,0.0809305829970981,100,mac,phase-23,without
11,227.51883136041133,0.555347261901843,0.0,65.42684929281089,0.0814994160027708,100,mac,phase-23,without
12,190.86070386116344,0.4658689949319016,0.0,54.885190965414665,0.0683681250011432,100,mac,phase-23,without
13,217.2412128408597,0.5302607788640359,0.0,62.471348009919225,0.0778178749969811,100,mac,phase-23,without
14,229.29747185810032,0.559688718494219,0.0,65.93832714760018,0.0821365419978974,100,mac,phase-23,without
15,232.20347485859816,0.5667819371071808,0.0,66.77399696543974,0.0831774999969638,100,mac,phase-23,without
16,230.8951149542498,0.5635883812765823,0.0,66.39775616914736,0.0827088329970138,100,mac,phase-23,without
17,208.47225322116213,0.5088567584345681,0.0,59.94968685307256,0.0746767500022542,100,mac,phase-23,without
18,230.29258215990367,0.5621176681248602,0.0,66.22448777596009,0.0824930000017047,100,mac,phase-23,without
19,229.14404490940265,0.5593142209840491,0.0,65.89420665968329,0.082081583001127,100,mac,phase-23,without
20,226.8241736853617,0.5536516825271987,0.0,65.22708884773559,0.0812505829962901,100,mac,phase-23,without
21,226.7383300922263,0.5534421482037561,0.0,65.20240308525501,0.0812198330022511,100,mac,phase-23,without
22,190.32796262279587,0.4645686349297839,0.0,54.73199230266517,0.0681772920070216,100,mac,phase-23,without
23,216.75046098615985,0.5290629101111453,0.0,62.3302240974693,0.0776420830006827,100,mac,phase-23,without
24,227.06542074876592,0.554240538822312,0.0,65.29646348000362,0.0813369999959832,100,mac,phase-23,without
25,225.09543972767355,0.5494320420507669,0.0,64.72996245410597,0.0806313339999178,100,mac,phase-23,without
26,190.4228763228689,0.4648003083395731,0.0,54.75928632625596,0.0682112909998977,100,mac,phase-23,without
27,229.14323255066827,0.5593122381099455,0.0,65.89397305232795,0.0820812920064781,100,mac,phase-23,without
28,229.7988069023712,0.5609124195938885,0.0,66.08249443340499,0.0823161249936674,100,mac,phase-23,without
29,226.1253285462026,0.5519458820349721,0.0,65.02612422724515,0.0810002500002156,100,mac,phase-23,without
0,1786.9876176050948,0.9744578121988632,0.0,485.98563233904,0.5244097500035423,100,mac,phase-23,with
1,1782.494248517345,0.9720075441793689,0.0,484.7636245333176,0.5230911249964265,100,mac,phase-23,with
2,1789.6608931992605,0.9759155695225464,0.0,486.71265110360656,0.5251942500035511,100,mac,phase-23,with
3,1757.1659998786438,0.9581958593573018,0.0,477.8754039270571,0.5156582919953507,100,mac,phase-23,with
4,1774.29452682005,0.9675361741558348,0.0,482.53364437295994,0.5206848329980858,100,mac,phase-23,with
5,1774.592693303347,0.9676987665857556,0.0,482.61473314240624,0.5207723329949658,100,mac,phase-23,with
6,1773.3727698210766,0.967033533119182,0.0,482.28296515526654,0.5204143340015435,100,mac,phase-23,with
7,1782.7985214602406,0.9721734665077184,0.0,484.84637400348737,0.5231804169961833,100,mac,phase-23,with
8,1756.4093657710655,0.9577832610774696,0.0,477.6696312056359,0.515436249996128,100,mac,phase-23,with
9,1768.703196283028,0.9644871794853014,0.0,481.01303713434186,0.5190440000005765,100,mac,phase-23,with
10,1768.6684113239016,0.9644682109849976,0.0,481.0035770853799,0.5190337919993908,100,mac,phase-23,with
11,1779.504490507408,0.9703772066097822,0.0,483.950535834389,0.5222137500022654,100,mac,phase-23,with
12,1777.5417030532524,0.9693068838221228,0.0,483.4167400248056,0.5216377499964437,100,mac,phase-23,with
13,1800.5370152626765,0.9818464008314552,0.0,489.6704998353564,0.5283859589981148,100,mac,phase-23,with
14,1773.0453523522408,0.9668549899064512,0.0,482.193921345414,0.5203182500044932,100,mac,phase-23,with
15,1768.900981174923,0.9645950330770908,0.0,481.06682632392983,0.519102041995211,100,mac,phase-23,with
16,1769.166632213147,0.9647398945898208,0.0,481.1390722569855,0.5191800000029616,100,mac,phase-23,with
17,1763.204154234821,0.96148851042308,0.0,479.517528491345,0.5174302500017802,100,mac,phase-23,with
18,1771.3954965865237,0.9659553111263268,0.0,481.74522982138154,0.5198340829956578,100,mac,phase-23,with
19,1767.0888376996136,0.9636068575861454,0.0,480.5739993540834,0.5185702500020852,100,mac,phase-23,with
20,1767.2573750274971,0.9636987622609094,0.0,480.619834433777,0.5186197090006317,100,mac,phase-23,with
21,1785.681222404281,0.9737454250526344,0.0,485.6303476736638,0.5240263750019949,100,mac,phase-23,with
22,1765.3002646808288,0.9626315352427376,0.0,480.0875825591626,0.5180453749999288,100,mac,phase-23,with
23,1766.7130081954772,0.9634019149257976,0.0,480.4717895024762,0.5184599589993013,100,mac,phase-23,with
24,1760.5667983320147,0.9600503403777368,0.0,478.8002783752831,0.5166562910017092,100,mac,phase-23,with
25,1766.236221217194,0.9631419193941186,0.0,480.34212345507376,0.5183200409956044,100,mac,phase-23,with
26,1761.720706069687,0.9606795749613756,0.0,479.11409285056465,0.5169949170012842,100,mac,phase-23,with
27,1768.10288660893,0.9641598260968948,0.0,480.84977809791,0.5188678330014227,100,mac,phase-23,with
28,1774.1884647492209,0.9674783377094716,0.0,482.50479994110646,0.5206537080011913,100,mac,phase-23,with
29,1779.7001456472087,0.9704838988317078,0.0,484.00374582079274,0.5222711669994169,100,mac,phase-23,with
0,261.69304748056817,0.0,0.0,60.19573731393214,0.0799580409948248,100,mac,phase-8,without
1,250.04241406090983,0.0,0.0,57.51580952974925,0.0763982909993501,100,mac,phase-8,without
2,265.34640271204813,0.0,0.0,61.03609747613698,0.0810742920002667,100,mac,phase-8,without
3,260.32975890934574,0.0,0.0,59.88214793314248,0.0795414999956847,100,mac,phase-8,without
4,256.60290463269945,0.0,0.0,59.02488121091149,0.0784027919944492,100,mac,phase-8,without
5,254.2476553292837,0.0,0.0,58.48311684329771,0.0776831659968593,100,mac,phase-8,without
6,267.4662730703839,0.0,0.0,61.52371898713432,0.0817220000026281,100,mac,phase-8,without
7,261.4647674093651,0.0,0.0,60.143227370192946,0.0798882919989409,100,mac,phase-8,without
8,246.01554802208992,0.0,0.0,56.589532838011,0.0751679170061834,100,mac,phase-8,without
9,264.1344815492734,0.0,0.0,60.75732626436071,0.0807039999999688,100,mac,phase-8,without
10,263.23716595979414,0.0,0.0,60.550921952010754,0.0804298330040182,100,mac,phase-8,without
11,260.4273987454803,0.0,0.0,59.904607459614105,0.0795713330007856,100,mac,phase-8,without
12,263.1834383636676,0.0,0.0,60.538563303991346,0.080413417003001,100,mac,phase-8,without
13,264.8376041165323,0.0,0.0,60.91906147958976,0.0809188330022152,100,mac,phase-8,without
14,262.7376459678526,0.0,0.0,60.43602025894914,0.0802772090028156,100,mac,phase-8,without
15,265.9190191847479,0.0,0.0,61.16781312966357,0.0812492499971995,100,mac,phase-8,without
16,262.16475454640056,0.0,0.0,60.30424136055219,0.0801021669976762,100,mac,phase-8,without
17,270.0616666527359,0.0,0.0,62.120722353534894,0.0825150000018766,100,mac,phase-8,without
18,267.46191030093564,0.0,0.0,61.522715444525154,0.0817206669962615,100,mac,phase-8,without
19,262.00329030822877,0.0,0.0,60.26710067622695,0.0800528330000815,100,mac,phase-8,without
20,253.51275965468895,0.0,0.0,58.314073044056784,0.0774586249972344,100,mac,phase-8,without
21,264.0262048684438,0.0,0.0,60.732420006058504,0.0806709169992245,100,mac,phase-8,without
22,263.8846528399279,0.0,0.0,60.69985961208996,0.0806276670045917,100,mac,phase-8,without
23,264.5367741043955,0.0,0.0,60.849863292778615,0.0808269170011044,100,mac,phase-8,without
24,263.01842955838407,0.0,0.0,60.50060728340553,0.0803629999936674,100,mac,phase-8,without
25,262.9862473617866,0.0,0.0,60.493204598958165,0.0803531670026131,100,mac,phase-8,without
26,263.65418646654734,0.0,0.0,60.64684676591282,0.0805572500030393,100,mac,phase-8,without
27,248.40133983118992,0.0,0.0,57.13832272146015,0.0758968750014901,100,mac,phase-8,without
28,269.71869832726696,0.0,0.0,62.04183133435922,0.0824102090045926,100,mac,phase-8,without
29,263.8835596650258,0.0,0.0,60.69960815539335,0.0806273329944815,100,mac,phase-8,without
0,2673.158058917114,4.165419647708787,83.94664273890531,544.3598821864588,0.5358459170020069,100,mac,phase-8,with
1,2687.7056371085996,4.188088254162213,84.40348828347878,547.3223399895053,0.5387620410037925,100,mac,phase-8,with
2,2666.159993555215,4.1545149880096846,83.72687866964678,542.9348014572333,0.5344431249977788,100,mac,phase-8,with
3,2634.213598200858,4.104734862798376,82.72364856558987,536.4292617068362,0.5280393339999137,100,mac,phase-8,with
4,2701.800294002141,4.2100511008993236,84.84611049312427,550.1925652425285,0.5415873750025639,100,mac,phase-8,with
5,2652.2567818234234,4.132850458626293,83.2902685169928,540.103561951928,0.5316561669969815,100,mac,phase-8,with
6,2614.3387398209356,4.073765079580733,82.09950753122784,532.3819606016596,0.5240553339972394,100,mac,phase-8,with
7,2639.0160205062334,4.1122181854401765,82.87446165657259,537.4072233472424,0.5290020000029472,100,mac,phase-8,with
8,2647.3959472152146,4.125276115645056,83.13762107255641,539.1137052744205,0.5306817919990863,100,mac,phase-8,with
9,2626.463490955262,4.09265834196379,82.48026771425411,534.8510357380904,0.526485791997402,100,mac,phase-8,with
10,2657.5557862703176,4.141107575021921,83.45667604822403,541.1826472034695,0.5327183750050608,100,mac,phase-8,with
11,2678.8116729006333,4.174229330581431,84.12418626712093,545.51117985542,0.5369792080018669,100,mac,phase-8,with
12,2615.8421950634834,4.0761078224596545,82.1467213574732,532.6881230883766,0.5243567080033245,100,mac,phase-8,with
13,2685.4360020934346,4.184551619935231,84.3322136953076,546.8601532342776,0.5383070829993812,100,mac,phase-8,with
14,2661.006074609918,4.146483949528505,83.56502733767526,541.885261307334,0.5334099999963655,100,mac,phase-8,with
15,2645.4202246610894,4.122197467333213,83.07557637794919,538.7113706301187,0.530285749999166,100,mac,phase-8,with
16,2661.343642905499,4.147009961675884,83.57562817925836,541.9540034593364,0.5334776669988059,100,mac,phase-8,with
17,2647.3003294066293,4.125127120228483,83.1346183342821,539.094233736311,0.5306626250021509,100,mac,phase-8,with
18,2638.4261103379135,4.111298964297489,82.85593638531795,537.2870944874259,0.5288837499974761,100,mac,phase-8,with
19,2639.055720329314,4.112280047260326,82.87570837180286,537.4153077891417,0.5290099580015521,100,mac,phase-8,with
20,2637.2092940764005,4.109402873512116,82.81772403957079,537.0393029456761,0.5286398339958396,100,mac,phase-8,with
21,2639.669740719435,4.113236837895497,82.89499078952296,537.5403464362623,0.5291330410036608,100,mac,phase-8,with
22,2638.0058149458537,4.1106440435463245,82.84273761953439,537.2015058521628,0.5287994999962393,100,mac,phase-8,with
23,2657.784845972612,4.14146450482682,83.46386933517923,541.2292927477308,0.5327642909978749,100,mac,phase-8,with
24,2642.2511725151435,4.117259326085148,82.97605690231278,538.066027251692,0.5296505000005709,100,mac,phase-8,with
25,2647.220924751434,4.125003388782911,83.13212474652012,539.0780638324765,0.5306467080008588,100,mac,phase-8,with
26,2669.2722995917047,4.159364705246131,83.82461611621034,543.5685891009158,0.5350669999970705,100,mac,phase-8,with
27,2667.51108981616,4.156620319152568,83.76930788356667,543.2099376763497,0.5347139579971554,100,mac,phase-8,with
28,2644.681073525797,4.121045693067077,83.05236441108569,538.5608504528385,0.5301375840062974,100,mac,phase-8,with
29,2660.6874234022303,4.145987414728836,83.55502055973677,541.8203714167805,0.5333461250047549,100,mac,phase-8,with
0,365.5962922637533,0.31946547733638,13.09808457079158,71.3685876369473,0.0776209169998765,100,mac,phase-1,without
1,397.2392053914885,0.3471156985245443,14.231743639506316,77.5456470503832,0.0843391249945852,100,mac,phase-1,without
2,381.68376621972993,0.3335230393391558,13.67444461290539,74.50904698836742,0.0810364999997546,100,mac,phase-1,without
3,374.9568692135735,0.3276449398930212,13.433442535613873,73.19587957210095,0.0796082910019322,100,mac,phase-1,without
4,383.4586629821924,0.3350739802360996,13.738033189680085,74.85552718474466,0.0814133340027183,100,mac,phase-1,without
5,378.5011661164349,0.3307420186267344,13.560422763696112,73.88776696121248,0.080360792002466,100,mac,phase-1,without
6,388.4279301626621,0.3394162269858983,13.916065306421832,75.82558510864969,0.0824683749960968,100,mac,phase-1,without
7,388.868712974047,0.3398013919731275,13.931857070898229,75.91163096679668,0.0825619590032147,100,mac,phase-1,without
8,387.4873009382955,0.3385942860348615,13.882365727429324,75.64196350018807,0.0822686669998802,100,mac,phase-1,without
9,361.1088179961347,0.3155442310347209,12.93731347242356,70.49258121315667,0.0766681669992976,100,mac,phase-1,without
10,384.98725849243414,0.3364096980884604,13.792797621626878,75.15392655296206,0.081737874999817,100,mac,phase-1,without
11,387.3220545051752,0.3384498903400692,13.876445503942838,75.60970550197146,0.0822335830016527,100,mac,phase-1,without
12,381.00905545019447,0.3329334633434065,13.650271997079669,74.37733571091702,0.080893250000372,100,mac,phase-1,without
13,389.17329129877953,0.3400675387091747,13.942769087076163,75.97108814762963,0.0826266250005574,100,mac,phase-1,without
14,394.1035076922953,0.344375662086941,14.11940214556458,76.93352291022262,0.0836733749965787,100,mac,phase-1,without
15,379.72675173367384,0.3318129602705993,13.60433137109457,74.12701532445189,0.0806210000009741,100,mac,phase-1,without
16,376.5386550083152,0.3290271364980035,13.490112596418143,73.504662293654,0.0799441249982919,100,mac,phase-1,without
17,384.2581846187013,0.33577261850638,13.76667735876158,75.0116029743253,0.0815830829960759,100,mac,phase-1,without
18,371.9656137717135,0.3250311200381977,13.326275921566106,72.61195221653337,0.0789732080011162,100,mac,phase-1,without
19,373.64807162243585,0.3265012859336209,13.38655272327846,72.94038727757092,0.0793304160033585,100,mac,phase-1,without
20,365.013031307337,0.3189558120476555,13.077188293953876,71.25472841144624,0.0774970830025267,100,mac,phase-1,without
21,383.8223097063111,0.3353917421411317,13.7510614277864,74.92651519432881,0.0814905410006758,100,mac,phase-1,without
22,389.6713762032651,0.340502775431025,13.960613792672026,76.068320031291,0.0827323749981587,100,mac,phase-1,without
23,385.0612435284915,0.3364743477180107,13.795448256438442,75.1683692802036,0.0817535829992266,100,mac,phase-1,without
24,355.23149135254795,0.3104085034538168,12.72674864160649,69.34525967158267,0.0754203329997835,100,mac,phase-1,without
25,389.8845047491482,0.3406890114899932,13.96824947108972,76.10992516686447,0.0827776250007445,100,mac,phase-1,without
26,389.3864198446626,0.3402537747681428,13.950404765493856,76.0126932832031,0.0826718750031432,100,mac,phase-1,without
27,385.34934147980306,0.3367260935685102,13.80576983630892,75.22460930320518,0.0818147499958286,100,mac,phase-1,without
28,388.2126444619807,0.3392281059611854,13.908352344408604,75.78355887172884,0.082422667001083,100,mac,phase-1,without
29,382.30646891442245,0.3340671696211311,13.696753954466375,74.63060569336069,0.0811687079985858,100,mac,phase-1,without
0,2687.8501392051385,4.536624830061914,90.5323513881473,545.295633066339,0.533217666001292,100,mac,phase-1,with
1,2715.9020526639206,4.5839715944040265,91.47719784715092,550.9866445126663,0.5387826250007492,100,mac,phase-1,with
2,2673.3710411979728,4.512186624010875,90.04466542327584,542.3581966375424,0.5303452920052223,100,mac,phase-1,with
3,2703.820067538137,4.563579299119931,91.0702516015551,548.5355206081875,0.5363857920019655,100,mac,phase-1,with
4,2705.407081577771,4.5662579035528355,91.1237055164882,548.8574849218985,0.5367006250016857,100,mac,phase-1,with
5,2719.8013326503037,4.59055290269483,91.60853366113064,551.7777080908264,0.5395561670011375,100,mac,phase-1,with
6,2670.1455514399586,4.506742556757318,89.93602425764236,541.7038277596462,0.529705417000514,100,mac,phase-1,with
7,2681.5195141422946,4.525939832996414,90.31912284376668,544.0113121322969,0.5319617919958546,100,mac,phase-1,with
8,2686.408260218842,4.5341911884255115,90.48378592196204,545.0031129205282,0.532931624999037,100,mac,phase-1,with
9,2702.8992774628973,4.562025165183043,91.03923748754984,548.3487159944647,0.5362031249969732,100,mac,phase-1,with
10,2673.7677934425333,4.512856272983414,90.0580288593896,542.4386874592636,0.5304240000041318,100,mac,phase-1,with
11,2688.1582638770965,4.537144891064263,90.54272966432654,545.3581436340257,0.5332787919978728,100,mac,phase-1,with
12,2691.1459936483657,4.542187660699427,90.64336258189886,545.9642771283349,0.5338715000034426,100,mac,phase-1,with
13,2656.138394417006,4.483100905229939,89.46423424113277,538.8621360131899,0.5269266670002253,100,mac,phase-1,with
14,2678.044504222127,4.520074618988164,90.2020773230432,543.3063220338199,0.5312724169998546,100,mac,phase-1,with
15,2659.0881063671914,4.488079507377266,89.56358663986693,539.4605566698249,0.5275118330027908,100,mac,phase-1,with
16,2692.3906558823523,4.544288434664978,90.68528538000552,546.2167870696205,0.534118417002901,100,mac,phase-1,with
17,2691.348679635582,4.542529759490167,90.65018946511994,546.0053968998952,0.5339117089970387,100,mac,phase-1,with
18,2666.9830718379812,4.501404839718101,89.82950540437447,541.0622420211162,0.5290780419963994,100,mac,phase-1,with
19,2645.0410412408464,4.464370497893383,89.09045243590177,536.6107685960524,0.5247251660039183,100,mac,phase-1,with
20,2680.2158340883634,4.523739447187379,90.27521220343048,543.7468289939123,0.5317031669983407,100,mac,phase-1,with
21,2659.214756748915,4.488293271254235,89.56785248664701,539.4862507734778,0.5275369579976541,100,mac,phase-1,with
22,2669.225814940643,4.505190201073849,89.90504563025314,541.5172368893692,0.5295229590046802,100,mac,phase-1,with
23,2704.503515961487,4.5647328415151005,91.09327155788225,548.6741747077011,0.5365213749973918,100,mac,phase-1,with
24,2722.9180265552013,4.595813341418859,91.71351035743224,552.4100050895154,0.5401744590053568,100,mac,phase-1,with
25,2659.728082845366,4.489159676669146,89.58514237117693,539.5903914302245,0.527638792002108,100,mac,phase-1,with
26,2715.307655172741,4.582968354536565,91.45717731038408,550.8660565559501,0.5386647079940303,100,mac,phase-1,with
27,2689.5938418367864,4.5395678976606595,90.59108289890465,545.6493854636676,0.5335635829978855,100,mac,phase-1,with
28,2707.2692433189036,4.569400909581777,91.18642697503635,549.2352696245097,0.5370700420025969,100,mac,phase-1,with
29,2679.7924058632752,4.523024773786632,90.2609502651244,543.6609263021328,0.5316191669990076,100,mac,phase-1,with
0,243.54047775399584,0.0,0.0,58.53663370586776,0.0799515000035171,100,mac,phase-30,without
1,243.291711687412,0.0,0.0,58.47684106584192,0.0798698330036131,100,mac,phase-30,without
2,245.5951988714672,0.0,0.0,59.03050009937392,0.080626040995412,100,mac,phase-30,without
3,244.14360606550724,0.0,0.0,58.681599755758846,0.0801494999977876,100,mac,phase-30,without
4,243.31671713606323,0.0,0.0,58.48285129790621,0.0798780420009279,100,mac,phase-30,without
5,241.55492443854592,0.0,0.0,58.05939227067864,0.0792996659947675,100,mac,phase-30,without
6,244.21963070926464,0.0,0.0,58.69987280328379,0.0801744580021477,100,mac,phase-30,without
7,245.1422220915524,0.0,0.0,58.92162400580759,0.080477333998715,100,mac,phase-30,without
8,246.35114409687137,0.0,0.0,59.21219674860971,0.0808742090011946,100,mac,phase-30,without
9,223.61325483398392,0.0,0.0,53.74698822433849,0.0734096250016591,100,mac,phase-30,without
10,244.82669458259335,0.0,0.0,58.845784792604114,0.0803737499954877,100,mac,phase-30,without
11,245.46624823405313,0.0,0.0,58.999505924204115,0.0805837080042692,100,mac,phase-30,without
12,244.69279401281028,0.0,0.0,58.81360086704609,0.0803297919992473,100,mac,phase-30,without
13,241.63082419202945,0.0,0.0,58.0776352999648,0.0793245829991065,100,mac,phase-30,without
14,244.25085325559544,0.0,0.0,58.70737735765924,0.0801847080001607,100,mac,phase-30,without
15,242.3843538378488,0.0,0.0,58.25875134798534,0.0795719579982687,100,mac,phase-30,without
16,247.02788453109272,0.0,0.0,59.37485597995104,0.081096374997287,100,mac,phase-30,without
17,244.8240292446239,0.0,0.0,58.845144160238355,0.080372874996101,100,mac,phase-30,without
18,242.5058171758989,0.0,0.0,58.28794589910761,0.0796118329963064,100,mac,phase-30,without
19,249.33936777338295,0.0,0.0,59.93043692123454,0.081855208001798,100,mac,phase-30,without
20,234.16127478349617,0.0,0.0,56.2822775766509,0.076872416997503,100,mac,phase-30,without
21,244.35937066953136,0.0,0.0,58.73346026662311,0.0802203330022166,100,mac,phase-30,without
22,245.70321065155915,0.0,0.0,59.056461475755675,0.0806615000037709,100,mac,phase-30,without
23,244.62806434791267,0.0,0.0,58.79804264559987,0.0803085420047864,100,mac,phase-30,without
24,243.1429613426851,0.0,0.0,58.44108789444635,0.0798209999993559,100,mac,phase-30,without
25,247.57986270663923,0.0,0.0,59.507527741842864,0.0812775829981546,100,mac,phase-30,without
26,242.2868816000614,0.0,0.0,58.235323223295474,0.0795399589987937,100,mac,phase-30,without
27,246.40584599254623,0.0,0.0,59.22534472655436,0.080892166995909,100,mac,phase-30,without
28,225.71531849657757,0.0,0.0,54.25223372512112,0.0740997079992666,100,mac,phase-30,without
29,243.29945488439853,0.0,0.0,58.47870219664816,0.0798723750049248,100,mac,phase-30,without
0,1798.1720573041905,1.3072495663211317,0.0,483.6823395388187,0.5218875000064145,100,mac,phase-30,with
1,1778.4095800113162,1.2928824818335258,0.0,478.3665182784046,0.5161517919987091,100,mac,phase-30,with
2,1779.3928443092848,1.2935973032110897,0.0,478.6310021881031,0.5164371669961838,100,mac,phase-30,with
3,1788.721435880799,1.3003790776451396,0.0,481.14025872870167,0.5191446250028093,100,mac,phase-30,with
4,1773.9815157607254,1.289663332115503,0.0,477.17543288273623,0.5148666250024689,100,mac,phase-30,with
5,1777.9932479026747,1.292579813372932,0.0,478.2545309479849,0.5160309589991812,100,mac,phase-30,with
6,1778.2917123371087,1.2927967934449398,0.0,478.3348135746278,0.5161175829998683,100,mac,phase-30,with
7,1777.008977493155,1.2918642605643114,0.0,477.9897764087952,0.5157452919956995,100,mac,phase-30,with
8,1807.2129482028497,1.3138221858090284,0.0,486.11420874934055,0.5245114580029622,100,mac,phase-30,with
9,1754.4484513303544,1.275463028033475,0.0,471.9213203723859,0.5091975000032107,100,mac,phase-30,with
10,1775.5038586790918,1.290770057198758,0.0,477.5849211635405,0.5153084579942515,100,mac,phase-30,with
11,1786.1638599055125,1.2985197505184911,0.0,480.45230769184184,0.5184023340043495,100,mac,phase-30,with
12,1780.7071642069795,1.2945527980477989,0.0,478.9845352776855,0.5168186250011786,100,mac,phase-30,with
13,1775.8797060100978,1.2910432937105063,0.0,477.6860186728873,0.5154175410061725,100,mac,phase-30,with
14,1780.113098568184,1.2941209194377807,0.0,478.8247401919788,0.5166462080014753,100,mac,phase-30,with
15,1785.158912954736,1.2977891661118202,0.0,480.18199146137346,0.5181106660020305,100,mac,phase-30,with
16,1777.3925771953193,1.292143132957116,0.0,478.09295919413296,0.5158566249956493,100,mac,phase-30,with
17,1790.8697154837926,1.3019408512073205,0.0,481.71811494670857,0.5197681249992456,100,mac,phase-30,with
18,1803.151834893606,1.3108698050339378,0.0,485.021827862557,0.5233327919995645,100,mac,phase-30,with
19,1790.2618712334158,1.301498955711576,0.0,481.5546136132831,0.5195917090022704,100,mac,phase-30,with
20,1815.5910112672468,1.3199129373937035,0.0,488.3677868356704,0.5269430419939454,100,mac,phase-30,with
21,1782.178110375644,1.2956221583091028,0.0,479.380198574368,0.5172455409992835,100,mac,phase-30,with
22,1787.922647963148,1.2997983683883751,0.0,480.9253963036988,0.5189127909980016,100,mac,phase-30,with
23,1801.2898191339896,1.3095161418600751,0.0,484.5209724882278,0.5227923749989714,100,mac,phase-30,with
24,1840.8703326220395,1.3382907014923673,0.0,495.16755955217593,0.5342799159989227,100,mac,phase-30,with
25,1787.1828714348917,1.299260559705491,0.0,480.72640709103166,0.5186980840007891,100,mac,phase-30,with
26,1795.5368124903796,1.3053337748783658,0.0,482.9734967049953,0.5211226670071483,100,mac,phase-30,with
27,1806.5717961022324,1.3133560759047658,0.0,485.94174808476333,0.5243253749940777,100,mac,phase-30,with
28,1786.9277584928166,1.2990750956496262,0.0,480.6577853903617,0.518624042000738,100,mac,phase-30,with
29,1783.093470454418,1.2962876141319446,0.0,479.62641722881955,0.5175112080032704,100,mac,phase-30,with
0,342.4143558163426,22.97464388732165,0.0,74.05866582589358,0.0776710830032243,100,mac,phase-6,without
1,335.7760493211137,22.529239875626008,0.0,72.62290790853656,0.0761652920045889,100,mac,phase-6,without
2,341.1873197932309,22.892314641514485,0.0,73.7932778558848,0.0773927499976707,100,mac,phase-6,without
3,343.31589768498696,23.03513376757867,0.0,74.25365469491692,0.0778755829960573,100,mac,phase-6,without
4,323.4364226768475,21.701299916220275,0.0,69.95404700787338,0.0733662499987986,100,mac,phase-6,without
5,343.57894075041355,23.05278291298555,0.0,74.31054663928006,0.0779352500030654,100,mac,phase-6,without
6,340.9806705493116,22.87844929764678,0.0,73.74858297952042,0.0773458750045392,100,mac,phase-6,without
7,342.3226982986895,22.968494031768262,0.0,74.03884179294928,0.0776502919979975,100,mac,phase-6,without
8,347.991867104201,23.348872751968884,0.0,75.26499096265042,0.0789362499999697,100,mac,phase-6,without
9,342.6748286808958,22.992120582453644,0.0,74.11500187753683,0.0777301670023007,100,mac,phase-6,without
10,341.8285783996754,22.935340548204696,0.0,73.9319716811756,0.0775382089996128,100,mac,phase-6,without
11,335.4773722078628,22.5091998270776,0.0,72.55830889817277,0.0760975419980241,100,mac,phase-6,without
12,346.7988119862842,23.268823489995807,0.0,75.00695251073147,0.0786656250056694,100,mac,phase-6,without
13,331.433108143719,22.237845764136868,0.0,71.68360024256154,0.0751801669975975,100,mac,phase-6,without
14,350.091974780035,23.489781639571707,0.0,75.71921015621251,0.0794126249966211,100,mac,phase-6,without
15,343.7258942820048,23.06264291154853,0.0,74.34233030226962,0.0779685840025194,100,mac,phase-6,without
16,345.48434185317456,23.18062776252195,0.0,74.72265396228423,0.0783674590056762,100,mac,phase-6,without
17,345.7758506438568,23.200186845084307,0.0,74.78570258085915,0.0784335829957854,100,mac,phase-6,without
18,340.37431417243903,22.837765191998695,0.0,73.61743793982387,0.077208333001181,100,mac,phase-6,without
19,338.8638501525627,22.73641905282022,0.0,73.29074909576718,0.0768657090011402,100,mac,phase-6,without
20,343.6852962193971,23.059918942722213,0.0,74.33354960046559,0.0779593749975902,100,mac,phase-6,without
21,317.60505568184874,21.31003834143328,0.0,68.69281700318751,0.0720434999966528,100,mac,phase-6,without
22,357.97550683910896,24.018735343045087,0.0,77.42429014591897,0.0812008749999222,100,mac,phase-6,without
23,356.2699615000434,23.90430002182354,0.0,77.05540837980368,0.0808140000008279,100,mac,phase-6,without
24,350.6355097803409,23.526250680253575,0.0,75.8367679521068,0.0795359170006122,100,mac,phase-6,without
25,367.0517236964975,24.627713461516414,0.0,79.38732849342684,0.0832596659965929,100,mac,phase-6,without
26,404.5004296622107,27.140372960129103,0.0,87.48687558780871,0.0917542910028714,100,mac,phase-6,without
27,374.12335666707185,25.10219195939788,0.0,80.91680789204189,0.0848637500021141,100,mac,phase-6,without
28,360.5851642476922,24.193832994798537,0.0,77.98871667377752,0.0817928329997812,100,mac,phase-6,without
29,347.03484840814104,23.284660596835764,0.0,75.05800335656228,0.0787191659983364,100,mac,phase-6,without
0,1851.2929834808735,1.525707090391358,0.0,489.00607477143456,0.5257506659982027,100,mac,phase-6,with
1,1815.007070744064,1.4958027614505225,0.0,479.4214050755753,0.5154457909957273,100,mac,phase-6,with
2,1824.3835418159383,1.5035301976396394,0.0,481.8981342345893,0.5181086250013323,100,mac,phase-6,with
3,1816.9370047177165,1.4973932789827893,0.0,479.9311836170838,0.5159938750002766,100,mac,phase-6,with
4,1807.6972774020392,1.4897785374996202,0.0,477.4905743634894,0.5133698749996256,100,mac,phase-6,with
5,1815.024824844166,1.4958173931466672,0.0,479.426094696764,0.5154508330015233,100,mac,phase-6,with
6,1813.8409566037556,1.4948417311717122,0.0,479.1133841931024,0.5151146249991143,100,mac,phase-6,with
7,1811.0336499636064,1.4925281440280254,0.0,478.3718538070269,0.5143173749966081,100,mac,phase-6,with
8,1817.0066970315177,1.4974507145471547,0.0,479.9495923536358,0.5160136669946951,100,mac,phase-6,with
9,1811.1938662876305,1.4926601831940254,0.0,478.41417382683176,0.5143628750010976,100,mac,phase-6,with
10,1810.1798942357495,1.4918245378570545,0.0,478.1463402113843,0.5140749159982079,100,mac,phase-6,with
11,1820.6221276923989,1.5004303013782752,0.0,480.9045830395303,0.5170404169984977,100,mac,phase-6,with
12,1833.386465897124,1.5109497823447535,0.0,484.2761935724085,0.5206653749992256,100,mac,phase-6,with
13,1812.1079196707988,1.4934134825043668,0.0,478.6556146257886,0.5146224579948466,100,mac,phase-6,with
14,1817.8033770455752,1.498107282879162,0.0,480.16002979924787,0.5162399170003482,100,mac,phase-6,with
15,1815.245345843485,1.4959991312374197,0.0,479.4843437741623,0.5155134589949739,100,mac,phase-6,with
16,1814.2052567911392,1.495141962082693,0.0,479.20961153597057,0.5152180829973076,100,mac,phase-6,with
17,1823.507045929918,1.502807850609789,0.0,481.66661398544414,0.5178597080011969,100,mac,phase-6,with
18,1835.8032074173789,1.5129414928443867,0.0,484.9145589176576,0.5213517079973826,100,mac,phase-6,with
19,1815.3267709568293,1.496066236160235,0.0,479.5058516475349,0.5155365829996299,100,mac,phase-6,with
20,1817.835656233042,1.4981338851434334,0.0,480.1685561205276,0.5162490840011742,100,mac,phase-6,with
21,1813.5350490943129,1.4945896234500682,0.0,479.0325808671185,0.5150277499997173,100,mac,phase-6,with
22,1814.531999481375,1.495411240713182,0.0,479.2959183290272,0.5153108750018873,100,mac,phase-6,with
23,1817.4332034128167,1.4978022114824598,0.0,480.06225102692264,0.5161347909961478,100,mac,phase-6,with
24,1821.465316194058,1.5011251987753895,0.0,481.1273053763877,0.5172798749990761,100,mac,phase-6,with
25,1816.57387709804,1.4970940144206697,0.0,479.83526599976256,0.5158907500008354,100,mac,phase-6,with
26,1816.7858837805795,1.497268735602917,0.0,479.89126608001936,0.5159509580043959,100,mac,phase-6,with
27,1851.948081561477,1.5262469767277709,0.0,489.17911434099193,0.5259367079997901,100,mac,phase-6,with
28,1831.3319716804565,1.5092566109118646,0.0,483.7335133151516,0.5200819169986062,100,mac,phase-6,with
29,1819.9536770921384,1.4998794108225963,0.0,480.728016495429,0.5168505830006325,100,mac,phase-6,with
0,400.92061174484104,1.6171587700632244,12.903579352796145,79.20708892538835,0.0838514580027549,100,mac,phase-7,without
1,398.7176187759755,1.608272748003935,12.832676301781396,78.77185896994273,0.0833907080013887,100,mac,phase-7,without
2,393.4009922947646,1.5868275319452692,12.661561348646623,77.72149015840266,0.082278750000114,100,mac,phase-7,without
3,383.6170164396825,1.547362755386955,12.346665319025076,75.78853828989023,0.0802324579999549,100,mac,phase-7,without
4,389.8251629807127,1.5724040187457318,12.546473732908652,77.01503850148366,0.0815308750024996,100,mac,phase-7,without
5,397.77390581907474,1.6044661747324025,12.80230301921896,78.58541618324745,0.0831933329973253,100,mac,phase-7,without
6,399.3999560800827,1.6110250329280644,12.854637241905182,78.90666359195583,0.0835334169969428,100,mac,phase-7,without
7,395.7601766177332,1.5963435695505206,12.737491398705195,78.18757775027653,0.0827721669993479,100,mac,phase-7,without
8,402.1872645561368,1.6222679578734929,12.944346413865578,79.45733268667878,0.0841163750010309,100,mac,phase-7,without
9,411.01636787259105,1.6578811477213755,13.228509991193476,81.20163704776988,0.0859629580008913,100,mac,phase-7,without
10,398.47576527691933,1.60729720447833,12.824892277400007,78.72407766101153,0.083340124998358,100,mac,phase-7,without
11,408.0708742685055,1.646000165116661,13.13370965082669,80.61971642060979,0.0853469160065287,100,mac,phase-7,without
12,405.3895532921413,1.6351847527750234,13.047411673184042,80.08998653696001,0.0847861250003916,100,mac,phase-7,without
13,397.95758979573526,1.6052070848903608,12.808214864854335,78.62170534535913,0.0832317500025965,100,mac,phase-7,without
14,397.9368723030194,1.6051235185331878,12.807548074962726,78.61761233482342,0.0832274169952143,100,mac,phase-7,without
15,378.44542169605904,1.5265025412950282,12.180218194083244,74.7668223871794,0.0791508329930366,100,mac,phase-7,without
16,391.5864815368093,1.5795084969551971,12.603161548621676,77.36300992378476,0.081899249998969,100,mac,phase-7,without
17,394.47718603434674,1.591168481483079,12.696198508500403,77.93410624930665,0.0825038330003735,100,mac,phase-7,without
18,390.30130111050465,1.574324575907918,12.561798178598597,77.10910579082322,0.0816304580002906,100,mac,phase-7,without
19,407.9415825639424,1.6454786523587592,13.1295484136126,80.59417316032173,0.0853198749973671,100,mac,phase-7,without
20,397.80757586719625,1.6046019866912116,12.803386685473626,78.5920681398133,0.0832003749965224,100,mac,phase-7,without
21,392.96947819373383,1.585086970865481,12.647673121697483,77.6362389271822,0.082188499996846,100,mac,phase-7,without
22,390.6595032212386,1.575769424757937,12.57332686838104,77.17987328345646,0.0817053749997285,100,mac,phase-7,without
23,408.1975839921713,1.6465112631616992,13.137787787311058,80.64474957694073,0.0853734170013922,100,mac,phase-7,without
24,414.3103001797005,1.6711675973634978,13.334524787296242,81.85239627919965,0.0866518750044633,100,mac,phase-7,without
25,381.74234235061425,1.539801044775587,12.286329169771872,75.41817200557094,0.0798403750013676,100,mac,phase-7,without
26,374.92099637623625,1.5122863719377595,12.06678500942004,74.07052625886818,0.0784137090013246,100,mac,phase-7,without
27,402.4068083890482,1.623153512829774,12.95141240445424,79.50070643047498,0.0841622919979272,100,mac,phase-7,without
28,401.8214936118709,1.6207925792747733,12.932574122129962,79.38506987239568,0.0840398750005988,100,mac,phase-7,without
29,391.9622167586124,1.581024067597764,12.615254539373826,77.43724131088216,0.0819778340010088,100,mac,phase-7,without
0,2657.2302568272225,3.2206818339172196,88.19971397258719,547.7172043805472,0.5387941250010044,100,mac,phase-7,with
1,2655.7550291576613,3.218893792047667,88.15074770097205,547.4131255101064,0.5384950000006938,100,mac,phase-7,with
2,2631.4800438270404,3.189471424877165,87.3450039166882,542.409484193173,0.5335728749996633,100,mac,phase-7,with
3,2669.88938949099,3.236025268494856,88.6199003215935,550.3265472234065,0.5413609579991316,100,mac,phase-7,with
4,2657.1776492212534,3.2206180711475327,88.1979678025715,547.7063607245273,0.5387834580033086,100,mac,phase-7,with
5,2629.639447924509,3.1872405403794315,87.28391021518256,542.030094398277,0.5331996659951983,100,mac,phase-7,with
6,2682.5466727478065,3.2513664615086095,89.0400252844389,552.9355088603079,0.5439274160016794,100,mac,phase-7,with
7,2626.5176171264575,3.1834567419246245,87.18028931791498,541.3866121735565,0.5325666669959901,100,mac,phase-7,with
8,2667.8957102100285,3.2336088401005334,88.55372542316981,549.915603369597,0.540956708995509,100,mac,phase-7,with
9,2636.6444724943553,3.1957309432416907,87.51642343523338,543.47399353504,0.5346200419953675,100,mac,phase-7,with
10,2646.795163355197,3.2080340342415106,87.85334870855138,545.5662879481969,0.5366782500059344,100,mac,phase-7,with
11,2640.0918077072843,3.199909267595471,87.63084858863014,544.1845698204548,0.5353190419991734,100,mac,phase-7,with
12,2658.6541147687635,3.2224076133804846,88.24697516226348,548.0106947505187,0.539082834002329,100,mac,phase-7,with
13,2646.495348756272,3.2076706455476565,87.8433971577582,545.5044891584483,0.5366174580049119,100,mac,phase-7,with
14,2646.851676931325,3.2081025312216047,87.85522452689166,545.5779367158741,0.5366897089988925,100,mac,phase-7,with
15,2627.7322775701255,3.184928964670564,87.22060675123868,541.6369820542878,0.5328129580011591,100,mac,phase-7,with
16,2634.762163402664,3.1934495004943595,87.45394517499658,543.086005677822,0.5342383750030422,100,mac,phase-7,with
17,2616.753659151691,3.1716223884674246,86.85620061750895,539.3740324387413,0.5305868750001537,100,mac,phase-7,with
18,2606.2445885045313,3.158884925149107,86.50737987726043,537.20786758317,0.5284560000000056,100,mac,phase-7,with
19,2616.0648480189943,3.170787518588769,86.83333735801952,539.2320523800025,0.5304472079951665,100,mac,phase-7,with
20,2636.05594483369,3.1950176214132218,87.49688881974333,543.3526842415861,0.5345007089999854,100,mac,phase-7,with
21,2619.521223253956,3.1749767998532894,86.94806257098227,539.9444920250501,0.5311480410018703,100,mac,phase-7,with
22,2617.590015202315,3.172636089381002,86.88396123940265,539.5464249503566,0.5307564589966205,100,mac,phase-7,with
23,2623.651619066763,3.1799830241829334,87.08516011017637,540.7958630501101,0.5319855420020758,100,mac,phase-7,with
24,2680.8971894189067,3.249367213991731,88.98527505816938,552.5955118294687,0.5435929579980439,100,mac,phase-7,with
25,2609.698088455142,3.1630707214404854,86.62200965278161,537.9197145649725,0.5291562499987776,100,mac,phase-7,with
26,2652.297213840436,3.214702765339081,88.03597468829628,546.7003890304774,0.5377938749952591,100,mac,phase-7,with
27,2644.209864140843,3.2049005360459684,87.7675365548422,545.0333974113175,0.5361540410012822,100,mac,phase-7,with
28,2611.6697816859955,3.165460501759429,86.6874547825577,538.3261265804629,0.5295560409940663,100,mac,phase-7,with
29,2654.1871229077806,3.216993419596578,88.09870520957712,547.0899434201431,0.5381770829990273,100,mac,phase-7,with
0,259.2976060090398,0.9378436735173552,0.0,59.34286692773609,0.0769311670010211,100,mac,phase-9,without
1,255.2444208838569,0.9231838620144488,0.0,58.41525471712115,0.0757286250009201,100,mac,phase-9,without
2,271.6565778521991,0.9825443698819872,0.0,62.17134202529126,0.0805979579963604,100,mac,phase-9,without
3,281.010318201593,1.0163755584742078,0.0,64.31203964828177,0.0833731250022538,100,mac,phase-9,without
4,276.562361563488,1.0002879128637008,0.0,63.294080003616926,0.0820534579979721,100,mac,phase-9,without
5,274.2101672039858,0.9917803503262146,0.0,62.75575664995185,0.0813555839995388,100,mac,phase-9,without
6,274.5216566791403,0.9929069647911036,0.0,62.827044151437065,0.0814480000044568,100,mac,phase-9,without
7,279.96897079436485,1.0126091485453454,0.0,64.07371681312789,0.083064166996337,100,mac,phase-9,without
8,281.3432946979796,1.0175798885309817,0.0,64.38824467083968,0.0834719160047825,100,mac,phase-9,without
9,271.4910013468641,0.9819455025017532,0.0,62.13344817554198,0.0805488330006483,100,mac,phase-9,without
10,266.1546378130474,0.9626446116959808,0.0,60.91216767110775,0.0789655840053455,100,mac,phase-9,without
11,269.5141946577938,0.9747956653873808,0.0,61.68103606847738,0.0799623330021859,100,mac,phase-9,without
12,258.3299852418828,0.9343439226758046,0.0,59.12141717621039,0.0766440829975181,100,mac,phase-9,without
13,269.12490022342575,0.9733876411174044,0.0,61.59194211898058,0.0798468329958268,100,mac,phase-9,without
14,252.39380832952128,0.9128735896178743,0.0,57.76286334306205,0.0748828750001848,100,mac,phase-9,without
15,269.8575658026191,0.9760375914537234,0.0,61.75962001095112,0.0800642079993849,100,mac,phase-9,without
16,269.730891764629,0.975579428931684,0.0,61.730629382401375,0.0800266250007553,100,mac,phase-9,without
17,218.2457214537565,0.7893646697629007,0.0,49.947729966031815,0.0647514579977723,100,mac,phase-9,without
18,268.35867106427986,0.9706162959421448,0.0,61.41658286392536,0.0796194999929866,100,mac,phase-9,without
19,268.1440805449837,0.9698401516343884,0.0,61.367471663762174,0.0795558329991763,100,mac,phase-9,without
20,248.3529828894049,0.8982584813909631,0.0,56.83807977077301,0.0736840000026859,100,mac,phase-9,without
21,267.1683200118613,0.9663109603821372,0.0,61.14415904486973,0.0792663340034778,100,mac,phase-9,without
22,269.2395010869689,0.9738021366328384,0.0,61.618169680043394,0.0798808339968673,100,mac,phase-9,without
23,270.91225705631695,0.979852264234621,0.0,62.00099671967343,0.0803771249993587,100,mac,phase-9,without
24,271.0657570274554,0.9804074524564986,0.0,62.03612673302328,0.0804226670006755,100,mac,phase-9,without
25,270.16990124801515,0.9771672656762832,0.0,61.831101121240685,0.0801568749957368,100,mac,phase-9,without
26,266.0163051495714,0.9621442815337454,0.0,60.8805088487732,0.0789245420019142,100,mac,phase-9,without
27,271.33244897442904,0.9813720404413124,0.0,62.097161869303726,0.0805017919992678,100,mac,phase-9,without
28,271.5900102009636,0.982303603869786,0.0,62.15610734831233,0.0805782079987693,100,mac,phase-9,without
29,276.9916842265628,1.0018407137154304,0.0,63.39233481613155,0.082180834004248,100,mac,phase-9,without
0,1754.9343348502491,0.9659333379641896,0.0,478.1370022922739,0.5167249579972122,100,mac,phase-9,with
1,1749.9576772420037,0.9631941360465022,0.0,476.7810973430186,0.5152596249972703,100,mac,phase-9,with
2,1765.8187969550952,0.9719242543216248,0.0,481.1025058892042,0.5199297919971286,100,mac,phase-9,with
3,1744.1414360162792,0.9599928189430628,0.0,475.1964453768161,0.5135470839959453,100,mac,phase-9,with
4,1751.8730274703044,0.9642483638900476,0.0,477.3029401255735,0.5158235830022022,100,mac,phase-9,with
5,1770.1285132468035,0.9742963650956062,0.0,482.2767007223251,0.5211987500006217,100,mac,phase-9,with
6,1761.33035229714,0.969453769674633,0.0,479.8796159889433,0.5186082090003765,100,mac,phase-9,with
7,1753.9604561917197,0.9653973054501948,0.0,477.8716661978465,0.5164382080038195,100,mac,phase-9,with
8,1755.9675055029504,0.966502005382356,0.0,478.4184926642661,0.517029165996064,100,mac,phase-9,with
9,1753.8309770174317,0.9653260388229864,0.0,477.8363892173782,0.5164000840013614,100,mac,phase-9,with
10,1754.0766355703215,0.9654612517373848,0.0,477.9033196100055,0.5164724159985781,100,mac,phase-9,with
11,1756.588176151927,0.9668436286897564,0.0,478.5875962014294,0.5172119170019869,100,mac,phase-9,with
12,1756.321002261384,0.96669657351921,0.0,478.51480389200896,0.5171332500030985,100,mac,phase-9,with
13,1761.6994107051369,0.9696569030984088,0.0,479.9801670337124,0.5187168749980628,100,mac,phase-9,with
14,1754.4680583884178,0.9656766947552406,0.0,478.0099639038441,0.5165876669998397,100,mac,phase-9,with
15,1774.358559978593,0.976624624950258,0.0,483.42918935037767,0.5224442500039004,100,mac,phase-9,with
16,1748.1307691525826,0.962188587637126,0.0,476.2833508803774,0.5147217080011615,100,mac,phase-9,with
17,1751.65354389843,0.9641275579459168,0.0,477.2431411832288,0.5157589579976047,100,mac,phase-9,with
18,1750.447303023146,0.9634636309533716,0.0,476.914497321919,0.5154037909960607,100,mac,phase-9,with
19,1744.4536070151348,0.9601646409702193,0.0,475.2814972802585,0.5136389999970561,100,mac,phase-9,with
20,1753.692293957126,0.9652497062852384,0.0,477.798604611193,0.5163592499957304,100,mac,phase-9,with
21,1756.044916544988,0.9665446131909476,0.0,478.43958352951904,0.5170519589955802,100,mac,phase-9,with
22,1758.8267386074654,0.968075755762536,0.0,479.19749910245525,0.5178710420004791,100,mac,phase-9,with
23,1752.6821873344052,0.9646937335389036,0.0,477.52339810175727,0.5160618329973659,100,mac,phase-9,with
24,1766.5958315849296,0.9723519419215564,0.0,481.3142112511703,0.5201585830000113,100,mac,phase-9,with
25,1772.717739954104,0.9757215012653548,0.0,482.98214312635065,0.5219611249995069,100,mac,phase-9,with
26,1752.9806340260625,0.9648580015706766,0.0,477.6047107774849,0.5161497079971014,100,mac,phase-9,with
27,1751.227173545069,0.9638928794565556,0.0,477.126975330995,0.5156334170023911,100,mac,phase-9,with
28,1751.2059468821633,0.9638811960898636,0.0,477.1211920644825,0.5156271669984562,100,mac,phase-9,with
29,1757.8863946286374,0.967558181070272,0.0,478.9412996297846,0.5175941659981618,100,mac,phase-9,with
0,396.28272206978374,1.075120568565755,0.0,83.05306392170458,0.1265818329993635,1000,mac,phase-19,without
1,398.7468022997525,1.0818056526996254,0.0,83.56948667104606,0.1273689170047873,1000,mac,phase-19,without
2,398.4385652895779,1.0809694013791007,0.0,83.50488625653553,0.1272704590010107,1000,mac,phase-19,without
3,390.0256092913664,1.0581449340672937,0.0,81.74169615669842,0.1245831669948529,1000,mac,phase-19,without
4,399.47558813639074,1.083782858869394,0.0,83.7222258476607,0.1276017079944722,1000,mac,phase-19,without
5,378.16777035970983,1.0259744511666566,0.0,79.25652635262422,0.1207954999990761,1000,mac,phase-19,without
6,402.8359437074606,1.092899550541648,0.0,84.42649027934232,0.1286750829967786,1000,mac,phase-19,without
7,402.4778762471618,1.0919281085128596,0.0,84.3514463826184,0.1285607079989859,1000,mac,phase-19,without
8,396.55547947783856,1.0758605632294052,0.0,83.11022850947155,0.1266689580006641,1000,mac,phase-19,without
9,396.6259221126875,1.0760516750831708,0.0,83.12499190017495,0.1266914590014494,1000,mac,phase-19,without
10,399.3049711525487,1.0833199726054734,0.0,83.68646788377282,0.127547208998294,1000,mac,phase-19,without
11,376.5862720540822,1.0216838241399433,0.0,78.92507541481062,0.1202903329976834,1000,mac,phase-19,without
12,395.2441338660123,1.072302864240135,0.0,82.83539626255043,0.1262500839948188,1000,mac,phase-19,without
13,398.5322216572024,1.081223492414623,0.0,83.52451478902962,0.1273003750029602,1000,mac,phase-19,without
14,399.0628659124927,1.0826631377023963,0.0,83.63572738751013,0.1274698750057723,1000,mac,phase-19,without
15,398.004708047494,1.0797923406121075,0.0,83.4139583122853,0.1271318750004866,1000,mac,phase-19,without
16,396.15945608043654,1.0747861462122907,0.0,83.02722979489945,0.1265424590019392,1000,mac,phase-19,without
17,376.62984123582095,1.0218020279394888,0.0,78.93420665832551,0.1203042499982984,1000,mac,phase-19,without
18,402.568664946258,1.0921744195235483,0.0,84.37047390819413,0.1285897080015274,1000,mac,phase-19,without
19,397.9303552433974,1.0795906204144736,0.0,83.39837542701808,0.1271081250015413,1000,mac,phase-19,without
20,397.40231882300645,1.078158050219263,0.0,83.28770937943806,0.1269394580012885,1000,mac,phase-19,without
21,397.05742511220944,1.07722234875716,0.0,83.2154264414906,0.1268292910026502,1000,mac,phase-19,without
22,350.76980647561356,0.9516433918795788,0.0,73.51445202269747,0.112043959001312,1000,mac,phase-19,without
23,380.8374274856039,1.033217268294983,0.0,79.81603397578743,0.1216482500021811,1000,mac,phase-19,without
24,405.61921819575144,1.100450613163548,0.0,85.00980986688407,0.129564125003526,1000,mac,phase-19,without
25,397.6823831435901,1.07891786863882,0.0,83.34640535234885,0.1270289169988245,1000,mac,phase-19,without
26,395.58876147911013,1.0732378437754575,0.0,82.90762343165412,0.1263601659957203,1000,mac,phase-19,without
27,397.43884404649145,1.0782571436615285,0.0,83.29536434785305,0.1269511249993229,1000,mac,phase-19,without
28,398.0640619342796,1.079953368537257,0.0,83.42639771950311,0.1271508339996216,1000,mac,phase-19,without
29,374.88398411686927,1.0170654931530154,0.0,78.56830934607044,0.1197465830045985,1000,mac,phase-19,without
0,4325.569297550288,2.200628795485385,0.0,674.3593543741199,0.6668089579980006,1000,mac,phase-19,with
1,4357.059213614013,2.2166492569068437,0.0,679.2686548627411,0.671663291999721,1000,mac,phase-19,with
2,4323.520498594683,2.19958647118823,0.0,674.0399451482114,0.6664931250052177,1000,mac,phase-19,with
3,4354.314680619662,2.2152529786548807,0.0,678.8407802014387,0.6712402079938329,1000,mac,phase-19,with
4,4352.077493569462,2.2141148121142717,0.0,678.4920011365325,0.6708953339984873,1000,mac,phase-19,with
5,4307.477684852261,2.1914247067004484,0.0,671.5388589850995,0.6640200420006295,1000,mac,phase-19,with
6,4317.92440411191,2.196739464051384,0.0,673.1675100066552,0.6656304579955759,1000,mac,phase-19,with
7,4348.6004715146255,2.2123458808291474,0.0,677.9499309055985,0.6703593330021249,1000,mac,phase-19,with
8,4321.477369172663,2.1985470312602775,0.0,673.7214198066532,0.6661781660004635,1000,mac,phase-19,with
9,4309.721092908161,2.192566038171114,0.0,671.8886079092543,0.6643658749962924,1000,mac,phase-19,with
10,4313.893297529628,2.1946886428501924,0.0,672.5390576006839,0.6650090419934713,1000,mac,phase-19,with
11,4359.2866702776355,2.2177824731235947,0.0,679.6159169534046,0.6720066660054727,1000,mac,phase-19,with
12,4313.354061780624,2.1944143072344193,0.0,672.4549903608504,0.6649259160039946,1000,mac,phase-19,with
13,4323.873493469302,2.1997660569565554,0.0,674.0949773022171,0.6665475409972714,1000,mac,phase-19,with
14,4331.200531860756,2.2034936799723264,0.0,675.2372678400046,0.667677041994466,1000,mac,phase-19,with
15,4331.752190222409,2.203774335579118,0.0,675.3232717740556,0.6677620829941588,1000,mac,phase-19,with
16,4316.235631961171,2.195880303009614,0.0,672.9042292177189,0.6653701250033919,1000,mac,phase-19,with
17,4325.784184908932,2.2007381192013376,0.0,674.3928554673795,0.6668420839996543,1000,mac,phase-19,with
18,4329.559867014626,2.2026589934707883,0.0,674.9814870143438,0.6674241249929764,1000,mac,phase-19,with
19,4309.599462249976,2.192504158702678,0.0,671.8696456024494,0.6643471249990398,1000,mac,phase-19,with
20,4300.703394598191,2.187978293713718,0.0,670.4827422781809,0.6629757499977131,1000,mac,phase-19,with
21,4314.315488986149,2.1949034323062193,0.0,672.6048775514134,0.6650741249977727,1000,mac,phase-19,with
22,4313.175138153923,2.194323280028975,0.0,672.4270960391821,0.6648983339982806,1000,mac,phase-19,with
23,4316.762425745972,2.1961483087892866,0.0,672.9863567464139,0.6654513329995098,1000,mac,phase-19,with
24,4326.333683117873,2.201017675832727,0.0,674.4785226320743,0.666926792000595,1000,mac,phase-19,with
25,4324.472999730331,2.200071055131441,0.0,674.1884407580817,0.6666399579989957,1000,mac,phase-19,with
26,4328.942521640742,2.2023449196661447,0.0,674.8852424279967,0.6673289579994162,1000,mac,phase-19,with
27,4317.714388483604,2.196632618823078,0.0,673.1347684196477,0.6655980829964392,1000,mac,phase-19,with
28,4316.54781738011,2.1960391270106165,0.0,672.9528991483292,0.6654182500060415,1000,mac,phase-19,with
29,4298.75054438032,2.1869847832351894,0.0,670.1782915292683,0.6626747080008499,1000,mac,phase-19,with
0,392.97761719784035,0.0,0.0,82.14843481824815,0.1271557500003837,1000,mac,phase-26,without
1,393.8083216259164,0.0,0.0,82.32208610416524,0.1274245409949799,1000,mac,phase-26,without
2,392.782657800016,0.0,0.0,82.10768031039964,0.1270926669967593,1000,mac,phase-26,without
3,394.0904615657848,0.0,0.0,82.3810649198677,0.1275158330026897,1000,mac,phase-26,without
4,386.1846502784042,0.0,0.0,80.72842620762319,0.1249577499984297,1000,mac,phase-26,without
5,387.8018925343955,0.0,0.0,81.06649614910978,0.1254810410027858,1000,mac,phase-26,without
6,390.5682958318153,0.0,0.0,81.64478786602623,0.1263761659938609,1000,mac,phase-26,without
7,391.0349677496118,0.0,0.0,81.742341431275,0.1265271670054062,1000,mac,phase-26,without
8,394.99521491133027,0.0,0.0,82.57019546568124,0.1278085840021958,1000,mac,phase-26,without
9,389.8935329590793,0.0,0.0,81.50373475907328,0.1261578330013435,1000,mac,phase-26,without
10,386.8460219423448,0.0,0.0,80.86668000287307,0.1251717499981168,1000,mac,phase-26,without
11,395.2454142765718,0.0,0.0,82.62249739166286,0.1278895409996039,1000,mac,phase-26,without
12,405.8558215300987,0.0,0.0,84.84050755437045,0.1313227499995264,1000,mac,phase-26,without
13,394.8692730303716,0.0,0.0,82.54386844870608,0.1277678329934133,1000,mac,phase-26,without
14,390.91198968003886,0.0,0.0,81.71663397240133,0.126487374996941,1000,mac,phase-26,without
15,344.4968582488303,0.0,0.0,72.01396839529932,0.1114688329980708,1000,mac,phase-26,without
16,384.1205680557549,0.0,0.0,80.29694839182318,0.1242898750060703,1000,mac,phase-26,without
17,397.6399258501084,0.0,0.0,83.12304849002524,0.1286643330022343,1000,mac,phase-26,without
18,394.5017605534564,0.0,0.0,82.46704327232571,0.1276489169977139,1000,mac,phase-26,without
19,344.61906365958396,0.0,0.0,72.03951433679929,0.1115083749973564,1000,mac,phase-26,without
20,389.40123755570465,0.0,0.0,81.40082483472742,0.125998540999717,1000,mac,phase-26,without
21,390.4691426421824,0.0,0.0,81.62406078392506,0.1263440830007312,1000,mac,phase-26,without
22,383.5958221737522,0.0,0.0,80.1872549869132,0.1241200830045272,1000,mac,phase-26,without
23,405.63909868024984,0.0,0.0,84.7952035927062,0.1312526249967049,1000,mac,phase-26,without
24,392.9889501493175,0.0,0.0,82.15080386977927,0.1271594170029857,1000,mac,phase-26,without
25,393.90245582749657,0.0,0.0,82.34176401197539,0.1274549999943701,1000,mac,phase-26,without
26,388.23392583418934,0.0,0.0,81.15680882294728,0.1256208339982549,1000,mac,phase-26,without
27,391.1639970277912,0.0,0.0,81.76931384085839,0.1265689170031692,1000,mac,phase-26,without
28,375.36074051247016,0.0,0.0,78.46578526581658,0.1214554580001276,1000,mac,phase-26,without
29,394.00032031549273,0.0,0.0,82.36222170259528,0.127486666002369,1000,mac,phase-26,without
0,4380.128143165533,2.10138879977024,0.0,681.3503017921697,0.6705582499998854,1000,mac,phase-26,with
1,4350.119849804401,2.08699216809459,0.0,676.6823653598126,0.6659642500017071,1000,mac,phase-26,with
2,4367.362044247771,2.0952641987527096,0.0,679.3644728241524,0.6686038749976433,1000,mac,phase-26,with
3,4385.158379687939,2.103802081378193,0.0,682.1327796240055,0.6713283339995542,1000,mac,phase-26,with
4,4379.53481634148,2.101104148202542,0.0,681.2580069100528,0.6704674169959617,1000,mac,phase-26,with
5,4414.992750390435,2.1181152727719748,0.0,686.7736615383036,0.6758957080019172,1000,mac,phase-26,with
6,4344.828062989165,2.084453406400675,0.0,675.8592021039141,0.6651541250030277,1000,mac,phase-26,with
7,4341.3965551405145,2.0828071230217904,0.0,675.3254143169224,0.6646287919938914,1000,mac,phase-26,with
8,4399.509587987827,2.1106871467002226,0.0,684.3651800896102,0.6735253750011907,1000,mac,phase-26,with
9,4372.188421705249,2.097579677935307,0.0,680.1152393838812,0.6693427500067628,1000,mac,phase-26,with
10,4381.871661583215,2.10222526161687,0.0,681.6215145880604,0.6708251669988385,1000,mac,phase-26,with
11,4405.364490799886,2.1134960661635036,0.0,685.2759387860617,0.6744217079976806,1000,mac,phase-26,with
12,4370.243774506617,2.096646723530974,0.0,679.8127400248762,0.6690450419991976,1000,mac,phase-26,with
13,4411.071880095241,2.1162342152653517,0.0,686.1637510353228,0.675295458000619,1000,mac,phase-26,with
14,4355.484031467839,2.089565661585886,0.0,677.516789987538,0.6667854580009589,1000,mac,phase-26,with
15,4431.744772384478,2.1261521406993924,0.0,689.3795202867697,0.6784602920015459,1000,mac,phase-26,with
16,4352.832014252881,2.0882933428111476,0.0,677.1042557714812,0.6663794580017566,1000,mac,phase-26,with
17,4377.9739213040975,2.100355300853341,0.0,681.0152020719237,0.6702284579951083,1000,mac,phase-26,with
18,4352.108320515641,2.087946147052441,0.0,676.9916816800034,0.6662686669951654,1000,mac,phase-26,with
19,4350.152510126051,2.0870078370503533,0.0,676.6874458321836,0.6659692500033998,1000,mac,phase-26,with
20,4390.697019686909,2.1064592721450786,0.0,682.9943420969447,0.6721762500019395,1000,mac,phase-26,with
21,4364.406018298075,2.093846030238117,0.0,678.904648566254,0.6681513339935918,1000,mac,phase-26,with
22,4382.623123069413,2.1025857790946567,0.0,681.7384080883579,0.6709402089982177,1000,mac,phase-26,with
23,4376.427729982067,2.0996135076865157,0.0,680.7746844684517,0.6699917500009178,1000,mac,phase-26,with
24,4360.729009551625,2.0920819665523305,0.0,678.3326719168961,0.6675884170035715,1000,mac,phase-26,with
25,4363.072654624847,2.0932063422204696,0.0,678.6972373418655,0.6679472079995321,1000,mac,phase-26,with
26,4435.29276640862,2.127854308914635,0.0,689.9314280666547,0.6790034579971689,1000,mac,phase-26,with
27,4383.56509870232,2.1030376967052717,0.0,681.8849369936282,0.6710844170011114,1000,mac,phase-26,with
28,4367.292098941517,2.095230642135562,0.0,679.3535924905258,0.6685931669999263,1000,mac,phase-26,with
29,4368.828492238344,2.09596773464986,0.0,679.592585963376,0.668828375004523,1000,mac,phase-26,with
0,372.41690745418873,0.6987808306413477,0.0,80.55944718965252,0.1263446250013657,1000,mac,phase-21,without
1,374.2191370831581,0.7021624266213653,0.0,80.94929689763454,0.1269560419968911,1000,mac,phase-21,without
2,373.5228809248077,0.7008560131719944,0.0,80.79868608997135,0.1267198330024257,1000,mac,phase-21,without
3,371.501789929257,0.6970637588022156,0.0,80.36149333619828,0.1260341660017729,1000,mac,phase-21,without
4,370.3486573602652,0.6949000897574668,0.0,80.11205320489653,0.1256429589993786,1000,mac,phase-21,without
5,374.18192034157033,0.7020925953514097,0.0,80.94124634979823,0.1269434159985394,1000,mac,phase-21,without
6,370.5881491675757,0.6953494578733997,0.0,80.16385892911909,0.1257242080027936,1000,mac,phase-21,without
7,373.7075999076504,0.701202608833154,0.0,80.83864361833646,0.1267825000031734,1000,mac,phase-21,without
8,370.2519987370816,0.6947187252929516,0.0,80.09114447305885,0.1256101669932832,1000,mac,phase-21,without
9,379.0060843435642,0.7111443684073311,0.0,81.98478647210231,0.1285800419937004,1000,mac,phase-21,without
10,375.18915124501297,0.7039825032295632,0.0,81.15912572946537,0.1272851250032545,1000,mac,phase-21,without
11,373.9755893616761,0.7017054482304501,0.0,80.89661381742475,0.1268734170007519,1000,mac,phase-21,without
12,367.24283941599487,0.6890725185611054,0.0,79.44021749697316,0.1245892920051119,1000,mac,phase-21,without
13,372.5727632508238,0.6990732691446837,0.0,80.59316117139426,0.1263974999965285,1000,mac,phase-21,without
14,371.65359274993415,0.6973485925436577,0.0,80.3943305975331,0.1260856660010176,1000,mac,phase-21,without
15,373.81703058021776,0.7014079380079139,0.0,80.86231513891236,0.1268196250020992,1000,mac,phase-21,without
16,373.319126157621,0.7004736999026127,0.0,80.75461083162978,0.1266507079999428,1000,mac,phase-21,without
17,373.544619672528,0.7008968024591752,0.0,80.8033885120792,0.1267272080003749,1000,mac,phase-21,without
18,371.64573438003544,0.6973338475679721,0.0,80.39263071247908,0.1260830000028363,1000,mac,phase-21,without
19,373.9364094859971,0.7016319334529968,0.0,80.88813861379548,0.12686012499762,1000,mac,phase-21,without
20,376.57097253955624,0.7065752701331917,0.0,81.45803471392652,0.1277539160000742,1000,mac,phase-21,without
21,370.5016864025152,0.695187224307793,0.0,80.14515571662699,0.1256948750014999,1000,mac,phase-21,without
22,373.37292036397986,0.7005746361368457,0.0,80.76624733749064,0.1266689580006641,1000,mac,phase-21,without
23,375.5544124008384,0.7046678574354545,0.0,81.23813727863025,0.1274090419974527,1000,mac,phase-21,without
24,373.3273559434392,0.7004891417809348,0.0,80.75639105960205,0.1266535000031581,1000,mac,phase-21,without
25,372.41346757829376,0.6987743762637749,0.0,80.55870309212376,0.1263434580032481,1000,mac,phase-21,without
26,372.9915710309908,0.6998590950367054,0.0,80.68375567066019,0.1265395829977933,1000,mac,phase-21,without
27,372.91235353576593,0.699710456062463,0.0,80.66661972034395,0.1265127079968806,1000,mac,phase-21,without
28,378.0011879901325,0.7092588409393122,0.0,81.76741209114643,0.1282391249987995,1000,mac,phase-21,without
29,369.71209066552785,0.6937056740507581,0.0,79.97435413699455,0.1254270000063115,1000,mac,phase-21,without
0,4577.473572086136,2.734372872188525,0.0,687.8281613979598,0.6706312500027707,1000,mac,phase-21,with
1,4512.290327911022,2.6954353902376584,0.0,678.0334852979535,0.6610814579980797,1000,mac,phase-21,with
2,4547.168389125674,2.7162699451330594,0.0,683.2743921738978,0.6661913330026437,1000,mac,phase-21,with
3,4567.703551328303,2.728536709663448,0.0,686.3600818320481,0.6691998750029597,1000,mac,phase-21,with
4,4605.129561564672,2.750893292501771,0.0,691.9838529809028,0.6746830420015613,1000,mac,phase-21,with
5,4566.467547717577,2.7277983777670705,0.0,686.174355343919,0.6690187920030439,1000,mac,phase-21,with
6,4610.66172593053,2.7541979538893835,0.0,692.8151365228819,0.6754935419958201,1000,mac,phase-21,with
7,4543.630445424574,2.7141565397518432,0.0,682.7427676275764,0.665673000003153,1000,mac,phase-21,with
8,4640.525796411528,2.772037380571022,0.0,697.3026225492496,0.6798688329945435,1000,mac,phase-21,with
9,4542.504791572471,2.7134841257426325,0.0,682.5736227035766,0.665508083999157,1000,mac,phase-21,with
10,4565.85124890328,2.7274302291076764,0.0,686.0817479976103,0.6689285000029486,1000,mac,phase-21,with
11,4561.160628714353,2.7246282676334355,0.0,685.3769180057911,0.6682412919981289,1000,mac,phase-21,with
12,4818.831734850124,2.8785491743233154,0.0,724.0955343752076,0.7059918749946519,1000,mac,phase-21,with
13,4564.1755593307,2.7264292489736976,0.0,685.8299526656153,0.6686829999962356,1000,mac,phase-21,with
14,4560.215273646685,2.724063555852819,0.0,685.2348654460499,0.6681027910017292,1000,mac,phase-21,with
15,4585.537754504071,2.739190045088101,0.0,689.039915366247,0.6718127079948317,1000,mac,phase-21,with
16,4600.7671376163935,2.7482873804165764,0.0,691.3283389738137,0.6740439169952879,1000,mac,phase-21,with
17,4545.273426553459,2.715137981360974,0.0,682.9896480674734,0.6659137079986976,1000,mac,phase-21,with
18,4567.281495950077,2.728284593128288,0.0,686.2966622250877,0.6691380409974954,1000,mac,phase-21,with
19,4658.677677669221,2.7828804823188715,0.0,700.0301915706265,0.6825282080026227,1000,mac,phase-21,with
20,4547.54493802598,2.71649487818441,0.0,683.3309738086564,0.6662464999972144,1000,mac,phase-21,with
21,4560.298041068516,2.7241129973164107,0.0,685.247302385922,0.6681149169962737,1000,mac,phase-21,with
22,4541.763638547519,2.7130413949013388,0.0,682.4622543003647,0.6653995000015129,1000,mac,phase-21,with
23,4557.878925597954,2.7226679286309827,0.0,684.8837971203815,0.6677605000004405,1000,mac,phase-21,with
24,4547.794646496953,2.7166440425778755,0.0,683.3684959299248,0.6662830839995877,1000,mac,phase-21,with
25,4567.771527643748,2.7285773155981365,0.0,686.3702962053995,0.669209833999048,1000,mac,phase-21,with
26,4540.775063581927,2.712450865534982,0.0,682.3137073584155,0.6652546669938602,1000,mac,phase-21,with
27,4533.354762265419,2.7080183176887083,0.0,681.1987053532315,0.6641675419959938,1000,mac,phase-21,with
28,4588.423858422745,2.7409140712648252,0.0,689.473592048531,0.6722355419988162,1000,mac,phase-21,with
29,4545.066951538386,2.715014642652162,0.0,682.9586223656848,0.6658834579939139,1000,mac,phase-21,with
0,366.2560098974747,0.0,0.0,80.782447497649,0.1274277500051539,1000,mac,phase-28,without
1,365.89170187996734,0.0,0.0,80.70209470478835,0.1273010000004433,1000,mac,phase-28,without
2,364.4120767633234,0.0,0.0,80.37574446050172,0.1267862089953269,1000,mac,phase-28,without
3,368.47179868647106,0.0,0.0,81.27116805560814,0.1281986669928301,1000,mac,phase-28,without
4,363.8536378653771,0.0,0.0,80.25257361897307,0.1265919169964036,1000,mac,phase-28,without
5,365.55697252599737,0.0,0.0,80.62826586449009,0.1271845410010428,1000,mac,phase-28,without
6,378.0393748010996,0.0,0.0,83.38141933961053,0.1315274170046905,1000,mac,phase-28,without
7,365.74355857140546,0.0,0.0,80.6694198032915,0.1272494579970953,1000,mac,phase-28,without
8,367.84473766973,0.0,0.0,81.13286172808361,0.1279804999940097,1000,mac,phase-28,without
9,366.06882597778775,0.0,0.0,80.7411616900284,0.1273626249967492,1000,mac,phase-28,without
10,365.15554103083457,0.0,0.0,80.53972501381307,0.1270448750001378,1000,mac,phase-28,without
11,367.1380376617663,0.0,0.0,80.9769900024404,0.1277346250062692,1000,mac,phase-28,without
12,365.718411986348,0.0,0.0,80.66387340232536,0.1272407090000342,1000,mac,phase-28,without
13,365.05853593432187,0.0,0.0,80.51832929905542,0.1270111249978072,1000,mac,phase-28,without
14,366.3053517052931,0.0,0.0,80.7933304644586,0.1274449170014122,1000,mac,phase-28,without
15,365.14751907167664,0.0,0.0,80.53795566811773,0.1270420840010047,1000,mac,phase-28,without
16,364.87015348468304,0.0,0.0,80.4767791403244,0.1269455829969956,1000,mac,phase-28,without
17,365.9639167863109,0.0,0.0,80.71802262603086,0.1273261250025825,1000,mac,phase-28,without
18,367.16306638263006,0.0,0.0,80.98251040695109,0.1277433329960331,1000,mac,phase-28,without
19,365.2581738498211,0.0,0.0,80.56236199474246,0.1270805829990422,1000,mac,phase-28,without
20,368.58413204647815,0.0,0.0,81.29594461493215,0.1282377500028815,1000,mac,phase-28,without
21,366.7016354671544,0.0,0.0,80.88073591671505,0.1275827920035226,1000,mac,phase-28,without
22,364.2557879222322,0.0,0.0,80.34127295762192,0.1267318329992122,1000,mac,phase-28,without
23,364.065011256822,0.0,0.0,80.29919472397987,0.1266654580031172,1000,mac,phase-28,without
24,365.0026092698173,0.0,0.0,80.50599395788157,0.126991666998947,1000,mac,phase-28,without
25,363.38262140802976,0.0,0.0,80.14868491487552,0.126428041003237,1000,mac,phase-28,without
26,363.3076529841561,0.0,0.0,80.13214967012348,0.1264019579975865,1000,mac,phase-28,without
27,363.3028616666555,0.0,0.0,80.13109288376646,0.1264002910029376,1000,mac,phase-28,without
28,366.2285868981014,0.0,0.0,80.77639900438956,0.1274182089982787,1000,mac,phase-28,without
29,366.2516985482337,0.0,0.0,80.78149657443056,0.1274262500010081,1000,mac,phase-28,without
0,4389.025421830659,1.6062307124723365,0.0334631398431736,684.0535046741562,0.6730389170043054,1000,mac,phase-28,with
1,4390.751911121623,1.606862547528499,0.0334763030735104,684.3225874286995,0.6733036670048023,1000,mac,phase-28,with
2,4354.233157511607,1.5934979533436806,0.0331978740279933,678.63094088024,0.667703667000751,1000,mac,phase-28,with
3,4357.945080142954,1.5948563879754634,0.0332261747494888,679.2094642290505,0.6682728750020033,1000,mac,phase-28,with
4,4355.256712950203,1.5938725390485649,0.0332056778968451,678.7904675673076,0.6678606249988661,1000,mac,phase-28,with
5,4408.816460337069,1.6134735444966395,0.0336140321770133,687.1380457625065,0.6760737910008174,1000,mac,phase-28,with
6,4345.096674030936,1.5901543180351092,0.0331282149590647,677.2069701932021,0.6663026250025723,1000,mac,phase-28,with
7,4424.448338877007,1.6191942685734702,0.0337332139286139,689.5743591287267,0.678470874998311,1000,mac,phase-28,with
8,4389.556078381045,1.6064249143206022,0.0334671857150125,684.1362103862865,0.6731202909941203,1000,mac,phase-28,with
9,4359.39441815639,1.5953867952996852,0.0332372249020767,679.4353514482535,0.6684951249990263,1000,mac,phase-28,with
10,4364.926572416989,1.5974113714243328,0.0332794035713402,680.2975678053377,0.6693434580010944,1000,mac,phase-28,with
11,4336.208818024484,1.586901671738146,0.0330604514945447,675.8217494514829,0.6649397090004641,1000,mac,phase-28,with
12,4360.874458026974,1.595928438436221,0.0332485091340879,679.6660237190256,0.668722082999011,1000,mac,phase-28,with
13,4369.55825894303,1.5991064076644208,0.0333147168263421,681.0194413640852,0.6700537079959759,1000,mac,phase-28,with
14,4406.642727210601,1.6126780337458744,0.0335974590363723,686.7992576215242,0.6757404580057482,1000,mac,phase-28,with
15,4401.9515346063135,1.6109612203499777,0.0335616920906245,686.0681097165467,0.6750210829995922,1000,mac,phase-28,with
16,4349.9085088683905,1.5919152822940132,0.0331649017144586,677.9569208469628,0.6670404999968014,1000,mac,phase-28,with
17,4371.0961810783265,1.5996692336974665,0.0333264423686972,681.2591349009085,0.6702895420021378,1000,mac,phase-28,with
18,4354.880661070511,1.5937349171346793,0.0332028107736391,678.7318578347315,0.6678029589966172,1000,mac,phase-28,with
19,4358.4390615102575,1.5950371679817958,0.0332299409996207,679.2864539142473,0.6683486250040005,1000,mac,phase-28,with
20,4359.074063939745,1.5952695567940514,0.0332347824332094,679.3854224996667,0.6684460000033141,1000,mac,phase-28,with
21,4353.926660820881,1.5933857862107526,0.033195537212724,678.5831717025042,0.6676566669993917,1000,mac,phase-28,with
22,4405.829754476088,1.6123805139894192,0.0335912607081129,686.6725513952439,0.6756157919953694,1000,mac,phase-28,with
23,4390.797833401572,1.606879353486394,0.0334766531976332,684.3297446660181,0.6733107089967234,1000,mac,phase-28,with
24,4370.716046913472,1.599530117809139,0.0333235441210237,681.199888921967,0.6702312499983236,1000,mac,phase-28,with
25,4326.591936832465,1.5833822275690632,0.0329871297410221,674.3229061659748,0.6634649999978137,1000,mac,phase-28,with
26,4357.462510925597,1.5946797844192484,0.0332224955087343,679.1342531895475,0.6681988750060555,1000,mac,phase-28,with
27,4363.351975051161,1.5968351235319895,0.0332673984069164,680.0521582341861,0.6691019999998389,1000,mac,phase-28,with
28,4369.617223686835,1.599127986710644,0.033315166389805,681.0286313403956,0.67006274999585,1000,mac,phase-28,with
29,4413.620958856811,1.6152318239183203,0.0336506629982983,687.8868530112147,0.6768105410010321,1000,mac,phase-28,with
0,415.7783080782846,0.8040189665521579,0.0,85.15900887398273,0.1279306249998626,1000,mac,phase-17,without
1,422.0703652356464,0.8161863480505611,0.0,86.44773736435526,0.1298666250004316,1000,mac,phase-17,without
2,412.1424740692448,0.7969881055242829,0.0,84.41432351011363,0.1268119170053978,1000,mac,phase-17,without
3,412.8796880127735,0.7984137065753416,0.0,84.56531842143826,0.1270387500044307,1000,mac,phase-17,without
4,411.469987685372,0.7956876725847174,0.0,84.27658598793131,0.126604999997653,1000,mac,phase-17,without
5,417.09240227999413,0.8065601204350865,0.0,85.42815942274959,0.1283349580044159,1000,mac,phase-17,without
6,423.1217497992159,0.8182194823286746,0.0,86.66308016997878,0.1301901250044466,1000,mac,phase-17,without
7,410.3781142890649,0.7935762422800385,0.0,84.05295032816075,0.1262690420044236,1000,mac,phase-17,without
8,428.2287649279869,0.8280952669625078,0.0,87.70909035911228,0.1317615000007208,1000,mac,phase-17,without
9,396.51809038688754,0.7667741656019097,0.0,81.21416370666894,0.1220044580040848,1000,mac,phase-17,without
10,413.8093329307429,0.8002114245699645,0.0,84.75572671903541,0.1273247919962159,1000,mac,phase-17,without
11,415.2038653608061,0.8029081273595478,0.0,85.04135248949876,0.127753875000053,1000,mac,phase-17,without
12,406.1880137216275,0.7854735580790476,0.0,83.19474102653912,0.1249797920027049,1000,mac,phase-17,without
13,412.5154149354085,0.7977092867979858,0.0,84.49070862668667,0.1269266669987701,1000,mac,phase-17,without
14,414.41438118510587,0.8013814477836227,0.0,84.8796516777487,0.1275109589987551,1000,mac,phase-17,without
15,412.0941298430406,0.7968946189858169,0.0,84.40442172758111,0.1267970419939956,1000,mac,phase-17,without
16,410.6939066492969,0.7941869115770788,0.0,84.11763038453893,0.1263662080018548,1000,mac,phase-17,without
17,411.3194040682454,0.7953964787396575,0.0,84.24574370650872,0.1265586669978802,1000,mac,phase-17,without
18,412.5823102935587,0.7978386469297728,0.0,84.5044100206451,0.1269472499989206,1000,mac,phase-17,without
19,412.33449554725235,0.7973594305965721,0.0,84.45365302402026,0.1268710000003921,1000,mac,phase-17,without
20,412.1220248573652,0.7969485614839066,0.0,84.41013513717044,0.1268056249973597,1000,mac,phase-17,without
21,408.4131984224167,0.7897765500070906,0.0,83.65049958825101,0.125664457998937,1000,mac,phase-17,without
22,413.2637309924356,0.7991563567656478,0.0,84.64397745409487,0.1271569160016952,1000,mac,phase-17,without
23,423.52014813900183,0.8189898924612073,0.0,86.74467944318287,0.130312707995472,1000,mac,phase-17,without
24,416.4831582301618,0.8053819835246059,0.0,85.3033750883145,0.1281474999996135,1000,mac,phase-17,without
25,414.7721509379288,0.8020732916372808,0.0,84.95292947258199,0.1276210409996565,1000,mac,phase-17,without
26,413.9803657361021,0.8005421624096729,0.0,84.79075736855785,0.1273774169967509,1000,mac,phase-17,without
27,403.1514038574026,0.7796014577856469,0.0,82.57278773712977,0.1240454589933506,1000,mac,phase-17,without
28,412.93290724944114,0.7985166202551437,0.0,84.5762186953573,0.1270551250054268,1000,mac,phase-17,without
29,421.5257122781883,0.8151331153554523,0.0,86.33618246806499,0.1296990409973659,1000,mac,phase-17,without
0,4389.701260774518,2.6042128594929372,0.0,680.9348880686982,0.669467750005424,1000,mac,phase-17,with
1,4415.426293560704,2.6194743675575753,0.0,684.9253811068813,0.6733910420007305,1000,mac,phase-17,with
2,4432.024517487439,2.6293213493057412,0.0,687.5001143473153,0.6759224159977748,1000,mac,phase-17,with
3,4377.413714664615,2.596923209539543,0.0,679.0288315199869,0.6675937919935677,1000,mac,phase-17,with
4,4414.482629522227,2.6189145340112696,0.0,684.7789989892287,0.6732471249997616,1000,mac,phase-17,with
5,4359.1439929525495,2.586084603129793,0.0,676.1948138568221,0.6648074999975506,1000,mac,phase-17,with
6,4371.622236294917,2.59348738519755,0.0,678.1304515526158,0.666710541001521,1000,mac,phase-17,with
7,4390.225820859822,2.604524057462588,0.0,681.0162583583268,0.6695477499961271,1000,mac,phase-17,with
8,4377.345410404161,2.596882687685579,0.0,679.0182360941973,0.6675833749977755,1000,mac,phase-17,with
9,4404.577183266304,2.61303807705298,0.0,683.2424561730196,0.6717364580035792,1000,mac,phase-17,with
10,4374.415794486212,2.595144677968364,0.0,678.5637911174972,0.6671365830043214,1000,mac,phase-17,with
11,4380.433489471716,2.5987147064816463,0.0,679.4972620345278,0.6680543340044096,1000,mac,phase-17,with
12,4358.454956971787,2.585675828988876,0.0,676.0879299003606,0.6647024159974535,1000,mac,phase-17,with
13,4363.96912667838,2.588947138539631,0.0,676.9432934681511,0.6655433749983786,1000,mac,phase-17,with
14,4360.123445116164,2.586665668165478,0.0,676.3467474645504,0.6649568749999162,1000,mac,phase-17,with
15,4360.186280841253,2.5867029457826995,0.0,676.3564946056174,0.6649664579963428,1000,mac,phase-17,with
16,4399.632108831395,2.610104386200344,0.0,682.4753712378977,0.6709822909979266,1000,mac,phase-17,with
17,4396.038603016253,2.6079725203856747,0.0,681.9179429905877,0.6704342500015628,1000,mac,phase-17,with
18,4358.763686860886,2.5858589845841062,0.0,676.135820392216,0.6647494999997434,1000,mac,phase-17,with
19,4358.0582583938585,2.5854404855163677,0.0,676.0263936167477,0.6646419160024379,1000,mac,phase-17,with
20,4374.630267424229,2.59527191514238,0.0,678.5970603760107,0.6671692919990164,1000,mac,phase-17,with
21,4440.88959053858,2.634580599507212,0.0,688.8752734224306,0.677274417001172,1000,mac,phase-17,with
22,4387.765574774819,2.6030645038138385,0.0,680.6346225036312,0.669172540998261,1000,mac,phase-17,with
23,4393.930526906568,2.60672189338682,0.0,681.5909360977461,0.6701127499982249,1000,mac,phase-17,with
24,4385.929620797626,2.6019753146702476,0.0,680.349827470509,0.6688925419948646,1000,mac,phase-17,with
25,4373.320230933655,2.5944947292537544,0.0,678.3938461939784,0.6669695000018692,1000,mac,phase-17,with
26,4364.048354937445,2.588994141111978,0.0,676.9555834356256,0.6655554579992895,1000,mac,phase-17,with
27,4386.297632560371,2.602193639542045,0.0,680.4069138264103,0.6689486670002225,1000,mac,phase-17,with
28,4363.601934594813,2.588729299946724,0.0,676.8863342617108,0.6654873750012484,1000,mac,phase-17,with
29,4365.547456076731,2.589883490576256,0.0,677.1881255167018,0.6657840840052813,1000,mac,phase-17,with
0,392.6923196485306,0.0,0.0,80.61026913897126,0.1246850840034312,1000,mac,phase-10,without
1,400.5184957667552,0.0,0.0,82.21679448121304,0.1271699999997508,1000,mac,phase-10,without
2,398.0520646223312,0.0,0.0,81.71049560950932,0.12638687499566,1000,mac,phase-10,without
3,399.9544786756752,0.0,0.0,82.10101536551342,0.1269909170005121,1000,mac,phase-10,without
4,403.1854443963641,0.0,0.0,82.7642547600517,0.128016791997652,1000,mac,phase-10,without
5,381.7259833976352,0.0,0.0,78.3591446009504,0.121203125003376,1000,mac,phase-10,without
6,401.6000783728319,0.0,0.0,82.43881732354902,0.1275134169991361,1000,mac,phase-10,without
7,402.39545260740823,0.0,0.0,82.60208848498345,0.1277659589977702,1000,mac,phase-10,without
8,399.54084576275824,0.0,0.0,82.01610649725541,0.1268595829969854,1000,mac,phase-10,without
9,402.8376890448656,0.0,0.0,82.69286896747012,0.127906375004386,1000,mac,phase-10,without
10,414.9605369904961,0.0,0.0,85.18139748389932,0.1317555419955169,1000,mac,phase-10,without
11,400.0866242774884,0.0,0.0,82.12814167278938,0.1270328750033513,1000,mac,phase-10,without
12,394.6405270092331,0.0,0.0,81.01018915733403,0.1253036659982171,1000,mac,phase-10,without
13,400.0064449881728,0.0,0.0,82.1116827970546,0.12700741700246,1000,mac,phase-10,without
14,404.0993175654207,0.0,0.0,82.95185089685027,0.1283069589990191,1000,mac,phase-10,without
15,388.2460478319902,0.0,0.0,79.69755669245045,0.1232733330034534,1000,mac,phase-10,without
16,399.35397808432066,0.0,0.0,81.97774706647837,0.1268002500000875,1000,mac,phase-10,without
17,378.67151729069445,0.0,0.0,77.73213632338405,0.1202332910033874,1000,mac,phase-10,without
18,401.68130957217824,0.0,0.0,82.45549213106155,0.1275392089955858,1000,mac,phase-10,without
19,402.932305515202,0.0,0.0,82.71229144852506,0.1279364170040935,1000,mac,phase-10,without
20,412.2750852029493,0.0,0.0,84.63013895267154,0.1309028749965364,1000,mac,phase-10,without
21,397.8178225633283,0.0,0.0,81.66241136014895,0.1263124999968568,1000,mac,phase-10,without
22,404.07320215275104,0.0,0.0,82.94649003202395,0.1282986670048558,1000,mac,phase-10,without
23,388.3529976403705,0.0,0.0,79.71951091056607,0.1233072910035844,1000,mac,phase-10,without
24,403.0031686498588,0.0,0.0,82.72683794223248,0.1279589170007966,1000,mac,phase-10,without
25,400.56206556674624,0.0,0.0,82.22573831109683,0.1271838339962414,1000,mac,phase-10,without
26,401.1814598637611,0.0,0.0,82.35288503255603,0.127380500001891,1000,mac,phase-10,without
27,401.3059963273414,0.0,0.0,82.37844936713687,0.1274200420011766,1000,mac,phase-10,without
28,400.4161378903073,0.0,0.0,82.19578287605523,0.1271374999996624,1000,mac,phase-10,without
29,402.8306027222338,0.0,0.0,82.69141431621779,0.1279041250018053,1000,mac,phase-10,without
0,4380.426529807769,1.9654670990749192,0.0,684.0824894831096,0.6718081670042011,1000,mac,phase-10,with
1,4405.643448056987,1.9767817559517409,0.0,688.0205653977796,0.6756755829992471,1000,mac,phase-10,with
2,4382.027550348223,1.966185465922483,0.0,684.3325176731897,0.6720537090004655,1000,mac,phase-10,with
3,4409.404609507115,1.9784693630909616,0.0,688.6079384927609,0.6762524170044344,1000,mac,phase-10,with
4,4388.6370106825125,1.969151085078812,0.0,685.3647039337865,0.6730673749989364,1000,mac,phase-10,with
5,4361.388995865623,1.9569250892144203,0.0,681.1094357121715,0.6688884579998557,1000,mac,phase-10,with
6,4378.365556995259,1.9645423548228444,0.0,683.7606314624934,0.6714920840022387,1000,mac,phase-10,with
7,4368.331000730204,1.9600399188023856,0.0,682.1935547899488,0.6699531249978463,1000,mac,phase-10,with
8,4367.809372487584,1.9598058678162904,0.0,682.1120931458903,0.6698731249998673,1000,mac,phase-10,with
9,4362.9044367829,1.957605057076735,0.0,681.3460991028941,0.6691208749980433,1000,mac,phase-10,with
10,4407.049673080535,1.9774127193976228,0.0,688.2401727598336,0.6758912500008591,1000,mac,phase-10,with
11,4356.236293297408,1.9546131071961783,0.0,680.3047484114156,0.6680982090038015,1000,mac,phase-10,with
12,4367.261930157964,1.9595602342278289,0.0,682.0266001672621,0.6697891660005553,1000,mac,phase-10,with
13,4356.402555742098,1.9546877080056264,0.0,680.330713286365,0.668123707997438,1000,mac,phase-10,with
14,4365.2036763306705,1.958636709965622,0.0,681.7051667651533,0.6694734999982757,1000,mac,phase-10,with
15,4360.810862240808,1.9566656846539945,0.0,681.0191497350809,0.6687997920016642,1000,mac,phase-10,with
16,4372.079929972909,1.9617220374347044,0.0,682.7790176054518,0.6705280829992262,1000,mac,phase-10,with
17,4448.653869012126,1.996080234474196,0.0,694.737417202163,0.6822719159972621,1000,mac,phase-10,with
18,4372.276903306263,1.9618104180075708,0.0,682.8097785387367,0.6705582919967128,1000,mac,phase-10,with
19,4438.056671531104,1.9913253452300512,0.0,693.0824739711713,0.6806466670022928,1000,mac,phase-10,with
20,4475.827721362907,2.00827295415278,0.0,698.9811036191074,0.6864394590011216,1000,mac,phase-10,with
21,4374.899715425766,1.962987255672319,0.0,683.2193778852723,0.6709605420037406,1000,mac,phase-10,with
22,4365.687545254395,1.9588538186063849,0.0,681.7807316115612,0.6695477090033819,1000,mac,phase-10,with
23,4370.521024384246,1.96102256727484,0.0,682.5355664235396,0.6702890000015032,1000,mac,phase-10,with
24,4369.5247730580495,1.9605755561925344,0.0,682.3799838375202,0.6701362089952454,1000,mac,phase-10,with
25,4383.523964868523,1.966856896772017,0.0,684.5662097493791,0.6722832079976797,1000,mac,phase-10,with
26,4382.123445150023,1.9662284932570664,0.0,684.3474933734551,0.6720684159954544,1000,mac,phase-10,with
27,4400.176953473869,1.9743289776258677,0.0,687.1668738228338,0.6748372090005432,1000,mac,phase-10,with
28,4361.726697985227,1.9570766138207232,0.0,681.162173979806,0.6689402499978314,1000,mac,phase-10,with
29,4360.017283100929,1.9563096111804792,0.0,680.8952180608669,0.6686780840027495,1000,mac,phase-10,with
0,408.9962262664038,0.0,0.0,92.22430806205357,0.1264326250020531,1000,mac,phase-11,without
1,408.3315912866297,0.0,0.0,92.07443992834716,0.1262271670057089,1000,mac,phase-11,without
2,386.8253353097512,0.0,0.0,87.22500746639305,0.1195789579942356,1000,mac,phase-11,without
3,408.41677576919375,0.0,0.0,92.09364812504327,0.126253500005987,1000,mac,phase-11,without
4,410.1044494159173,0.0,0.0,92.47420061992683,0.1267752089988789,1000,mac,phase-11,without
5,408.0670027544839,0.0,0.0,92.01477802261016,0.1261453749975771,1000,mac,phase-11,without
6,408.1467946849229,0.0,0.0,92.03277025603695,0.1261700410032062,1000,mac,phase-11,without
7,408.5973928664444,0.0,0.0,92.1343753634586,0.1263093340021441,1000,mac,phase-11,without
8,386.5837986845974,0.0,0.0,87.17054352101684,0.1195042920007836,1000,mac,phase-11,without
9,409.48146044469627,0.0,0.0,92.33372321913114,0.1265826249946258,1000,mac,phase-11,without
10,407.3952218840771,0.0,0.0,91.86329856641038,0.1259377079986734,1000,mac,phase-11,without
11,409.46030100316216,0.0,0.0,92.32895198964506,0.1265760839960421,1000,mac,phase-11,without
12,415.01542067501595,0.0,0.0,93.58157251530466,0.1282933330003288,1000,mac,phase-11,without
13,409.88663100545983,0.0,0.0,92.42508488022676,0.1267078749951906,1000,mac,phase-11,without
14,386.8309963950141,0.0,0.0,87.22628398103481,0.119580708000285,1000,mac,phase-11,without
15,408.6011647578864,0.0,0.0,92.13522588494506,0.1263105000034556,1000,mac,phase-11,without
16,406.44537592628774,0.0,0.0,91.64911838430376,0.1256440829965868,1000,mac,phase-11,without
17,396.8252034977494,0.0,0.0,89.4798716072401,0.1226702079948154,1000,mac,phase-11,without
18,405.77534837085153,0.0,0.0,91.49803428202073,0.1254369579983176,1000,mac,phase-11,without
19,415.27138496028545,0.0,0.0,93.6392897449062,0.1283724590030033,1000,mac,phase-11,without
20,386.2670475021751,0.0,0.0,87.09911949128092,0.1194063750008354,1000,mac,phase-11,without
21,361.9479179930077,0.0,0.0,81.61541390277617,0.1118886249969364,1000,mac,phase-11,without
22,407.4975254542064,0.0,0.0,91.88636693565569,0.1259693330066511,1000,mac,phase-11,without
23,409.9073893301796,0.0,0.0,92.42976566212856,0.1267142919969046,1000,mac,phase-11,without
24,410.7303983241888,0.0,0.0,92.61534545511154,0.1269687080057338,1000,mac,phase-11,without
25,414.45147178217695,0.0,0.0,93.45440802555076,0.1281190000008791,1000,mac,phase-11,without
26,386.3541211550232,0.0,0.0,87.11875367582502,0.1194332919985754,1000,mac,phase-11,without
27,409.1427411144483,0.0,0.0,92.25734560522376,0.1264779170014662,1000,mac,phase-11,without
28,409.6813478367339,0.0,0.0,92.37879570449192,0.1266444159991806,1000,mac,phase-11,without
29,405.9621635490298,0.0,0.0,91.54015912190069,0.1254947080014972,1000,mac,phase-11,without
0,4595.378147494374,2.7001478144444446,0.0,709.7629052500422,0.6829660829971544,1000,mac,phase-11,with
1,4511.745519921628,2.6510070366218565,0.0,696.845723069487,0.6705365840025479,1000,mac,phase-11,with
2,4461.021706467666,2.621202787734813,0.0,689.0113555709004,0.6629979999997886,1000,mac,phase-11,with
3,4462.009687855483,2.621783304876037,0.0,689.1639507475415,0.6631448340049246,1000,mac,phase-11,with
4,4471.7173107801755,2.627487300495603,0.0,690.6633073682493,0.6645875829999568,1000,mac,phase-11,with
5,4606.5699898098865,2.7067239062475346,0.0,711.4915017359026,0.684629416995449,1000,mac,phase-11,with
6,4471.932907247699,2.627613980457927,0.0,690.6966065593583,0.6646196249930654,1000,mac,phase-11,with
7,4493.125064914874,2.6400660478116404,0.0,693.9697664412219,0.6677692079974804,1000,mac,phase-11,with
8,4469.196065555016,2.6260058696827535,0.0,690.2738973396463,0.6642128749954281,1000,mac,phase-11,with
9,4443.629220384472,2.6109833277082437,0.0,686.325060546701,0.6604131249987404,1000,mac,phase-11,with
10,4520.1175304901335,2.6559262544345152,0.0,698.1387923998373,0.6717808340035845,1000,mac,phase-11,with
11,4460.814803293174,2.621081215769139,0.0,688.9793990716702,0.6629672500057495,1000,mac,phase-11,with
12,4503.148936965444,2.645955864784455,0.0,695.5179682039748,0.6692589580052299,1000,mac,phase-11,with
13,4471.0567949914575,2.6270991952720353,0.0,690.5612897344188,0.6644894170021871,1000,mac,phase-11,with
14,4463.9318085732875,2.6229127026946055,0.0,689.460825115901,0.6634304999970482,1000,mac,phase-11,with
15,4477.34799840299,2.630795774442813,0.0,691.532975342778,0.6654244169985759,1000,mac,phase-11,with
16,4448.216133440679,2.613678501612597,0.0,687.0335160061669,0.6610948329980602,1000,mac,phase-11,with
17,4466.0740138166075,2.624171417564239,0.0,689.7916918625189,0.6637488749984186,1000,mac,phase-11,with
18,4471.54349186902,2.627385168149145,0.0,690.6364607820906,0.66456174999621,1000,mac,phase-11,with
19,4464.788858895684,2.6234162874879807,0.0,689.593197797157,0.6635578749992419,1000,mac,phase-11,with
20,4502.951850689574,2.645840061022509,0.0,695.4875279391573,0.6692296670007636,1000,mac,phase-11,with
21,4461.94351913298,2.6217444255225395,0.0,689.1537308911527,0.6631349999952363,1000,mac,phase-11,with
22,4469.679680803127,2.626290031859033,0.0,690.3485924251225,0.664284749997023,1000,mac,phase-11,with
23,4462.746741007515,2.622216381848967,0.0,689.2777896895653,0.6632543750019977,1000,mac,phase-11,with
24,4501.713513076244,2.6451124398142305,0.0,695.2962648757255,0.6690456249998533,1000,mac,phase-11,with
25,4448.419113958295,2.613797768707366,0.0,687.0648666452805,0.6611250000059954,1000,mac,phase-11,with
26,4464.040024016184,2.622976287819104,0.0,689.4775391500192,0.6634465829993133,1000,mac,phase-11,with
27,4452.939865048027,2.616454067227922,0.0,687.7631032918358,0.661796874999709,1000,mac,phase-11,with
28,4490.191136946321,2.638342133274521,0.0,693.5166169566925,0.6673331669953768,1000,mac,phase-11,with
29,4462.008564151978,2.6217826446114265,0.0,689.1637771898846,0.6631446669998695,1000,mac,phase-11,with
0,580.8490462076469,0.4375130425111193,22.313165168067087,110.42156095992172,0.1313430000009248,1000,mac,phase-29,without
1,577.9638128096457,0.4353397975853406,22.202329676852372,109.87306737519252,0.1306905840028775,1000,mac,phase-29,without
2,571.3580595604811,0.4303641447526656,21.948571382385943,108.61728914873044,0.129196875001071,1000,mac,phase-29,without
3,509.83055091581105,0.3840197671884549,19.585008126611203,96.92068124194776,0.1152841250004712,1000,mac,phase-29,without
4,561.9166389561877,0.423252581634535,21.585881663361288,106.82244002637763,0.1270619579954655,1000,mac,phase-29,without
5,588.3427741262249,0.44315754468051,22.601034778706012,111.84614646898105,0.133037499996135,1000,mac,phase-29,without
6,579.4248575746424,0.4364403006240425,22.25845533182617,110.15081741134487,0.1310209590010345,1000,mac,phase-29,without
7,589.9617378100206,0.4443769970178033,22.66322684790797,112.15391747810868,0.1334035840045544,1000,mac,phase-29,without
8,568.8925810737016,0.4285070719020871,21.853860667006444,108.148592531596,0.1286393750051502,1000,mac,phase-29,without
9,566.2010082092825,0.4264796979385058,21.750464594863796,107.63691453355672,0.1280307499982882,1000,mac,phase-29,without
10,573.9961923270304,0.4323512660207077,22.049914567056092,109.11880798568784,0.1297934160029399,1000,mac,phase-29,without
11,577.1517483234071,0.434728126090984,22.171134430640183,109.71869090034755,0.1305069580048439,1000,mac,phase-29,without
12,550.8068744156343,0.4148843714817339,21.15910294556843,104.71043252550533,0.1245497909985715,1000,mac,phase-29,without
13,585.1588441311965,0.4407593124575904,22.478724935337112,111.24086955179648,0.1323175419965991,1000,mac,phase-29,without
14,576.6522047657539,0.4343518547977751,22.151944594686533,109.6237258147308,0.1303939999997965,1000,mac,phase-29,without
15,578.589761320147,0.4358112809063045,22.226375326221532,109.99206251181424,0.1308321250035078,1000,mac,phase-29,without
16,570.777621784413,0.4299269414912433,21.92627401605341,108.50694577175148,0.1290656249984749,1000,mac,phase-29,without
17,559.7279309023393,0.4216039806321577,21.50180301224005,106.40635849646996,0.1265670420034439,1000,mac,phase-29,without
18,558.0234692978677,0.4203201286790822,21.43632656263319,106.0823340150822,0.1261816249971161,1000,mac,phase-29,without
19,572.4636552907116,0.4311969128442697,21.991042555057753,108.82746700323452,0.1294468749983934,1000,mac,phase-29,without
20,589.0921823257316,0.4437220215675596,22.62982309994554,111.98861175101254,0.1332069580021198,1000,mac,phase-29,without
21,603.2062175688262,0.4543531391386952,23.172010096073453,114.67174227031222,0.1363984580020769,1000,mac,phase-29,without
22,573.9807183735716,0.4323396105716687,22.049320139155103,109.115866329665,0.1297899169949232,1000,mac,phase-29,without
23,590.8758797423774,0.4450655563271861,22.69834337268649,112.32769925457674,0.1336102920031407,1000,mac,phase-29,without
24,580.168923511577,0.4370007535575931,22.287038431437253,110.29226710942024,0.1311892090016044,1000,mac,phase-29,without
25,567.5760022837,0.4275153849984414,21.80328463492051,107.8983060138374,0.1283416670048609,1000,mac,phase-29,without
26,596.6714126054211,0.4494309266974027,22.92097726156754,113.42945157647527,0.1349207919993205,1000,mac,phase-29,without
27,581.5726586284954,0.4380580892386836,22.340962551172865,110.55912236862468,0.1315066250026575,1000,mac,phase-29,without
28,602.7321027138048,0.4539960215122233,23.15379709712339,114.58161127550808,0.1362912499971571,1000,mac,phase-29,without
29,575.0345324443498,0.4331333751536327,22.08980213283527,109.31620029838992,0.130028207997384,1000,mac,phase-29,without
0,5432.766828239197,5.2499547110093365,114.26175316891022,764.5204748904871,0.6905020420017536,1000,mac,phase-29,with
1,5399.448778821557,5.217757810970748,113.56100917252895,759.8318269568421,0.6862673340001493,1000,mac,phase-29,with
2,5399.907734117013,5.218201322461614,113.57066190351168,759.8964129645852,0.6863256669967086,1000,mac,phase-29,with
3,5399.657269001486,5.2179592854747945,113.56539413036542,759.8611665210842,0.6862938330014003,1000,mac,phase-29,with
4,5364.254239242844,5.1837475644969535,112.82079890373306,754.8791118923175,0.6817941250046715,1000,mac,phase-29,with
5,5404.756950039968,5.222887362703041,113.67265043539038,760.5788138438193,0.686942000000272,1000,mac,phase-29,with
6,5445.907775090192,5.262653466175656,114.5381330823071,766.3697210011084,0.6921722500046599,1000,mac,phase-29,with
7,5481.055430132032,5.296618405773042,115.27735727723878,771.3158382878286,0.6966394999981276,1000,mac,phase-29,with
8,5447.738686785228,5.264422767856123,114.57664075009156,766.6273741496468,0.6924049579974962,1000,mac,phase-29,with
9,5444.624331938387,5.261413210770967,114.51113975289424,766.1891097952652,0.6920091249994584,1000,mac,phase-29,with
10,5424.635404783343,5.242096909224549,114.09073336828207,763.376188761789,0.6894685420047608,1000,mac,phase-29,with
11,5399.536300795058,5.2178423878376785,113.56284993147356,759.8441433957505,0.6862784580007428,1000,mac,phase-29,with
12,5403.383026605541,5.221559671669139,113.64375412798374,760.3854698940861,0.6867673749948153,1000,mac,phase-29,with
13,5398.950476360376,5.217276276342759,113.55052889339623,759.7617038600287,0.6862039999978151,1000,mac,phase-29,with
14,5409.343253817727,5.227319337769412,113.7691094086502,761.224216684217,0.687524916997063,1000,mac,phase-29,with
15,5444.888557997141,5.261668545646508,114.516696945695,766.2262927332235,0.6920427080040099,1000,mac,phase-29,with
16,5450.726172550089,5.267309724992546,114.63947344139828,767.0477849841056,0.6927846659964416,1000,mac,phase-29,with
17,5423.045115473114,5.240560133007188,114.05728646169148,763.1523969486838,0.6892664170009084,1000,mac,phase-29,with
18,5424.1049778455135,5.241584331105674,114.07957744833178,763.3015449813314,0.6894011249969481,1000,mac,phase-29,with
19,5403.414498018147,5.221590084071529,113.64441603358226,760.3898986759705,0.6867713749961695,1000,mac,phase-29,with
20,5367.394164626741,5.186781831672883,112.8868376995302,755.3209746339945,0.6821932080056285,1000,mac,phase-29,with
21,5402.169741182553,5.220387213191976,113.61823635335656,760.2147315618353,0.6866131670030882,1000,mac,phase-29,with
22,5438.732295420172,5.25571944075392,114.38721865640856,765.3599590697888,0.6912602500015055,1000,mac,phase-29,with
23,5395.806286596521,5.2142378882828755,113.48440040931582,759.3192410179068,0.6858043749962235,1000,mac,phase-29,with
24,5422.060973208618,5.239609107041756,114.03658801759032,763.013904549654,0.6891413329940406,1000,mac,phase-29,with
25,5438.364150832097,5.255363684198263,114.37947585290104,765.3081523046171,0.6912134590020287,1000,mac,phase-29,with
26,5386.876606785383,5.20560869139767,113.29659171022826,758.0626210918784,0.6846694170017145,1000,mac,phase-29,with
27,5440.014102019136,5.256958114675623,114.41417756590192,765.5403399734316,0.6914231670016306,1000,mac,phase-29,with
28,5375.751135725107,5.1948575914422115,113.0626012099238,756.4970007206579,0.6832553749991348,1000,mac,phase-29,with
29,5397.684735949719,5.216053127983566,113.52390788738754,759.5835838540653,0.6860431250024703,1000,mac,phase-29,with
0,377.1820290803233,1.236114710006374,0.0,85.75963406990168,0.1272651670005871,1000,mac,phase-16,without
1,396.406509388618,1.2991178784215116,0.0,90.1306917272438,0.1337517080028192,1000,mac,phase-16,without
2,380.5058737324628,1.247007734995671,0.0,86.51537447929425,0.1283866669982671,1000,mac,phase-16,without
3,378.1783407682509,1.2393798590279257,0.0,85.98616481418068,0.1276013329988927,1000,mac,phase-16,without
4,379.5832823507744,1.2439841848519624,0.0,86.30560547337804,0.1280753750033909,1000,mac,phase-16,without
5,377.06804624597976,1.235741161302148,0.0,85.73371786655714,0.1272267079984885,1000,mac,phase-16,without
6,370.7526672996835,1.2150441709555615,0.0,84.29779423899801,0.1250958329983404,1000,mac,phase-16,without
7,376.4828302874184,1.2338232702067742,0.0,85.60065769245378,0.1270292500048526,1000,mac,phase-16,without
8,372.3979185608552,1.2204360484279575,0.0,84.67187395444776,0.1256509580052807,1000,mac,phase-16,without
9,375.7664684012465,1.2314755828915962,0.0,85.43777895358724,0.1267875420016935,1000,mac,phase-16,without
10,375.9752882211583,1.232159934825762,0.0,85.48525818101977,0.1268579999959911,1000,mac,phase-16,without
11,374.2507567137714,1.2265082372373377,0.0,85.09315256724989,0.1262761250036419,1000,mac,phase-16,without
12,380.0242615418349,1.2454293779493255,0.0,86.40587062691674,0.1282241660010186,1000,mac,phase-16,without
13,380.4472152044884,1.2468154971271983,0.0,86.50203732771672,0.1283668749965727,1000,mac,phase-16,without
14,377.21006020626527,1.2362065746352362,0.0,85.76600748888247,0.1272746249960619,1000,mac,phase-16,without
15,375.37784381471806,1.2302019682147536,0.0,85.34941763262898,0.1266564159959671,1000,mac,phase-16,without
16,374.30225183744705,1.2266769989358317,0.0,85.10486098022379,0.1262934999977005,1000,mac,phase-16,without
17,373.8186657972894,1.2250921731177775,0.0,84.994908334955,0.1261303330029477,1000,mac,phase-16,without
18,371.4096326908021,1.217197201909626,0.0,84.44716803518945,0.1253175000019837,1000,mac,phase-16,without
19,376.4179982557576,1.2336108003067343,0.0,85.58591687533479,0.1270073749983566,1000,mac,phase-16,without
20,374.82881226544566,1.2284026619859605,0.0,85.22458468426919,0.1264711670010001,1000,mac,phase-16,without
21,376.9076333315407,1.2352154502450847,0.0,85.6972448859225,0.1271725830010837,1000,mac,phase-16,without
22,378.6972458282743,1.2410804336267625,0.0,86.10414792215944,0.1277764170008595,1000,mac,phase-16,without
23,379.69145919861137,1.244338705965334,0.0,86.33020157332466,0.1281118750048335,1000,mac,phase-16,without
24,352.75184196457076,1.1560512092727298,0.0,80.20495822170533,0.1190221659999224,1000,mac,phase-16,without
25,378.32986245382807,1.2398764314253,0.0,86.02061620185799,0.1276524580025579,1000,mac,phase-16,without
26,377.6759852809123,1.2377335212926268,0.0,85.87194457184252,0.1274318329960806,1000,mac,phase-16,without
27,377.50507476213335,1.2371734071035372,0.0,85.83308475769675,0.1273741659970255,1000,mac,phase-16,without
28,375.70607905129725,1.231277672710186,0.0,85.42404826613641,0.1267671660025371,1000,mac,phase-16,without
29,374.34806546424096,1.2268271410254132,0.0,85.11527759492529,0.1263089579952065,1000,mac,phase-16,without
0,4406.409701805097,2.095666726846697,0.0,684.6746003065597,0.6769445419995463,1000,mac,phase-16,with
1,4337.160912990231,2.0627323443415255,0.0,673.9146188222894,0.6663060419959947,1000,mac,phase-16,with
2,4343.892844349507,2.065934017701874,0.0,674.9606364930511,0.667340250001871,1000,mac,phase-16,with
3,4335.694701631531,2.062035021448992,0.0,673.6867966850125,0.6660807919979561,1000,mac,phase-16,with
4,4333.761177270659,2.0611154467968738,0.0,673.3863627470561,0.6657837499951711,1000,mac,phase-16,with
5,4333.821661396468,2.06114421274887,0.0,673.3957608619535,0.6657930420042248,1000,mac,phase-16,with
6,4332.584901534647,2.060556015856862,0.0,673.2035912451064,0.6656030420053867,1000,mac,phase-16,with
7,4343.563853186136,2.06577755112678,0.0,674.9095173487751,0.6672897079988616,1000,mac,phase-16,with
8,4350.4750691571135,2.069064491364429,0.0,675.9833925335141,0.6683514590040431,1000,mac,phase-16,with
9,4331.512227107231,2.0600458571883764,0.0,673.0369174710928,0.6654382499982603,1000,mac,phase-16,with
10,4348.955963481184,2.0683420121954343,0.0,675.7473515972697,0.6681180829982623,1000,mac,phase-16,with
11,4377.713344853861,2.0820188809780333,0.0,680.2157169853393,0.6725360000054934,1000,mac,phase-16,with
12,4329.536119181286,2.059106030002683,0.0,672.729866834425,0.6651346660000854,1000,mac,phase-16,with
13,4350.215505793044,2.0689410443083447,0.0,675.9430611856425,0.6683115830019233,1000,mac,phase-16,with
14,4326.076452703208,2.057460629684795,0.0,672.192298627342,0.6646031670024968,1000,mac,phase-16,with
15,4422.4905613437695,2.103314704351033,0.0,687.1732685699118,0.6794149999986985,1000,mac,phase-16,with
16,4327.0398235434395,2.057918804106175,0.0,672.3419886447529,0.6647511670016684,1000,mac,phase-16,with
17,4341.8798549002695,2.06497664984556,0.0,674.6478551495429,0.6670309999972233,1000,mac,phase-16,with
18,4372.764137735577,2.07966506247636,0.0,679.446701701954,0.6717756669968367,1000,mac,phase-16,with
19,4331.673871644345,2.0601227345331834,0.0,673.0620340436155,0.6654630830016686,1000,mac,phase-16,with
20,4332.109992188062,2.0603301513133316,0.0,673.1297991129492,0.6655300829952466,1000,mac,phase-16,with
21,4333.678724453537,2.0610762326436127,0.0,673.3735511036939,0.6657710829967982,1000,mac,phase-16,with
22,4333.49158315336,2.0609872291640134,0.0,673.3444728055848,0.6657423329961603,1000,mac,phase-16,with
23,4352.325047085292,2.0699443317451127,0.0,676.2708449004678,0.668635665999318,1000,mac,phase-16,with
24,4323.1350796817605,2.0560617271792547,0.0,671.7352636410159,0.6641512919959496,1000,mac,phase-16,with
25,4379.178469132822,2.082715686860804,0.0,680.4433702105233,0.6727610829984769,1000,mac,phase-16,with
26,4329.96275575588,2.05930893625388,0.0,672.7961582702998,0.6652002089977032,1000,mac,phase-16,with
27,4327.575203849442,2.058173428339831,0.0,672.4251768459939,0.6648334159981459,1000,mac,phase-16,with
28,4335.999816824012,2.0621801327300595,0.0,673.73420594484,0.6661276660015574,1000,mac,phase-16,with
29,4338.3206422672265,2.0632839058672174,0.0,674.0948193104251,0.6664842079990194,1000,mac,phase-16,with
0,412.98932313149817,0.7078083559749826,0.0,85.17293883565624,0.1275595830011298,1000,mac,phase-20,without
1,408.2563289084672,0.6996966381357881,0.0,84.19682878900649,0.1260977079946315,1000,mac,phase-20,without
2,398.46671461601534,0.6829185511251386,0.0,82.17786565205834,0.1230740000028163,1000,mac,phase-20,without
3,411.4529401838479,0.7051752014903131,0.0,84.85608257933434,0.1270850419969065,1000,mac,phase-20,without
4,414.8404317742507,0.7109809081252971,0.0,85.55470261107743,0.1281313330036937,1000,mac,phase-20,without
5,408.47783711053495,0.7000762735102615,0.0,84.24251157906812,0.1261661250027828,1000,mac,phase-20,without
6,416.5627123071881,0.7139326661593856,0.0,85.90989749451272,0.1286632920018746,1000,mac,phase-20,without
7,410.51376198822584,0.7035655759204067,0.0,84.66239096908893,0.126794959003746,1000,mac,phase-20,without
8,402.16515358274376,0.6892571798937093,0.0,82.940613980543,0.1242163330025505,1000,mac,phase-20,without
9,400.6119058664099,0.68659512145553,0.0,82.62027961514877,0.1237365829947521,1000,mac,phase-20,without
10,411.9733874589612,0.7060671783757598,0.0,84.96341713121643,0.1272457920058514,1000,mac,phase-20,without
11,405.293774860722,0.6946192175038898,0.0,83.58584583963474,0.1251826670049922,1000,mac,phase-20,without
12,411.592562504149,0.7054144954368015,0.0,84.88487761756177,0.1271281669978634,1000,mac,phase-20,without
13,410.53844558140497,0.7036078802913168,0.0,84.66748159505512,0.1268025829995167,1000,mac,phase-20,without
14,409.4418381434523,0.7017284420968333,0.0,84.44132253231894,0.1264638749998994,1000,mac,phase-20,without
15,399.1943694562683,0.6841656540097638,0.0,82.32793369917492,0.1232987499970477,1000,mac,phase-20,without
16,423.8805372970304,0.7264744375448983,0.0,87.41909065123609,0.1309235410008113,1000,mac,phase-20,without
17,404.75498001196144,0.6936957953359333,0.0,83.47472737209064,0.1250162500000442,1000,mac,phase-20,without
18,405.0640366505944,0.6942254769984887,0.0,83.53846573215148,0.1251117080028052,1000,mac,phase-20,without
19,409.94677073595705,0.7025938288953806,0.0,84.54545741041079,0.1266198330049519,1000,mac,phase-20,without
20,359.6831412166489,0.6164487036276526,0.0,74.17932733652752,0.1110949579961015,1000,mac,phase-20,without
21,406.9939295012353,0.6975330547234099,0.0,83.93647758505033,0.1257077920017764,1000,mac,phase-20,without
22,411.8723445926467,0.7058940044434491,0.0,84.94257853469503,0.1272145830007502,1000,mac,phase-20,without
23,413.7026806563289,0.7090309551769286,0.0,85.32005827295708,0.1277799169984064,1000,mac,phase-20,without
24,410.7824843577903,0.7040261300508933,0.0,84.71781098279082,0.1268779590027406,1000,mac,phase-20,without
25,412.9742164051753,0.7077824650704874,0.0,85.16982329681531,0.1275549170022714,1000,mac,phase-20,without
26,415.0039315041089,0.7112611247520025,0.0,85.5884220118243,0.1281818329953239,1000,mac,phase-20,without
27,413.7938714419469,0.7091872439631833,0.0,85.33886502356972,0.1278080830015824,1000,mac,phase-20,without
28,416.23598151252776,0.7133726933618773,0.0,85.84251410121257,0.1285623750009108,1000,mac,phase-20,without
29,415.939606641908,0.712864746550238,0.0,85.78139116821198,0.1284708340026554,1000,mac,phase-20,without
0,4337.128755695517,1.7631010381575154,0.0,676.7646701938961,0.6670705419965088,1000,mac,phase-20,with
1,4335.295800653481,1.7623559173369114,0.0,676.4786562698515,0.6667886249997537,1000,mac,phase-20,with
2,4398.610156950841,1.78809405277307,0.0,686.358215275761,0.6765266669972334,1000,mac,phase-20,with
3,4348.094503970354,1.7675587619781763,0.0,678.475763277057,0.6687571250004112,1000,mac,phase-20,with
4,4328.7577470800525,1.7596981108266243,0.0,675.4584597482424,0.6657830420008395,1000,mac,phase-20,with
5,4306.640404435346,1.750707114253843,0.0,672.0072741958526,0.6623812920006458,1000,mac,phase-20,with
6,4379.694928311775,1.7804047585120384,0.0,683.4066869277153,0.6736174170000595,1000,mac,phase-20,with
7,4329.512763274224,1.7600050350409495,0.0,675.5762723183599,0.6658991669974057,1000,mac,phase-20,with
8,4337.995381047512,1.7634533329921545,0.0,676.8998982338187,0.6672038329998031,1000,mac,phase-20,with
9,4349.790922173461,1.7682483787415988,0.0,678.7404720211148,0.6690180419973331,1000,mac,phase-20,with
10,4334.652939723237,1.762094585742359,0.0,676.3783443838217,0.6666897500035702,1000,mac,phase-20,with
11,4325.764228859817,1.7584812055007424,0.0,674.9913517869265,0.6653226249982254,1000,mac,phase-20,with
12,4328.711149006114,1.759679168084279,0.0,675.4511885944636,0.6657758750006906,1000,mac,phase-20,with
13,4350.124676735768,1.768384054449755,0.0,678.7925510136946,0.6690693749987986,1000,mac,phase-20,with
14,4346.65978133577,1.766975527974994,0.0,678.2518894551563,0.6685364579971065,1000,mac,phase-20,with
15,4367.501700837171,1.7754480479254011,0.0,681.5040582451767,0.6717420419954578,1000,mac,phase-20,with
16,4346.057556395398,1.7667307154556102,0.0,678.1579184005459,0.6684438330048579,1000,mac,phase-20,with
17,4327.627254555175,1.759238550445433,0.0,675.2820579294696,0.6656091670010937,1000,mac,phase-20,with
18,4339.556348190217,1.7640878870819356,0.0,677.1434712225453,0.6674439169946709,1000,mac,phase-20,with
19,4357.583001645028,1.7714159636069744,0.0,679.9563464834017,0.6702165000024252,1000,mac,phase-20,with
20,4334.129008866459,1.7618816008185674,0.0,676.2965903217535,0.6666091670049354,1000,mac,phase-20,with
21,4385.089758900402,1.7825978295383489,0.0,684.2484951722296,0.6744471669953782,1000,mac,phase-20,with
22,4361.651747436346,1.773069963368741,0.0,680.5912327315787,0.6708422919982695,1000,mac,phase-20,with
23,4317.882204189577,1.755277056705152,0.0,673.7614422945209,0.6641103330039186,1000,mac,phase-20,with
24,4317.579332911451,1.7551539354664314,0.0,673.7141823231901,0.6640637499949662,1000,mac,phase-20,with
25,4331.614182307949,1.7608592900766338,0.0,675.9041773079064,0.6662223750026897,1000,mac,phase-20,with
26,4339.896058402907,1.76422598384189,0.0,677.1964795335738,0.6674961660028202,1000,mac,phase-20,with
27,4338.252473410856,1.7635578444877191,0.0,676.9400148727955,0.6672433749990887,1000,mac,phase-20,with
28,4355.503799110241,1.7705707398762265,0.0,679.6319081517349,0.6698967089978396,1000,mac,phase-20,with
29,4419.641433587555,1.7966435489399235,0.0,689.6399313138453,0.679761375002272,1000,mac,phase-20,with
0,381.07748589154943,0.9142608955990612,0.0,81.70783485483462,0.1273355840021395,1000,mac,phase-18,without
1,382.1498698476569,0.9168337023179968,0.0,81.93776754419727,0.1276939169983961,1000,mac,phase-18,without
2,379.7503451515355,0.911076889913938,0.0,81.4232790874938,0.1268921250011772,1000,mac,phase-18,without
3,379.7587007640026,0.9110969362562706,0.0,81.42507063653262,0.1268949169971165,1000,mac,phase-18,without
4,380.9400699708801,0.913931214609362,0.0,81.67837114268114,0.1272896669979673,1000,mac,phase-18,without
5,312.09731859928553,0.7487673362520624,0.0,66.91761416208246,0.1042861250025453,1000,mac,phase-18,without
6,377.40880702846295,0.905459195820908,0.0,80.92122368577226,0.1261097089955001,1000,mac,phase-18,without
7,369.45457562223146,0.8863758256442376,0.0,79.21573582516834,0.1234518330020364,1000,mac,phase-18,without
8,379.7615677832445,0.9111038146567978,0.0,81.42568536173529,0.1268958750006277,1000,mac,phase-18,without
9,377.5661692958721,0.9058367310279496,0.0,80.95496414705343,0.1261622909951256,1000,mac,phase-18,without
10,380.5384223868755,0.9129676030252032,0.0,81.59225281851168,0.1271554579943767,1000,mac,phase-18,without
11,376.2526243984716,0.9026853437674368,0.0,80.67332350040093,0.1257233749929582,1000,mac,phase-18,without
12,394.5627248223053,0.9466139657190548,0.0,84.59924071407701,0.1318416249996516,1000,mac,phase-18,without
13,379.1496858831548,0.9096358200502204,0.0,81.29449014004376,0.126691417004622,1000,mac,phase-18,without
14,378.82859285824617,0.9088654706924336,0.0,81.22564373262378,0.1265841249987715,1000,mac,phase-18,without
15,379.1090329887456,0.9095382877817784,0.0,81.28577364509003,0.1266778329954831,1000,mac,phase-18,without
16,369.844500756352,0.8873113133482764,0.0,79.29934070775522,0.1235821249938453,1000,mac,phase-18,without
17,358.16984667652713,0.8593021023872608,0.0,76.79614715038741,0.1196810839974205,1000,mac,phase-18,without
18,381.92828421094526,0.916302085809092,0.0,81.89025677990145,0.127619875005621,1000,mac,phase-18,without
19,379.69398358636266,0.910941670235631,0.0,81.41119445476214,0.1268732919998001,1000,mac,phase-18,without
20,383.9252904409535,0.92109319725482,0.0,82.31844018429187,0.1282871669973246,1000,mac,phase-18,without
21,380.05136011409303,0.9117990690492724,0.0,81.48782050429239,0.1269927079993067,1000,mac,phase-18,without
22,379.801843560333,0.9112004421653628,0.0,81.43432099796371,0.1269093329974566,1000,mac,phase-18,without
23,361.7164472257748,0.8678109183486689,0.0,77.55658318427177,0.1208661670025321,1000,mac,phase-18,without
24,382.12418349614495,0.9167720769855974,0.0,81.93226006541654,0.127685334002308,1000,mac,phase-18,without
25,378.08752496595537,0.9070875399041048,0.0,81.06674939957796,0.1263364999977057,1000,mac,phase-18,without
26,375.8814036432744,0.901794730617417,0.0,80.59372907332693,0.1255993329978082,1000,mac,phase-18,without
27,378.0292929694226,0.906947832786068,0.0,81.05426372269564,0.1263170419988455,1000,mac,phase-18,without
28,378.28604288554345,0.9075638135693684,0.0,81.10931415344024,0.1264028340010554,1000,mac,phase-18,without
29,358.05400217579785,0.8590241744043489,0.0,76.7713086236183,0.1196423750006943,1000,mac,phase-18,without
0,4376.001665088288,2.2623197237682313,0.0,682.9504288497948,0.6767099999997299,1000,mac,phase-18,with
1,4340.0221316597135,2.243718906319548,0.0,677.3352029734206,0.6711460829974385,1000,mac,phase-18,with
2,4352.921083830012,2.250387449008556,0.0,679.3483066215978,0.6731407920015045,1000,mac,phase-18,with
3,4311.881985633929,2.2291709211366935,0.0,672.9434485210561,0.6667944580040057,1000,mac,phase-18,with
4,4320.059251958274,2.233398431157922,0.0,674.2196517701512,0.668059000003268,1000,mac,phase-18,with
5,4332.888416674965,2.2400308948997876,0.0,676.2218638842254,0.6700429169941344,1000,mac,phase-18,with
6,4294.391222528854,2.2201284889383572,0.0,670.2137136905554,0.6640896660028375,1000,mac,phase-18,with
7,4321.464117222783,2.2341247230198498,0.0,674.4389051910371,0.6682762500058743,1000,mac,phase-18,with
8,4327.73185317039,2.2373650377507075,0.0,675.4170933365046,0.669245500001125,1000,mac,phase-18,with
9,4296.662073182334,2.2213024807729775,0.0,670.5681190464813,0.6644408329957514,1000,mac,phase-18,with
10,4324.375696369258,2.235629960776712,0.0,674.8933072637279,0.668726500000048,1000,mac,phase-18,with
11,4311.0785190886545,2.228755542361301,0.0,672.8180537283532,0.6666702090005856,1000,mac,phase-18,with
12,4301.585031417103,2.223847567901865,0.0,671.3364314684048,0.6652021249974496,1000,mac,phase-18,with
13,4296.694942863466,2.221319473848765,0.0,670.5732489263451,0.6644459160015685,1000,mac,phase-18,with
14,4307.192096009969,2.2267463265842675,0.0,672.2115104700507,0.6660692080040462,1000,mac,phase-18,with
15,4301.5041991205335,2.223805778955507,0.0,671.3238161963295,0.6651896249968559,1000,mac,phase-18,with
16,4314.744528705827,2.2306508080625504,0.0,673.3901976697484,0.6672371250024298,1000,mac,phase-18,with
17,4341.56091338671,2.2445144307544065,0.0,677.5753563647556,0.6713840419979533,1000,mac,phase-18,with
18,4349.3811661156815,2.248557370713674,0.0,678.7958414933547,0.6725933749985415,1000,mac,phase-18,with
19,4322.11589055874,2.2344616789413076,0.0,674.5406256457744,0.6683770409945282,1000,mac,phase-18,with
20,4319.487496049773,2.2331028429091098,0.0,674.1304194131292,0.6679705830028979,1000,mac,phase-18,with
21,4295.04139223966,2.2204646158124137,0.0,670.3151838719684,0.664190209005028,1000,mac,phase-18,with
22,4293.075815956662,2.2194484457252144,0.0,670.008421839376,0.6638862499967217,1000,mac,phase-18,with
23,4324.780937757176,2.2358394638013768,0.0,674.9565521618902,0.6687891670007957,1000,mac,phase-18,with
24,4305.175065158131,2.2257035553449493,0.0,671.8967180657753,0.6657572920012171,1000,mac,phase-18,with
25,4347.362247029691,2.247513623288857,0.0,678.4807543976183,0.6722811669969815,1000,mac,phase-18,with
26,4302.159483935889,2.2241445502531256,0.0,671.4260846779063,0.6652909590047784,1000,mac,phase-18,with
27,4318.686719621804,2.232688854879403,0.0,674.0054444595642,0.6678467500023544,1000,mac,phase-18,with
28,4332.967360737383,2.240071707660648,0.0,676.2341844648398,0.6700551249959972,1000,mac,phase-18,with
29,4315.006696928346,2.2307863446519174,0.0,673.4311135362639,0.6672776670020539,1000,mac,phase-18,with
0,409.7432016519503,0.0,0.0,85.12186275014173,0.1307500839975546,1000,mac,phase-27,without
1,393.07600901568975,0.0,0.0,81.6593465246277,0.1254315409969422,1000,mac,phase-27,without
2,386.7646891747356,0.0,0.0,80.34820506063755,0.1234175829958985,1000,mac,phase-27,without
3,400.02309949515256,0.0,0.0,83.10256578957589,0.1276483750043553,1000,mac,phase-27,without
4,400.4175651822858,0.0,0.0,83.18451383397155,0.1277742499951273,1000,mac,phase-27,without
5,396.0818362122956,0.0,0.0,82.2837903446803,0.126390707999235,1000,mac,phase-27,without
6,397.7300808589709,0.0,0.0,82.6262039686948,0.1269166670026607,1000,mac,phase-27,without
7,395.98168657862607,0.0,0.0,82.26298481737118,0.1263587499997811,1000,mac,phase-27,without
8,396.5324500295691,0.0,0.0,82.37740284966543,0.1265344999992521,1000,mac,phase-27,without
9,398.14478456222105,0.0,0.0,82.71235634795994,0.1270489999951678,1000,mac,phase-27,without
10,399.33118701966725,0.0,0.0,82.95882483539796,0.127427583996905,1000,mac,phase-27,without
11,397.223970778421,0.0,0.0,82.52106242482209,0.1267551660057506,1000,mac,phase-27,without
12,402.9354331958688,0.0,0.0,83.70758685778524,0.128577707997465,1000,mac,phase-27,without
13,397.41304479758514,0.0,0.0,82.56034149679698,0.1268154999997932,1000,mac,phase-27,without
14,398.0741427062589,0.0,0.0,82.69768089674226,0.1270264580016373,1000,mac,phase-27,without
15,396.5969559370069,0.0,0.0,82.39080359183116,0.1265550839962088,1000,mac,phase-27,without
16,397.6237921301951,0.0,0.0,82.60412307864888,0.1268827500025509,1000,mac,phase-27,without
17,396.8564054927456,0.0,0.0,82.44470278865771,0.1266378750005969,1000,mac,phase-27,without
18,401.5578727472503,0.0,0.0,83.42140636482142,0.1281381250009872,1000,mac,phase-27,without
19,397.34449316119225,0.0,0.0,82.54610027702614,0.1267936250005732,1000,mac,phase-27,without
20,397.6506894306738,0.0,0.0,82.60971084266905,0.1268913329986389,1000,mac,phase-27,without
21,397.0926148741081,0.0,0.0,82.49377396899592,0.1267132500070147,1000,mac,phase-27,without
22,396.0943744971357,0.0,0.0,82.2863951033608,0.1263947089973953,1000,mac,phase-27,without
23,397.0390803449771,0.0,0.0,82.48265246942572,0.1266961670044111,1000,mac,phase-27,without
24,396.6367801479797,0.0,0.0,82.39907684934194,0.1265677920018788,1000,mac,phase-27,without
25,397.0900012730987,0.0,0.0,82.49323100797669,0.1267124160003732,1000,mac,phase-27,without
26,394.427458763678,0.0,0.0,81.94010266529867,0.1258627920033177,1000,mac,phase-27,without
27,406.09638297638475,0.0,0.0,84.36425652867271,0.1295863750056014,1000,mac,phase-27,without
28,407.3996475439181,0.0,0.0,84.63500246709813,0.1300022499999613,1000,mac,phase-27,without
29,408.0202694203579,0.0,0.0,84.76393319730442,0.1302002919983351,1000,mac,phase-27,without
0,4283.3499819657045,2.236719106547085,0.0,669.8973724108519,0.6611663750009029,1000,mac,phase-27,with
1,4354.354070461016,2.273796674817034,0.0,681.0021041077019,0.6721263750005164,1000,mac,phase-27,with
2,4351.848520178659,2.272488303515937,0.0,680.610246903023,0.6717396250023739,1000,mac,phase-27,with
3,4328.059831224237,2.260066107027654,0.0,676.8897990547823,0.6680676670002867,1000,mac,phase-27,with
4,4315.003002082361,2.253247971844791,0.0,674.8477675675149,0.6660522499951185,1000,mac,phase-27,with
5,4358.046529242934,2.2757248369196947,0.0,681.5795886574485,0.6726963330002036,1000,mac,phase-27,with
6,4350.052362914657,2.271550369588597,0.0,680.3293356917849,0.6714623750012834,1000,mac,phase-27,with
7,4340.672340582663,2.266652223217615,0.0,678.8623408536757,0.6700144999995246,1000,mac,phase-27,with
8,4353.515107894238,2.273358577624256,0.0,680.8708939984646,0.6719968749966938,1000,mac,phase-27,with
9,4317.517188213443,2.2545608526928382,0.0,675.240975381505,0.6664403329996276,1000,mac,phase-27,with
10,4331.806281607474,2.262022462961491,0.0,677.4757276569665,0.6686459589982405,1000,mac,phase-27,with
11,4351.441730208922,2.2722758821864883,0.0,680.5466267148533,0.6716768339974806,1000,mac,phase-27,with
12,4334.966961231463,2.2636729357303316,0.0,677.9700442512343,0.669133832998341,1000,mac,phase-27,with
13,4355.266460061378,2.2742731148138446,0.0,681.1447978867466,0.6722672090036212,1000,mac,phase-27,with
14,4347.783542605086,2.2703656161229437,0.0,679.9745020288217,0.6711121660046047,1000,mac,phase-27,with
15,4341.417365203267,2.267041267029297,0.0,678.9788594752746,0.6701294999948004,1000,mac,phase-27,with
16,4327.848743038593,2.25995587905656,0.0,676.8567857774398,0.6680350839960738,1000,mac,phase-27,with
17,4328.111386921063,2.2600930288558088,0.0,676.8978621423148,0.6680756249988917,1000,mac,phase-27,with
18,4333.722828373225,2.26302326298661,0.0,677.7754672644896,0.6689417919988045,1000,mac,phase-27,with
19,4354.176184478048,2.2737037846776422,0.0,680.9742835109538,0.672098916998948,1000,mac,phase-27,with
20,4340.957659112539,2.2668012134728857,0.0,678.9069634351292,0.6700585409998894,1000,mac,phase-27,with
21,4334.183065746333,2.2632635939729435,0.0,677.8474463948966,0.6690128330010339,1000,mac,phase-27,with
22,4320.460845419451,2.256097998698541,0.0,675.701350610213,0.6668947080033831,1000,mac,phase-27,with
23,4370.406384533997,2.28217901988398,0.0,683.5126164552521,0.6746041669975966,1000,mac,phase-27,with
24,4334.259997612679,2.2633037669627956,0.0,677.8594782053573,0.6690247079968685,1000,mac,phase-27,with
25,4396.485480096635,2.295797241969968,0.0,687.5912739700054,0.6786296659993241,1000,mac,phase-27,with
26,4326.788696060417,2.259402333971544,0.0,676.6909990244774,0.6678714579975349,1000,mac,phase-27,with
27,4346.266231851323,2.2695732928321086,0.0,679.7372012032165,0.6708779580003466,1000,mac,phase-27,with
28,4339.988323733827,2.2662950370055537,0.0,678.7553635831633,0.6699089169997023,1000,mac,phase-27,with
29,4352.242897344365,2.2726942430131607,0.0,680.6719257824416,0.6718005000002449,1000,mac,phase-27,with
0,373.4679684774317,0.8598394740470402,0.0,80.75876906241815,0.1260774999973364,1000,mac,phase-5,without
1,376.217023324055,0.8661686537169423,0.0,81.35322509141436,0.1270055420027347,1000,mac,phase-5,without
2,377.1833197368303,0.8683933687379428,0.0,81.5621771714637,0.1273317499944823,1000,mac,phase-5,without
3,378.51347327307474,0.8714557960772109,0.0,81.84980977002112,0.1277807910009869,1000,mac,phase-5,without
4,382.865699575474,0.8814759752910939,0.0,82.79093583310966,0.1292500409981585,1000,mac,phase-5,without
5,375.876863906177,0.8653855008908706,0.0,81.27966896828869,0.126890708997962,1000,mac,phase-5,without
6,375.1596359908969,0.8637342190528043,0.0,81.12457549719032,0.1266485830055899,1000,mac,phase-5,without
7,376.53583111378606,0.8669026484511146,0.0,81.42216413529314,0.1271131670000613,1000,mac,phase-5,without
8,375.94264867034286,0.8655369578879761,0.0,81.29389427547838,0.1269129170032101,1000,mac,phase-5,without
9,375.8252711087258,0.8652667182172029,0.0,81.26851253409266,0.1268732919998001,1000,mac,phase-5,without
10,378.7735315782241,0.8720545312170218,0.0,81.90604481661413,0.1278685830038739,1000,mac,phase-5,without
11,379.158248535522,0.8729402693636388,0.0,81.98923606869253,0.127998458003276,1000,mac,phase-5,without
12,378.9795295578257,0.872528802665675,0.0,81.95058985036839,0.1279381250060396,1000,mac,phase-5,without
13,380.905955104168,0.8769640337118894,0.0,82.3671603970936,0.1285884590033674,1000,mac,phase-5,without
14,379.9429881850501,0.8747469842213144,0.0,82.15892828724806,0.128263375001552,1000,mac,phase-5,without
15,377.3140272564953,0.8686942981199751,0.0,81.59044138496074,0.1273758750030538,1000,mac,phase-5,without
16,374.7936786871426,0.862891671466015,0.0,81.04544083538494,0.1265250409996952,1000,mac,phase-5,without
17,376.2823133627069,0.8663189717019728,0.0,81.36734341908529,0.1270275829956517,1000,mac,phase-5,without
18,375.37291506103014,0.8642252538374908,0.0,81.17069499504433,0.1267205830008606,1000,mac,phase-5,without
19,375.49547646408945,0.8645074283243005,0.0,81.19719769107468,0.1267619579957681,1000,mac,phase-5,without
20,374.25826226896214,0.8616589762678664,0.0,80.92966230946652,0.1263442919953377,1000,mac,phase-5,without
21,374.6344599210041,0.8625251003228643,0.0,81.01101134570904,0.1264712909978698,1000,mac,phase-5,without
22,381.1752673455372,0.8775840742923906,0.0,82.42539651623146,0.1286793750041397,1000,mac,phase-5,without
23,377.2149146660136,0.868466110096197,0.0,81.5690092636505,0.127342415995372,1000,mac,phase-5,without
24,380.61787726065177,0.8763007888760247,0.0,82.30486640135585,0.1284912080009235,1000,mac,phase-5,without
25,377.792424091372,0.8697957164947907,0.0,81.69388998770303,0.1275373750031576,1000,mac,phase-5,without
26,372.2949335054875,0.8571387825327792,0.0,80.50511180557872,0.1256814999942435,1000,mac,phase-5,without
27,383.4238301968208,0.8827609656528239,0.0,82.91162608169985,0.1294384579960024,1000,mac,phase-5,without
28,347.61244727258975,0.800312018868975,0.0,75.16776731069372,0.1173490420042071,1000,mac,phase-5,without
29,379.3691845025126,0.8734259095957962,0.0,82.0348488935744,0.1280696670000907,1000,mac,phase-5,without
0,4381.29948951487,2.600731801511087,0.0,683.9924637974159,0.6714257500061649,1000,mac,phase-5,with
1,4400.073518702976,2.6118760327760016,0.0,686.9233966200884,0.6743028339988086,1000,mac,phase-5,with
2,4355.236083613629,2.5852606088329178,0.0,679.9235401230574,0.6674315830023261,1000,mac,phase-5,with
3,4363.5371661848485,2.5901881170942467,0.0,681.2194747957868,0.6687037079973379,1000,mac,phase-5,with
4,4402.796495691147,2.6134923872080296,0.0,687.3484978357118,0.6747201250036596,1000,mac,phase-5,with
5,4393.989697118286,2.608264686802532,0.0,685.9736126290659,0.6733705000006012,1000,mac,phase-5,with
6,4382.0719297905825,2.601190320723166,0.0,684.1130543501927,0.6715441249980358,1000,mac,phase-5,with
7,4393.514709116215,2.6079827347457782,0.0,685.8994592381397,0.6732977089995984,1000,mac,phase-5,with
8,4339.11135991412,2.5756890007252657,0.0,677.4062071907449,0.6649604999984149,1000,mac,phase-5,with
9,4351.736039827353,2.5831829888931184,0.0,679.3771260788902,0.6668952079999144,1000,mac,phase-5,with
10,4365.224521738429,2.5911897284333376,0.0,681.4828985779678,0.6689622920021066,1000,mac,phase-5,with
11,4345.4613577784085,2.5794583484780738,0.0,678.3975456497334,0.6659336250013439,1000,mac,phase-5,with
12,4352.842911748336,2.5838400261515817,0.0,679.549926877866,0.6670648340004846,1000,mac,phase-5,with
13,4420.416885651397,2.6239518202219827,0.0,690.0993287183815,0.6774204159955843,1000,mac,phase-5,with
14,4385.0499442231985,2.602958064941245,0.0,684.5779710795474,0.6720005000024685,1000,mac,phase-5,with
15,4388.3607523474075,2.6049233549192388,0.0,685.0948423437598,0.6725078750023386,1000,mac,phase-5,with
16,4451.046149645221,2.642133298369334,0.0,694.8810574711348,0.6821142920016428,1000,mac,phase-5,with
17,4374.316798559101,2.596586888233131,0.0,682.9023516053135,0.6703556659995229,1000,mac,phase-5,with
18,4405.877284583328,2.6153211381676047,0.0,687.82945933808,0.6751922499970533,1000,mac,phase-5,with
19,4340.023279976311,2.576230314897431,0.0,677.5485728180244,0.6651002500002505,1000,mac,phase-5,with
20,4380.374792758805,2.6001829031155292,0.0,683.8481035193842,0.6712840420004795,1000,mac,phase-5,with
21,4370.903489972564,2.5945607541579276,0.0,682.369478343535,0.6698325830002432,1000,mac,phase-5,with
22,4392.603872271309,2.607442063569521,0.0,685.7572627187839,0.6731581249987357,1000,mac,phase-5,with
23,4366.222628815973,2.5917822030687954,0.0,681.6387194070932,0.6691152499988675,1000,mac,phase-5,with
24,4370.563903371487,2.594359176138689,0.0,682.3164633244752,0.669780542004446,1000,mac,phase-5,with
25,4383.400657668101,2.60197905129383,0.0,684.3204904902774,0.6717477499987581,1000,mac,phase-5,with
26,4382.203800990482,2.6012685992394147,0.0,684.133641599966,0.671564334006689,1000,mac,phase-5,with
27,4372.392089374062,2.5954443841888013,0.0,682.6018730416548,0.6700607080056216,1000,mac,phase-5,with
28,4435.942371839525,2.633167721978988,0.0,692.5231108804737,0.6797996669993154,1000,mac,phase-5,with
29,4355.406017212526,2.5853614811234005,0.0,679.9500695354543,0.6674576250006794,1000,mac,phase-5,with
0,382.2958550247492,0.6363782412362217,0.0,82.59519699413276,0.1278283330029808,1000,mac,phase-2,without
1,381.97809640969257,0.6358492931298545,0.0,82.52654509780112,0.1277220839983783,1000,mac,phase-2,without
2,380.5597552098989,0.6334882906069809,0.0,82.22011182299026,0.1272478329992736,1000,mac,phase-2,without
3,380.82841851267926,0.6339355135571146,0.0,82.27815665430761,0.1273376659955829,1000,mac,phase-2,without
4,376.7383916839739,0.627127163307824,0.0,81.39450445879442,0.1259700829978101,1000,mac,phase-2,without
5,383.4486462387653,0.6382972033061627,0.0,82.84425807121039,0.1282137920061359,1000,mac,phase-2,without
6,394.616409505073,0.6568873121251435,0.0,85.2570585105581,0.131947958994715,1000,mac,phase-2,without
7,382.8685735518281,0.6373316013215992,0.0,82.71893309784545,0.1280198329986888,1000,mac,phase-2,without
8,377.48706491144566,0.6283734215277262,0.0,81.55625565723015,0.1262204169979668,1000,mac,phase-2,without
9,381.2172121703717,0.6345827081861803,0.0,82.3621557045853,0.127467667000019,1000,mac,phase-2,without
10,377.71186368099495,0.628747626593561,0.0,81.6048235357748,0.1262955830025021,1000,mac,phase-2,without
11,378.5886374541328,0.630207123850405,0.0,81.79425091658413,0.1265887500048848,1000,mac,phase-2,without
12,384.2867861706764,0.6396923898057518,0.0,83.02533859268337,0.1284940410041599,1000,mac,phase-2,without
13,380.8978296360755,0.6340510568674816,0.0,82.29315295974789,0.1273608750052517,1000,mac,phase-2,without
14,379.0602973204849,0.6309922594260744,0.0,81.89615324972102,0.126746458998241,1000,mac,phase-2,without
15,379.1474013908543,0.6311372548121809,0.0,81.91497212457043,0.1267755840017344,1000,mac,phase-2,without
16,376.1731498918869,0.6261862491629446,0.0,81.2723837071485,0.1257810829993104,1000,mac,phase-2,without
17,377.5617067268463,0.6284976719651376,0.0,81.5723820561068,0.1262453749950509,1000,mac,phase-2,without
18,383.5442229208476,0.6384563023914582,0.0,82.86490745775453,0.1282457499983138,1000,mac,phase-2,without
19,381.9093103911899,0.6357347903830917,0.0,82.51168384656337,0.1276990840051439,1000,mac,phase-2,without
20,381.43017374632535,0.6349372087944789,0.0,82.4081661519571,0.1275388750000274,1000,mac,phase-2,without
21,370.9409249040661,0.6174765702801169,0.0,80.1419590689878,0.1240315830000327,1000,mac,phase-2,without
22,369.4954222035849,0.6150703541149565,0.0,79.8296575393412,0.1235482500051148,1000,mac,phase-2,without
23,379.72236293625485,0.6320943486760857,0.0,82.03919283343302,0.1269678339958773,1000,mac,phase-2,without
24,389.0476024699843,0.6476173512291662,0.0,84.053915164796,0.1300859159964602,1000,mac,phase-2,without
25,382.10893643234783,0.6360670923615392,0.0,82.5548131454503,0.1277658330000122,1000,mac,phase-2,without
26,377.6365997636065,0.6286223405912497,0.0,81.58856273147482,0.1262704169930657,1000,mac,phase-2,without
27,380.6645552301474,0.6336627430675312,0.0,82.24275391602801,0.1272828750006738,1000,mac,phase-2,without
28,380.58679709483806,0.6335333051342145,0.0,82.22595423478805,0.1272568749991478,1000,mac,phase-2,without
29,381.4469964163775,0.6349652121877669,0.0,82.41180069763332,0.1275444999992032,1000,mac,phase-2,without
0,4341.410025777803,1.666030925067465,0.0,679.107525676,0.6718005000002449,1000,mac,phase-2,with
1,4367.231961158753,1.675940180962282,0.0,683.1467365638454,0.6757962499978021,1000,mac,phase-2,with
2,4357.841358687681,1.672336505191294,0.0,681.6778062460752,0.6743431249997229,1000,mac,phase-2,with
3,4336.2977704592595,1.6640690796285496,0.0,678.3078382381893,0.6710094169975491,1000,mac,phase-2,with
4,4330.561891962218,1.6618679166649597,0.0,677.4106001909709,0.6701218330053962,1000,mac,phase-2,with
5,4345.360137259517,1.6675467938398043,0.0,679.7254241049811,0.6724117499979911,1000,mac,phase-2,with
6,4331.24017376044,1.662128209621634,0.0,677.5167008059705,0.6702267920045415,1000,mac,phase-2,with
7,4372.229509783031,1.6778580073155032,0.0,683.9284809419454,0.6765695830035838,1000,mac,phase-2,with
8,4413.244701656469,1.693597727280443,0.0,690.3443055940542,0.6829163750007865,1000,mac,phase-2,with
9,4355.566611436066,1.6714635631643024,0.0,681.321977617033,0.6739911249969737,1000,mac,phase-2,with
10,4329.558075685815,1.6614826987404503,0.0,677.2535776605824,0.6699664999978268,1000,mac,phase-2,with
11,4307.3984058292945,1.6529788497487543,0.0,673.7872387345873,0.6665374580043135,1000,mac,phase-2,with
12,4349.584627244564,1.6691679562999129,0.0,680.3862423469704,0.6730654580023838,1000,mac,phase-2,with
13,4322.219269336075,1.6586664067387389,0.0,676.1056007148447,0.6688308749944554,1000,mac,phase-2,with
14,4338.644411338892,1.664969611080838,0.0,678.6749128687712,0.6713725419976981,1000,mac,phase-2,with
15,4346.0117554069775,1.6677968545294328,0.0,679.8273538432874,0.6725125829980243,1000,mac,phase-2,with
16,4338.894013142475,1.6650653966254547,0.0,678.7139569724678,0.6714111659966875,1000,mac,phase-2,with
17,4384.87391196579,1.6827103398388967,0.0,685.906388725131,0.6785262089979369,1000,mac,phase-2,with
18,4330.257625097203,1.6617511532163156,0.0,677.3630050740345,0.6700747499999125,1000,mac,phase-2,with
19,4340.413744610087,1.6656485987666498,0.0,678.9516818292618,0.671646332993987,1000,mac,phase-2,with
20,4355.47829694734,1.671429672177624,0.0,681.3081629730431,0.6739774589950684,1000,mac,phase-2,with
21,4338.841241614819,1.665045145371481,0.0,678.705702156323,0.6714030000002822,1000,mac,phase-2,with
22,4338.363564088581,1.6648618349893247,0.0,678.6309811783485,0.6713290830011829,1000,mac,phase-2,with
23,4310.190141028523,1.6540501876663658,0.0,674.223937496564,0.6669694579977659,1000,mac,phase-2,with
24,4382.855765271754,1.681935869152271,0.0,685.5906989838487,0.67821391599864,1000,mac,phase-2,with
25,4310.463983130146,1.6541552755081452,0.0,674.2667734026302,0.6670118330002879,1000,mac,phase-2,with
26,4321.599426595342,1.6584285399699683,0.0,676.0086414625586,0.6687349589992664,1000,mac,phase-2,with
27,4334.978371818408,1.6635627558938415,0.0,678.1014505574477,0.6708052499961923,1000,mac,phase-2,with
28,4321.7230125999195,1.6584759665213211,0.0,676.027973473421,0.6687540830025682,1000,mac,phase-2,with
29,4338.666215306751,1.664977978427974,0.0,678.6783235668107,0.671375915997487,1000,mac,phase-2,with
0,380.718739039475,0.8290191164521274,0.0,81.70812411752168,0.1257333750036195,1000,mac,phase-3,without
1,385.49185126773415,0.8394126192573255,0.0,82.732507754002,0.1273097079974832,1000,mac,phase-3,without
2,386.846623126437,0.8423626494347988,0.0,83.02326272829377,0.1277571250029723,1000,mac,phase-3,without
3,399.32570515585775,0.8695359837032004,0.0,85.70146655378743,0.1318783749957219,1000,mac,phase-3,without
4,385.47179087039615,0.8393689375280814,0.0,82.72820248276771,0.1273030829979688,1000,mac,phase-3,without
5,380.5954758354475,0.8287507095101634,0.0,81.68166992932171,0.1256926670030225,1000,mac,phase-3,without
6,387.6139629073988,0.8440335399952068,0.0,83.18794570192759,0.1280105410041869,1000,mac,phase-3,without
7,385.23207743578854,0.8388469589665284,0.0,82.67675627574104,0.1272239169993554,1000,mac,phase-3,without
8,385.3755251845919,0.8391593179701069,0.0,82.70754237913374,0.1272712909994879,1000,mac,phase-3,without
9,383.9541407017457,0.8360642380928179,0.0,82.40249130642813,0.1268018749979091,1000,mac,phase-3,without
10,394.5344250130931,0.8591029200703185,0.0,84.6731838021306,0.1302960419998271,1000,mac,phase-3,without
11,367.7290630532556,0.8007339583948602,0.0,78.92033893939742,0.1214435000001685,1000,mac,phase-3,without
12,386.9519727694939,0.842592049406615,0.0,83.04587238951598,0.1277919170024688,1000,mac,phase-3,without
13,386.76751701797167,0.842190395039569,0.0,83.00628533509993,0.1277310000004945,1000,mac,phase-3,without
14,389.79625873536,0.8487855124452574,0.0,83.65630010660458,0.1287312499989639,1000,mac,phase-3,without
15,386.1857654511051,0.840923624795543,0.0,82.88143245984871,0.1275388750000274,1000,mac,phase-3,without
16,384.70394542270975,0.8376969458729853,0.0,82.56341098524143,0.127049499998975,1000,mac,phase-3,without
17,367.3595217360487,0.7999292782337094,0.0,78.8410296627144,0.1213214579984196,1000,mac,phase-3,without
18,386.25515776612383,0.8410747273018984,0.0,82.8963251228751,0.1275617919964133,1000,mac,phase-3,without
19,384.5443463896712,0.8373494172756537,0.0,82.52915856668842,0.1269967919943155,1000,mac,phase-3,without
20,339.5262861430443,0.7393221107548216,0.0,72.86758723599522,0.1121294580007088,1000,mac,phase-3,without
21,381.7327354125574,0.8312271043736552,0.0,81.92574340706746,0.1260682499996619,1000,mac,phase-3,without
22,376.44272194280825,0.8197080435998786,0.0,80.79042477720404,0.1243212089975713,1000,mac,phase-3,without
23,386.59656306590654,0.8418181409849023,0.0,82.96959597547198,0.1276745420036604,1000,mac,phase-3,without
24,386.3097856350467,0.8411936800693467,0.0,82.90804910763481,0.1275798329952522,1000,mac,phase-3,without
25,385.05569734841544,0.8384628894443328,0.0,82.63890238363345,0.1271656670069205,1000,mac,phase-3,without
26,385.4779740076497,0.839382401375424,0.0,82.72952947956179,0.1273051249954733,1000,mac,phase-3,without
27,384.01041275862553,0.8361867710970855,0.0,82.41456815932875,0.1268204589941888,1000,mac,phase-3,without
28,388.9389605532855,0.846918736506588,0.0,83.47231067008931,0.1284481249967939,1000,mac,phase-3,without
29,371.45499825295536,0.8088472220471984,0.0,79.71998220497187,0.1226739999983692,1000,mac,phase-3,without
0,4352.7108654247895,2.3953832925224128,0.0,679.8896245276115,0.6702598330011824,1000,mac,phase-3,with
1,4353.83081882286,2.3959996251346825,0.0,680.0645602673941,0.6704322909936309,1000,mac,phase-3,with
2,4377.667829614132,2.4091176058961996,0.0,683.7878804735379,0.6741028749966063,1000,mac,phase-3,with
3,4357.276732033212,2.3978959796564423,0.0,680.6028088924868,0.670962915995915,1000,mac,phase-3,with
4,4340.29989561195,2.388553289185912,0.0,677.9510419139347,0.668348708000849,1000,mac,phase-3,with
5,4348.967036986012,2.393322989329855,0.0,679.3048418047905,0.6696833329988294,1000,mac,phase-3,with
6,4353.057758863061,2.3955741948754548,0.0,679.9438089788166,0.6703132499969797,1000,mac,phase-3,with
7,4404.514293989114,2.423891748772987,0.0,687.9812746933994,0.6782368749991292,1000,mac,phase-3,with
8,4363.9182706841275,2.4015509503661705,0.0,681.6402114122646,0.6719856249983422,1000,mac,phase-3,with
9,4372.756154061854,2.4064146132279585,0.0,683.0206810545355,0.6733465420038556,1000,mac,phase-3,with
10,4366.575966764367,2.403013533336654,0.0,682.0553412120536,0.6723948750004638,1000,mac,phase-3,with
11,4337.917119292063,2.387242000023148,0.0,677.5788543399035,0.6679817920012283,1000,mac,phase-3,with
12,4356.767493437678,2.397615735537004,0.0,680.5232662699196,0.6708844999957364,1000,mac,phase-3,with
13,4341.809499462903,2.389384054186092,0.0,678.1868407131525,0.6685811670031399,1000,mac,phase-3,with
14,4342.835561736078,2.3899487166463933,0.0,678.347110741468,0.6687391670056968,1000,mac,phase-3,with
15,4348.181800656283,2.392890858172268,0.0,679.1821885778954,0.669562417002453,1000,mac,phase-3,with
16,4345.98843020928,2.391683802825496,0.0,678.8395860353032,0.6692246669990709,1000,mac,phase-3,with
17,4366.479640299335,2.40296052296861,0.0,682.0402951025904,0.6723800420004409,1000,mac,phase-3,with
18,4350.7699517836645,2.394315169173097,0.0,679.5864555169641,0.6699609580027754,1000,mac,phase-3,with
19,4411.281921417619,2.427616108642839,0.0,689.0383721697925,0.6792790000035893,1000,mac,phase-3,with
20,4375.239322141577,2.407781149971288,0.0,683.4085497335172,0.6737289170050644,1000,mac,phase-3,with
21,4362.198694264533,2.4006046332885917,0.0,681.3716150817453,0.671720833001018,1000,mac,phase-3,with
22,4342.44320978076,2.3897327975680045,0.0,678.2858257097186,0.6686787500002538,1000,mac,phase-3,with
23,4367.802533259263,2.403688537254874,0.0,682.2469298241751,0.6725837499980116,1000,mac,phase-3,with
24,4349.043075958734,2.3933648350876986,0.0,679.3167190257251,0.6696950419936911,1000,mac,phase-3,with
25,4371.508209059654,2.4057278442923047,0.0,682.8257531382991,0.6731543749992852,1000,mac,phase-3,with
26,4381.123756678903,2.4110194712410555,0.0,684.3276932539196,0.6746350419998635,1000,mac,phase-3,with
27,4348.70917070194,2.393181080389043,0.0,679.26456331709,0.6696436250058468,1000,mac,phase-3,with
28,4380.730593006541,2.4108031054586454,0.0,684.2662814326789,0.6745745000007446,1000,mac,phase-3,with
29,4360.594393997713,2.3997217549688177,0.0,681.1210247853162,0.67147379200469,1000,mac,phase-3,with
0,383.9545030041101,0.7483167138634322,0.0,83.74344316053501,0.1290693749979254,1000,mac,phase-4,without
1,380.5712962296334,0.7417229373717164,0.0,83.00553962768936,0.1279320829999051,1000,mac,phase-4,without
2,379.3227523689651,0.739289559896991,0.0,82.73322256665416,0.1275123750019702,1000,mac,phase-4,without
3,381.40609713820413,0.7433499412686473,0.0,83.18761615470044,0.1282127079975907,1000,mac,phase-4,without
4,377.8933649477449,0.7365037233212605,0.0,82.42146212804288,0.1270318749957368,1000,mac,phase-4,without
5,377.3349727742443,0.7354154324090517,0.0,82.29967248141297,0.1268441670035827,1000,mac,phase-4,without
6,379.478432147369,0.7395929754821154,0.0,82.7671775289531,0.1275647080037742,1000,mac,phase-4,without
7,377.5122197834027,0.735760881930799,0.0,82.3383314233467,0.1269037500023841,1000,mac,phase-4,without
8,380.0270342943452,0.7406621859032241,0.0,82.88683189516989,0.127749125000264,1000,mac,phase-4,without
9,380.193747573396,0.7409871054761438,0.0,82.92319334919391,0.1278051670014974,1000,mac,phase-4,without
10,379.8107431500959,0.7402406404413634,0.0,82.83965712575622,0.1276764170033857,1000,mac,phase-4,without
11,380.1485069545946,0.7408989327605493,0.0,82.91332602074876,0.127789959005895,1000,mac,phase-4,without
12,378.1696487293581,0.7370421927751486,0.0,82.4817217551098,0.127124749997165,1000,mac,phase-4,without
13,376.8617310030964,0.7344930972774735,0.0,82.19645479532454,0.1266850829997565,1000,mac,phase-4,without
14,377.38604101189975,0.7355149629927175,0.0,82.31081085854865,0.126861333999841,1000,mac,phase-4,without
15,409.16660621043746,0.7974544061507464,0.0,89.24239763377898,0.1375446250021923,1000,mac,phase-4,without
16,378.49080129962533,0.7376681102579515,0.0,82.5517676115944,0.1272327080005197,1000,mac,phase-4,without
17,379.5870120263693,0.739804594665142,0.0,82.79085963934453,0.1276012079979409,1000,mac,phase-4,without
18,381.6391244917863,0.7438041051399095,0.0,83.23844122065715,0.1282910420050029,1000,mac,phase-4,without
19,376.7888515799983,0.7343510572962405,0.0,82.180559230152,0.1266605839991825,1000,mac,phase-4,without
20,377.4415684624742,0.7356231844591099,0.0,82.32292182446949,0.1268799999961629,1000,mac,phase-4,without
21,373.44320153344626,0.727830477829183,0.0,81.45084710979312,0.1255359169954317,1000,mac,phase-4,without
22,378.64301246702775,0.7379647656161066,0.0,82.58496604303883,0.1272838750010123,1000,mac,phase-4,without
23,377.3484842839751,0.7354417659680592,0.0,82.3026194460619,0.1268487090055714,1000,mac,phase-4,without
24,376.84487583582137,0.7344602470223307,0.0,82.19277855313538,0.1266794170005596,1000,mac,phase-4,without
25,376.29156456901205,0.7333818586568273,0.0,82.07209709150493,0.1264934169957996,1000,mac,phase-4,without
26,379.8661486341485,0.7403486241983759,0.0,82.85174148983643,0.1276950419996865,1000,mac,phase-4,without
27,330.59219602187005,0.6443150524876986,0.0,72.10471178294154,0.1111312089997227,1000,mac,phase-4,without
28,378.01967163799566,0.7367498915694458,0.0,82.44901059290798,0.1270743339991895,1000,mac,phase-4,without
29,323.76578983555265,0.6310105755122394,0.0,70.61581985959697,0.1088364579991321,1000,mac,phase-4,without
0,4308.102054212148,2.0179548584554863,0.0,674.2615725416347,0.6664996249965043,1000,mac,phase-4,with
1,4344.50494244896,2.0350063080857157,0.0,679.9589929738206,0.6721314580063336,1000,mac,phase-4,with
2,4319.220014694317,2.0231626140027745,0.0,676.001645878763,0.6682196670008125,1000,mac,phase-4,with
3,4342.779386586689,2.034198041755905,0.0,679.6889260175222,0.6718645000000834,1000,mac,phase-4,with
4,4358.305097047724,2.041470428171447,0.0,682.1188568359087,0.6742664580015116,1000,mac,phase-4,with
5,4324.487989408787,2.025630182095525,0.0,676.8261372372293,0.6690346670002327,1000,mac,phase-4,with
6,4340.905163996958,2.0333201385555677,0.0,679.3955912137636,0.6715745420005987,1000,mac,phase-4,with
7,4337.0403644270955,2.031509830681979,0.0,678.790710966559,0.6709766249987297,1000,mac,phase-4,with
8,4334.736300974539,2.0304305860448357,0.0,678.4301017174728,0.6706201670021983,1000,mac,phase-4,with
9,4334.920518487179,2.0305168752320384,0.0,678.4589336226132,0.6706486670009326,1000,mac,phase-4,with
10,4317.022596966058,2.022133323209521,0.0,675.65772776486,0.6678797079948708,1000,mac,phase-4,with
11,4347.010998783234,2.036180168057386,0.0,680.3512161532072,0.6725191660007113,1000,mac,phase-4,with
12,4366.1669320433575,2.0451529844169056,0.0,683.349313580088,0.6754827500044485,1000,mac,phase-4,with
13,4347.248548893261,2.0362914387266096,0.0,680.3883951496025,0.6725559170008637,1000,mac,phase-4,with
14,4326.125204851408,2.0263970689554927,0.0,677.0823780237844,0.6692879580004956,1000,mac,phase-4,with
15,4358.840782194303,2.0417213480499776,0.0,682.202696982863,0.6743493329995545,1000,mac,phase-4,with
16,4334.38913819706,2.0302679717880996,0.0,678.375767229263,0.670566458000394,1000,mac,phase-4,with
17,4330.465634670958,2.0284301664383113,0.0,677.7616992187814,0.6699594590027118,1000,mac,phase-4,with
18,4379.153194256296,2.051235869779418,0.0,685.3817950466246,0.6774918340015574,1000,mac,phase-4,with
19,4314.435206996932,2.0209213658108305,0.0,675.2527750484647,0.6674794170030509,1000,mac,phase-4,with
20,4373.092592960674,2.0483970280630976,0.0,684.4332496062632,0.6765542080029263,1000,mac,phase-4,with
21,4335.565279828449,2.0308188874092776,0.0,678.5598452979655,0.6707484170037787,1000,mac,phase-4,with
22,4330.130862970415,2.028273356276648,0.0,677.7093040595188,0.6699076670047361,1000,mac,phase-4,with
23,4393.075074651345,2.0577570073542715,0.0,687.5607102277829,0.6796456660013064,1000,mac,phase-4,with
24,4334.660616646641,2.0303951348054574,0.0,678.4182563541775,0.6706084580000606,1000,mac,phase-4,with
25,4339.30403576525,2.0325701552790507,0.0,679.1449984409445,0.6713268339954084,1000,mac,phase-4,with
26,4347.693469734016,2.03649984376459,0.0,680.4580297640961,0.6726247499973397,1000,mac,phase-4,with
27,4356.369468620447,2.0405637619087087,0.0,681.8159113971033,0.6739670000024489,1000,mac,phase-4,with
28,4323.658474035085,2.025241629420249,0.0,676.6963096859594,0.6689063339945278,1000,mac,phase-4,with
29,4328.590054650415,2.027551627404823,0.0,677.4681519633624,0.6696692909972626,1000,mac,phase-4,with
0,356.33566462805965,0.0,0.0,78.6689939309365,0.1220669589965837,1000,mac,phase-22,without
1,365.621944433946,0.0,0.0,80.71914597073523,0.1252480830007698,1000,mac,phase-22,without
2,369.7227878911292,0.0,0.0,81.62449803360438,0.126652874998399,1000,mac,phase-22,without
3,368.88984603315726,0.0,0.0,81.44060766148007,0.1263675410009455,1000,mac,phase-22,without
4,381.5487589223497,0.0,0.0,84.2353431878597,0.1307040000028791,1000,mac,phase-22,without
5,374.4612274067481,0.0,0.0,82.67061355472525,0.128276082999946,1000,mac,phase-22,without
6,376.2095751151944,0.0,0.0,83.05660005262041,0.1288750000021536,1000,mac,phase-22,without
7,417.9745566255801,0.0,0.0,92.27714518215636,0.1431820840007276,1000,mac,phase-22,without
8,372.6591200383785,0.0,0.0,82.27275842065343,0.1276587499960442,1000,mac,phase-22,without
9,368.9749927454226,0.0,0.0,81.45940568496007,0.1263967090053483,1000,mac,phase-22,without
10,368.7472965391703,0.0,0.0,81.40913670195931,0.1263187090007704,1000,mac,phase-22,without
11,354.0226975037879,0.0,0.0,78.15835518571936,0.1212746249948395,1000,mac,phase-22,without
12,368.9847223569777,0.0,0.0,81.46155371230721,0.1264000419978401,1000,mac,phase-22,without
13,368.6611806740536,0.0,0.0,81.3901247165121,0.1262892090016976,1000,mac,phase-22,without
14,368.6304066460952,0.0,0.0,81.3833306679253,0.1262786669976776,1000,mac,phase-22,without
15,360.7548186281763,0.0,0.0,79.64462009953212,0.1235807920020306,1000,mac,phase-22,without
16,371.2739682072804,0.0,0.0,81.96695546066114,0.127184249999118,1000,mac,phase-22,without
17,300.1849544333428,0.0,0.0,66.27248042410939,0.1028318750031758,1000,mac,phase-22,without
18,368.7402408753223,0.0,0.0,81.40757900781993,0.1263162920004106,1000,mac,phase-22,without
19,364.68415722507456,0.0,0.0,80.51210866415458,0.1249268329993356,1000,mac,phase-22,without
20,369.8492877304773,0.0,0.0,81.65242567622282,0.1266962090012384,1000,mac,phase-22,without
21,368.8047051618492,0.0,0.0,81.42181092752081,0.1263383749974309,1000,mac,phase-22,without
22,366.89142369116024,0.0,0.0,80.99941164687931,0.1256829580015619,1000,mac,phase-22,without
23,351.5059977726157,0.0,0.0,77.60273795306252,0.1204125000003841,1000,mac,phase-22,without
24,373.0993064216162,0.0,0.0,82.36993931874723,0.1278095410016249,1000,mac,phase-22,without
25,370.29701434336874,0.0,0.0,81.751271247095,0.126849583000876,1000,mac,phase-22,without
26,371.2468431633174,0.0,0.0,81.96096700614838,0.1271749579973402,1000,mac,phase-22,without
27,392.0700979045949,0.0,0.0,86.55816190824662,0.1343082080056774,1000,mac,phase-22,without
28,371.75271404089193,0.0,0.0,82.07264921185542,0.1273482499964302,1000,mac,phase-22,without
29,351.3996928408619,0.0,0.0,77.57926878379007,0.1203760839998722,1000,mac,phase-22,without
0,4353.464654492353,2.3507916581642525,0.0,678.0690624284917,0.672032708003826,1000,mac,phase-22,with
1,4322.178623623377,2.3338977710603417,0.0,673.1961413639908,0.6672031670022989,1000,mac,phase-22,with
2,4308.806564758945,2.3266771027132243,0.0,671.1133911554673,0.6651389580001705,1000,mac,phase-22,with
3,4329.00892253956,2.337586008128803,0.0,674.259987001838,0.6682575419981731,1000,mac,phase-22,with
4,4313.097194156805,2.3289939644767292,0.0,671.7816733821377,0.6658012909974786,1000,mac,phase-22,with
5,4307.196230500553,2.32580755152999,0.0,670.8625753277432,0.6648903750028694,1000,mac,phase-22,with
6,4312.2739435066915,2.328549424113029,0.0,671.6534488895167,0.6656742079940159,1000,mac,phase-22,with
7,4308.588740160131,2.326559481395384,0.0,671.0794641264886,0.6651053329987917,1000,mac,phase-22,with
8,4332.389657399854,2.3394115434067433,0.0,674.7865496132222,0.6687794170065899,1000,mac,phase-22,with
9,4332.896293071482,2.3396851174460696,0.0,674.8654600907656,0.6688576250016922,1000,mac,phase-22,with
10,4311.020984104871,2.327872848846298,0.0,671.4582955865086,0.6654807919985615,1000,mac,phase-22,with
11,4333.292529765019,2.3398990780470506,0.0,674.9271754978284,0.668918791001488,1000,mac,phase-22,with
12,4317.959518357646,2.3316195310260825,0.0,672.5389992992519,0.6665518749941839,1000,mac,phase-22,with
13,4309.7439910973,2.3271832958699954,0.0,671.2593989558725,0.6652836659995955,1000,mac,phase-22,with
14,4308.1566021194085,2.32632613472051,0.0,671.0121569448831,0.6650386250039446,1000,mac,phase-22,with
15,4323.842673920811,2.334796327926753,0.0,673.455323673844,0.6674600420010393,1000,mac,phase-22,with
16,4345.2010924016,2.3463294850742247,0.0,676.7819804733381,0.6707570840007975,1000,mac,phase-22,with
17,4312.708782941311,2.328784229491428,0.0,671.7211768237346,0.6657413329958217,1000,mac,phase-22,with
18,4362.202202827167,2.3555097751971066,0.0,679.4299695857825,0.6733814999970491,1000,mac,phase-22,with
19,4298.580689789388,2.321155316392746,0.0,669.5206713326561,0.6635604170005536,1000,mac,phase-22,with
20,4321.771043837531,2.333677685396016,0.0,673.1326592261566,0.6671402499996475,1000,mac,phase-22,with
21,4337.920834248338,2.342398278209294,0.0,675.648051933198,0.669633249999606,1000,mac,phase-22,with
22,4309.553970309887,2.3270806881041395,0.0,671.2298024787241,0.6652543329983018,1000,mac,phase-22,with
23,4353.594222040798,2.3508616222816228,0.0,678.0892430784035,0.6720527090001269,1000,mac,phase-22,with
24,4314.440315154614,2.329719225363893,0.0,671.9908697046053,0.6660086249976302,1000,mac,phase-22,with
25,4333.70659406514,2.340122665231034,0.0,674.9916676239972,0.6689827090012841,1000,mac,phase-22,with
26,4298.66031800894,2.3211983141816632,0.0,669.5330737377424,0.663572708996071,1000,mac,phase-22,with
27,4316.782941665989,2.330984201032285,0.0,672.3557429006124,0.6663702499936335,1000,mac,phase-22,with
28,4306.816182421227,2.325602332485967,0.0,670.8033813603453,0.6648317079961998,1000,mac,phase-22,with
29,4298.143686713266,2.320919342687324,0.0,669.4526064028538,0.6634929580031894,1000,mac,phase-22,with
0,382.11192345358336,0.0,0.0,83.48578836048895,0.1285898329952033,1000,mac,phase-25,without
1,383.063317719908,0.0,0.0,83.69365389802014,0.1289099999994505,1000,mac,phase-25,without
2,378.283444669349,0.0,0.0,82.64932252442081,0.1273014580001472,1000,mac,phase-25,without
3,378.5424663084672,0.0,0.0,82.70591491114551,0.1273886249982752,1000,mac,phase-25,without
4,379.91545010812285,0.0,0.0,83.0058915093224,0.1278506669987109,1000,mac,phase-25,without
5,377.47332413675264,0.0,0.0,82.47232320254791,0.1270288329978939,1000,mac,phase-25,without
6,378.7013227559976,0.0,0.0,82.74062268900902,0.1274420840054517,1000,mac,phase-25,without
7,371.8073092458929,0.0,0.0,81.2343829787769,0.12512208300177,1000,mac,phase-25,without
8,377.4120387598971,0.0,0.0,82.45893325659827,0.1270082089977222,1000,mac,phase-25,without
9,378.25880452054855,0.0,0.0,82.64393901733384,0.127293165998708,1000,mac,phase-25,without
10,377.1228053048038,0.0,0.0,82.3957400361396,0.1269108749984298,1000,mac,phase-25,without
11,373.0895357637535,0.0,0.0,81.51453045685822,0.1255535829986911,1000,mac,phase-25,without
12,376.85883007567696,0.0,0.0,82.33806536346226,0.1268220409983769,1000,mac,phase-25,without
13,383.83679006238367,0.0,0.0,83.86264613386297,0.1291702920061652,1000,mac,phase-25,without
14,382.0622747139288,0.0,0.0,83.47494084719048,0.1285731250027311,1000,mac,phase-25,without
15,379.26022195757537,0.0,0.0,82.8627338757944,0.1276301670004613,1000,mac,phase-25,without
16,378.4614914107541,0.0,0.0,82.68822309689409,0.127361375001783,1000,mac,phase-25,without
17,376.1883756534947,0.0,0.0,82.19158101539543,0.126596416994289,1000,mac,phase-25,without
18,373.1687782638382,0.0,0.0,81.53184376792015,0.1255802500018035,1000,mac,phase-25,without
19,376.2270029142905,0.0,0.0,82.2000204990174,0.1266094159946078,1000,mac,phase-25,without
20,376.0207293733377,0.0,0.0,82.15495278946071,0.1265399999974761,1000,mac,phase-25,without
21,377.7483179042934,0.0,0.0,82.53240526245817,0.1271213750005699,1000,mac,phase-25,without
22,378.4316510205191,0.0,0.0,82.68170341417591,0.1273513329942943,1000,mac,phase-25,without
23,378.53912332545906,0.0,0.0,82.70518451893636,0.1273875000042608,1000,mac,phase-25,without
24,363.8453956857787,0.0,0.0,79.4948229451185,0.122442708001472,1000,mac,phase-25,without
25,374.7420925115319,0.0,0.0,81.87558959799095,0.1261097080059698,1000,mac,phase-25,without
26,384.3096389423701,0.0,0.0,83.96595660155066,0.1293294170027366,1000,mac,phase-25,without
27,378.8730519301984,0.0,0.0,82.7781429667409,0.1274998749941005,1000,mac,phase-25,without
28,376.8858236829585,0.0,0.0,82.34396306632436,0.1268311249950784,1000,mac,phase-25,without
29,376.7586678245342,0.0,0.0,82.31618139704467,0.1267883339969557,1000,mac,phase-25,without
0,4328.158016331651,2.7312244206333096,0.0,676.4110431002591,0.668451958001242,1000,mac,phase-25,with
1,4334.646401208803,2.7353188264198067,0.0,677.4250576455297,0.6694540410026093,1000,mac,phase-25,with
2,4325.587210014652,2.729602148764488,0.0,676.0092736232832,0.6680549160009832,1000,mac,phase-25,with
3,4360.255437263628,2.7514790554128092,0.0,681.4272763088211,0.6734091670005,1000,mac,phase-25,with
4,4310.237390243219,2.7199158567081763,0.0,673.6103807076786,0.6656842499942286,1000,mac,phase-25,with
5,4324.015972503866,2.7286106410044018,0.0,675.7637182624072,0.6678122500015888,1000,mac,phase-25,with
6,4355.028841610339,2.748180884312962,0.0,680.6104560808247,0.6726019580019056,1000,mac,phase-25,with
7,4349.720506818349,2.7448311328570134,0.0,679.7808615373199,0.6717821249985718,1000,mac,phase-25,with
8,4328.917470040265,2.731703663421461,0.0,676.5297316678418,0.6685692500032019,1000,mac,phase-25,with
9,4332.216702283995,2.733785598424623,0.0,677.0453406439907,0.6690787919942522,1000,mac,phase-25,with
10,4341.451525095314,2.7396131059895783,0.0,678.4885726394677,0.6705050419986947,1000,mac,phase-25,with
11,4332.847460956902,2.734183629985502,0.0,677.1439165578728,0.669176208000863,1000,mac,phase-25,with
12,4316.08098544846,2.7236033768653947,0.0,674.5236265534444,0.6665867500050808,1000,mac,phase-25,with
13,4342.591910005906,2.740332730158793,0.0,678.666793708107,0.6706811660042149,1000,mac,phase-25,with
14,4315.333944096332,2.7231319667236074,0.0,674.4068778075979,0.6664713749996736,1000,mac,phase-25,with
15,4370.477409976234,2.757929490307832,0.0,683.0247815752616,0.6749878749978961,1000,mac,phase-25,with
16,4349.2025150189165,2.744504261276318,0.0,679.6999089999935,0.6717021250005928,1000,mac,phase-25,with
17,4315.7405158809825,2.7233885282407213,0.0,674.4704174574704,0.6665341670013731,1000,mac,phase-25,with
18,4347.401949576058,2.743368039287674,0.0,679.4185139250498,0.6714240410001366,1000,mac,phase-25,with
19,4323.488805727205,2.728277979680871,0.0,675.681331845843,0.6677308329963125,1000,mac,phase-25,with
20,4336.425113847005,2.7364412584974755,0.0,677.7030375313017,0.6697287499991944,1000,mac,phase-25,with
21,4320.766383231861,2.7265600325138526,0.0,675.2558675645283,0.6673103749999427,1000,mac,phase-25,with
22,4309.050327862111,2.7191667773649857,0.0,673.4248648137577,0.665500916999008,1000,mac,phase-25,with
23,4325.1010552712505,2.7292953675188927,0.0,675.9332966289472,0.6679798330005724,1000,mac,phase-25,with
24,4330.763890676833,2.7328688216976436,0.0,676.8182930614116,0.6688544159987941,1000,mac,phase-25,with
25,4347.089270269873,2.7431707273240953,0.0,679.3696479328992,0.6713757499965141,1000,mac,phase-25,with
26,4289.83201579061,2.707039326598407,0.0,670.4213981043957,0.6625327910005581,1000,mac,phase-25,with
27,4326.16779467973,2.729968518709745,0.0,676.1000082677745,0.6681445830035955,1000,mac,phase-25,with
28,4305.426541304698,2.716880036838549,0.0,672.8585340014299,0.664941249997355,1000,mac,phase-25,with
29,4350.9766369649515,2.74562379646101,0.0,679.9771714454902,0.6719761249987641,1000,mac,phase-25,with
0,381.15527652293935,0.0,0.0,81.51934415933158,0.1286932079965481,1000,mac,phase-13,without
1,385.36513808692746,0.0,0.0,82.41972564382412,0.130114624997077,1000,mac,phase-13,without
2,378.5353754336696,0.0,0.0,80.95901446769543,0.127808625002217,1000,mac,phase-13,without
3,375.9680451234962,0.0,0.0,80.40992831825284,0.1269417919975239,1000,mac,phase-13,without
4,378.33409882951184,0.0,0.0,80.9159665610385,0.1277406660010456,1000,mac,phase-13,without
5,376.0794774873806,0.0,0.0,80.43376084473613,0.1269794160034507,1000,mac,phase-13,without
6,376.188694437082,0.0,0.0,80.45711955090954,0.127016291997279,1000,mac,phase-13,without
7,378.75676516528466,0.0,0.0,81.00636405679074,0.1278833749965997,1000,mac,phase-13,without
8,378.5499353289353,0.0,0.0,80.96212845610434,0.127813541002979,1000,mac,phase-13,without
9,376.9519574623808,0.0,0.0,80.62036194863003,0.1272740000058547,1000,mac,phase-13,without
10,375.52600605674576,0.0,0.0,80.31538749189194,0.1267925419961102,1000,mac,phase-13,without
11,378.15886475244446,0.0,0.0,80.87848848342348,0.1276814999946509,1000,mac,phase-13,without
12,375.0297909482362,0.0,0.0,80.20925979879881,0.1266250000044237,1000,mac,phase-13,without
13,371.8400015295662,0.0,0.0,79.5270456004583,0.1255480000036186,1000,mac,phase-13,without
14,380.5503420202996,0.0,0.0,81.38996417444876,0.1284889580056187,1000,mac,phase-13,without
15,378.3637191494406,0.0,0.0,80.92230158826523,0.1277506670012371,1000,mac,phase-13,without
16,376.9870036571698,0.0,0.0,80.62785743141737,0.1272858329975861,1000,mac,phase-13,without
17,374.23394884006944,0.0,0.0,80.03904957029572,0.1263562919994001,1000,mac,phase-13,without
18,377.2002516134433,0.0,0.0,80.67346570345106,0.1273578340042149,1000,mac,phase-13,without
19,364.2633868236725,0.0,0.0,77.90660191302786,0.122989832998428,1000,mac,phase-13,without
20,380.7449517375222,0.0,0.0,81.43158620487097,0.1285546660001273,1000,mac,phase-13,without
21,374.3580929740989,0.0,0.0,80.06560081859438,0.126398208005412,1000,mac,phase-13,without
22,378.7710821980925,0.0,0.0,81.00942610314478,0.1278882089973194,1000,mac,phase-13,without
23,384.0539539971067,0.0,0.0,82.13929697430812,0.1296719170059077,1000,mac,phase-13,without
24,381.7317073342197,0.0,0.0,81.64262793521807,0.1288878340055816,1000,mac,phase-13,without
25,358.74814021678975,0.0,0.0,76.72703202651994,0.1211276659960276,1000,mac,phase-13,without
26,377.330689419243,0.0,0.0,80.70136300682668,0.1274018750045797,1000,mac,phase-13,without
27,376.49597453488855,0.0,0.0,80.52283888785513,0.1271200420014793,1000,mac,phase-13,without
28,368.4089550234593,0.0,0.0,78.7932326948375,0.124389541997516,1000,mac,phase-13,without
29,368.3183732958839,0.0,0.0,78.77385958503265,0.124358957997174,1000,mac,phase-13,without
0,4353.084240621755,2.637625824582901,0.0,679.0717929897675,0.670468541997252,1000,mac,phase-13,with
1,4332.421267595777,2.625105692131204,0.0,675.8484135728678,0.6672860000035143,1000,mac,phase-13,with
2,4335.358896530846,2.626885663644247,0.0,676.3066773779789,0.6677384580034413,1000,mac,phase-13,with
3,4338.114732643894,2.6285554830408624,0.0,676.736581893267,0.6681629160011653,1000,mac,phase-13,with
4,4354.914069655388,2.638734556701761,0.0,679.3572423893306,0.6707503750003525,1000,mac,phase-13,with
5,4357.297665541364,2.640178827870592,0.0,679.7290782286072,0.6711175000018557,1000,mac,phase-13,with
6,4326.084755904008,2.621266265657437,0.0,674.8599313570456,0.6663100410005427,1000,mac,phase-13,with
7,4341.046148164207,2.630331689714468,0.0,677.1938764190198,0.6686144170016632,1000,mac,phase-13,with
8,4336.428558917761,2.6275337947116357,0.0,676.4735424131641,0.6679032090032706,1000,mac,phase-13,with
9,4354.3649060463395,2.6384018068542785,0.0,679.2715740456856,0.6706657920003636,1000,mac,phase-13,with
10,4335.853152182965,2.627185143599127,0.0,676.3837801982614,0.6678145839978242,1000,mac,phase-13,with
11,4372.535525682093,2.6494117696647135,0.0,682.1061516862102,0.6734644579992164,1000,mac,phase-13,with
12,4419.158622070723,2.6776616900106394,0.0,689.3792545965366,0.6806454170000507,1000,mac,phase-13,with
13,4335.447897087197,2.626939590964017,0.0,676.3205612736347,0.6677521660021739,1000,mac,phase-13,with
14,4310.8582578057985,2.6120402083652254,0.0,672.4846303536749,0.6639648330019554,1000,mac,phase-13,with
15,4337.461148529906,2.628159462600572,0.0,676.6346241751016,0.6680622499989113,1000,mac,phase-13,with
16,4335.320479781366,2.6268623861230855,0.0,676.3006844475625,0.6677325409982586,1000,mac,phase-13,with
17,4317.930056456083,2.616325160761087,0.0,673.5878157559462,0.6650540420014295,1000,mac,phase-13,with
18,4320.109128915894,2.617645506859607,0.0,673.927746379969,0.6653896659991005,1000,mac,phase-13,with
19,4342.576233281463,2.631258800653747,0.0,677.432566411349,0.6688500829986879,1000,mac,phase-13,with
20,4356.617299436268,2.6397665796553547,0.0,679.622942577345,0.6710127089972957,1000,mac,phase-13,with
21,4335.633215327314,2.627051879205843,0.0,676.3494705211094,0.6677807089945418,1000,mac,phase-13,with
22,4331.872370136237,2.6247731035493382,0.0,675.7627867479746,0.6672014579962706,1000,mac,phase-13,with
23,4324.020654363201,2.6200155828707845,0.0,674.5379359494796,0.6659921249956824,1000,mac,phase-13,with
24,4385.950055958006,2.6575399173238416,0.0,684.1987896006281,0.6755305840051733,1000,mac,phase-13,with
25,4361.60279842958,2.642787398956411,0.0,680.4006697136005,0.6717805830048746,1000,mac,phase-13,with
26,4343.981881268235,2.6321105125033792,0.0,677.65184447856,0.6690665830028593,1000,mac,phase-13,with
27,4388.285496167173,2.6589550099494295,0.0,684.5631132577398,0.675890291997348,1000,mac,phase-13,with
28,4358.332696369016,2.640805974943643,0.0,679.8905408149211,0.671276916997158,1000,mac,phase-13,with
29,4337.337789130145,2.6280847165307675,0.0,676.6153803736618,0.6680432499997551,1000,mac,phase-13,with
0,371.9505742570301,0.0,0.0,79.28333129496517,0.1256908330033184,1000,mac,phase-14,without
1,378.90296178336786,0.0,0.0,80.76527132057922,0.128040208001039,1000,mac,phase-14,without
2,380.42500161272574,0.0,0.0,81.08970256598367,0.1285545409991755,1000,mac,phase-14,without
3,379.724029315134,0.0,0.0,80.94028642646145,0.1283176659999299,1000,mac,phase-14,without
4,379.9385778952912,0.0,0.0,80.98601864825851,0.12839016700309,1000,mac,phase-14,without
5,376.13581758750024,0.0,0.0,80.17543916220671,0.1271051250005257,1000,mac,phase-14,without
6,374.5648258513344,0.0,0.0,79.8405735459111,0.126574250003614,1000,mac,phase-14,without
7,376.2810664428482,0.0,0.0,80.20639976266224,0.1271542079994105,1000,mac,phase-14,without
8,380.54867753629713,0.0,0.0,81.11606477618137,0.1285963339978479,1000,mac,phase-14,without
9,379.31836647407073,0.0,0.0,80.85381713820637,0.1281805830003577,1000,mac,phase-14,without
10,381.0452130124147,0.0,0.0,81.22190407144627,0.1287641249946318,1000,mac,phase-14,without
11,375.8075894342783,0.0,0.0,80.10547550785772,0.1269942090002587,1000,mac,phase-14,without
12,376.2243494820515,0.0,0.0,80.19431022737417,0.1271350420065573,1000,mac,phase-14,without
13,329.24711978815566,0.0,0.0,70.18085273351087,0.1112603329966077,1000,mac,phase-14,without
14,372.8399531157799,0.0,0.0,79.47290733970135,0.1259913750036503,1000,mac,phase-14,without
15,374.9296776697505,0.0,0.0,79.91834373796102,0.1266975420003291,1000,mac,phase-14,without
16,374.12192675589216,0.0,0.0,79.74616714316706,0.1264245839993236,1000,mac,phase-14,without
17,375.5840417938985,0.0,0.0,80.05782508637942,0.1269186670033377,1000,mac,phase-14,without
18,375.37479914772064,0.0,0.0,80.01322385388747,0.1268479589998605,1000,mac,phase-14,without
19,375.09391603623067,0.0,0.0,79.95335205821166,0.1267530420009279,1000,mac,phase-14,without
20,378.31259142851826,0.0,0.0,80.63943059960772,0.1278407079953467,1000,mac,phase-14,without
21,378.55623535736214,0.0,0.0,80.69136465661818,0.1279230410000309,1000,mac,phase-14,without
22,376.64345322012633,0.0,0.0,80.28364451749893,0.1272766670008422,1000,mac,phase-14,without
23,376.4232347180749,0.0,0.0,80.23670372035055,0.1272022499979357,1000,mac,phase-14,without
24,376.19710070725216,0.0,0.0,80.1885019996436,0.1271258340057102,1000,mac,phase-14,without
25,375.24101441526466,0.0,0.0,79.98470689491597,0.1268027499972959,1000,mac,phase-14,without
26,369.4433498371993,0.0,0.0,78.74890248085369,0.1248435829984373,1000,mac,phase-14,without
27,376.9355548460999,0.0,0.0,80.34590760186201,0.1273753749992465,1000,mac,phase-14,without
28,378.0333122323057,0.0,0.0,80.57990068738393,0.1277463329970487,1000,mac,phase-14,without
29,376.1556682460244,0.0,0.0,80.17967044035258,0.1271118330041645,1000,mac,phase-14,without
0,4320.924762932058,2.122261671381168,0.0,672.4585067802923,0.6650683330008178,1000,mac,phase-14,with
1,4363.123080914601,2.1429877607635563,0.0,679.02576250819,0.6715634160063928,1000,mac,phase-14,with
2,4327.156975276962,2.1253226794091167,0.0,673.4284158708981,0.6660275829999591,1000,mac,phase-14,with
3,4347.934264917428,2.135527635028206,0.0,676.6619517302655,0.6692255829984788,1000,mac,phase-14,with
4,4332.3764799353785,2.127886286805196,0.0,674.240718908165,0.6668309590022545,1000,mac,phase-14,with
5,4390.517534470866,2.156442796891388,0.0,683.2891168462572,0.6757799170009093,1000,mac,phase-14,with
6,4337.391050866111,2.1303492391287384,0.0,675.0211284420576,0.6676027920038905,1000,mac,phase-14,with
7,4379.535229594067,2.1510487375216436,0.0,681.5799585656471,0.6740895420007291,1000,mac,phase-14,with
8,4320.354654382489,2.121981657358786,0.0,672.3697817121691,0.6649805830020341,1000,mac,phase-14,with
9,4334.729459259929,2.1290419740962325,0.0,674.6069092608984,0.6671931250020862,1000,mac,phase-14,with
10,4321.864392740979,2.122723179145864,0.0,672.6047398421715,0.6652129589929245,1000,mac,phase-14,with
11,4304.5036873830795,2.1141963101095675,0.0,669.9029214486237,0.6625408330000937,1000,mac,phase-14,with
12,4397.448443280274,2.1598469760708614,0.0,684.3677629334532,0.6768467090005288,1000,mac,phase-14,with
13,4350.5823233644705,2.1368282531259677,0.0,677.0740647678359,0.6696331670027575,1000,mac,phase-14,with
14,4373.997373752413,2.148328769033602,0.0,680.7181110505064,0.6732371660036733,1000,mac,phase-14,with
15,4336.534530164131,2.1299285511611643,0.0,674.8878295155821,0.6674709580038325,1000,mac,phase-14,with
16,4371.149813040921,2.1469301635760907,0.0,680.2749497993678,0.672798874998989,1000,mac,phase-14,with
17,4331.039996031363,2.12722986052621,0.0,674.0327240876721,0.6666252499999246,1000,mac,phase-14,with
18,4336.601936154941,2.1299616582293424,0.0,674.898319800513,0.6674813330027973,1000,mac,phase-14,with
19,4337.85774723738,2.13057846131502,0.0,675.0937596407389,0.6676746250013821,1000,mac,phase-14,with
20,4342.8300943901495,2.133020675044278,0.0,675.867597956608,0.6684399590012617,1000,mac,phase-14,with
21,4362.689415028865,2.1427747618019968,0.0,678.9582717903546,0.6714966669969726,1000,mac,phase-14,with
22,4363.723783617067,2.143282801383628,0.0,679.1192488946655,0.6716558749976684,1000,mac,phase-14,with
23,4339.90347863414,2.13158324097944,0.0,675.4121334972198,0.6679894999979297,1000,mac,phase-14,with
24,4331.40653525436,2.127409889614126,0.0,674.0897679919509,0.6666816670040134,1000,mac,phase-14,with
25,4305.61412893217,2.114741713620909,0.0,670.0757376643502,0.6627117500029271,1000,mac,phase-14,with
26,4324.218996366075,2.123879664226952,0.0,672.971182982162,0.6655753750019358,1000,mac,phase-14,with
27,4345.929958171694,2.1345432014595747,0.0,676.3500247249799,0.668917084003624,1000,mac,phase-14,with
28,4327.372193657241,2.1254283858827314,0.0,673.4619099580611,0.6660607089943369,1000,mac,phase-14,with
29,4344.687680248395,2.133933045308642,0.0,676.156691028343,0.6687258750025649,1000,mac,phase-14,with
0,403.1280711860908,0.0,0.0,84.25633205896268,0.1253158330000587,1000,mac,phase-15,without
1,387.8453998928396,0.0,0.0,81.06215651211087,0.1205650830015656,1000,mac,phase-15,without
2,419.1526392551472,0.0,0.0,87.60556875278897,0.1302972080011386,1000,mac,phase-15,without
3,406.2162918923644,0.0,0.0,84.90178983751325,0.1262758330049109,1000,mac,phase-15,without
4,420.8669780974,0.0,0.0,87.96387647948596,0.1308301249955548,1000,mac,phase-15,without
5,414.97228218567807,0.0,0.0,86.73184752485783,0.1289977080014068,1000,mac,phase-15,without
6,409.33346783722465,0.0,0.0,85.55329944517618,0.1272448339950642,1000,mac,phase-15,without
7,387.6850922721412,0.0,0.0,81.02865119931684,0.1205152499969699,1000,mac,phase-15,without
8,415.76618651492635,0.0,0.0,86.8977785814359,0.1292444999999134,1000,mac,phase-15,without
9,417.91762120430434,0.0,0.0,87.34744212150659,0.1299132920030388,1000,mac,phase-15,without
10,443.8168553412664,0.0,0.0,92.7605468579152,0.137964292000106,1000,mac,phase-15,without
11,409.103591653989,0.0,0.0,85.50525386013376,0.1271733750036219,1000,mac,phase-15,without
12,410.61660425324544,0.0,0.0,85.8214831209671,0.1276437080014147,1000,mac,phase-15,without
13,402.2978448831,0.0,0.0,84.08280947874876,0.1250577500031795,1000,mac,phase-15,without
14,408.9604397440374,0.0,0.0,85.4753342000509,0.127128874999471,1000,mac,phase-15,without
15,406.7088823894727,0.0,0.0,85.00474438585651,0.1264289590035332,1000,mac,phase-15,without
16,409.91545590084,0.0,0.0,85.6749386537732,0.1274257499972009,1000,mac,phase-15,without
17,408.4102153116807,0.0,0.0,85.36033379250497,0.1269578329956857,1000,mac,phase-15,without
18,407.3196873856032,0.0,0.0,85.13240651671686,0.1266188329973374,1000,mac,phase-15,without
19,410.2911637004949,0.0,0.0,85.75346397460171,0.1275425420026295,1000,mac,phase-15,without
20,408.7449076956601,0.0,0.0,85.43028663046836,0.1270618750058929,1000,mac,phase-15,without
21,406.67349330879034,0.0,0.0,84.9973478428064,0.1264179580030031,1000,mac,phase-15,without
22,408.2432069034229,0.0,0.0,85.32542797247262,0.1269059169935644,1000,mac,phase-15,without
23,410.4475852927387,0.0,0.0,85.7861570827212,0.1275911670018104,1000,mac,phase-15,without
24,403.50310985493286,0.0,0.0,84.3347175271935,0.125432417000411,1000,mac,phase-15,without
25,408.1030049222433,0.0,0.0,85.29612486627406,0.1268623340001795,1000,mac,phase-15,without
26,395.15070496407816,0.0,0.0,82.58901175705402,0.1228360000022803,1000,mac,phase-15,without
27,404.9224303542579,0.0,0.0,84.63136454296041,0.1258736250019865,1000,mac,phase-15,without
28,405.9890985754069,0.0,0.0,84.85430498859458,0.1262052080055582,1000,mac,phase-15,without
29,405.89768722662245,0.0,0.0,84.83519943503073,0.1261767920004786,1000,mac,phase-15,without
0,4306.9700341748585,3.2740683024669837,0.0,675.961469018515,0.6680991670000367,1000,mac,phase-15,with
1,4306.272460180176,3.273538021344409,0.0,675.851987610831,0.6679909590020543,1000,mac,phase-15,with
2,4303.185336778297,3.2711912548715305,0.0,675.3674761205681,0.6675120830041124,1000,mac,phase-15,with
3,4282.719525688505,3.2556335744507976,0.0,672.1554501210509,0.6643374170016614,1000,mac,phase-15,with
4,4316.036910381311,3.2809607516259955,0.0,677.3844784453956,0.6695056249955087,1000,mac,phase-15,with
5,4294.130818640494,3.264308200057156,0.0,673.9464062424126,0.666107541997917,1000,mac,phase-15,with
6,4276.059379047963,3.250570670638476,0.0,671.1101671329417,0.6633042920002481,1000,mac,phase-15,with
7,4292.520779546339,3.263084282100431,0.0,673.6937171401839,0.6658577919952222,1000,mac,phase-15,with
8,4286.785178957942,3.258724198809143,0.0,672.7935379031162,0.6649680830014404,1000,mac,phase-15,with
9,4294.796694704344,3.2648143850774196,0.0,674.050912788484,0.6662108329983312,1000,mac,phase-15,with
10,4305.607112738036,3.273032238171285,0.0,675.747564029792,0.6678877500016824,1000,mac,phase-15,with
11,4299.216376065424,3.268174134167034,0.0,674.7445638428734,0.6668964159980533,1000,mac,phase-15,with
12,4295.916256904463,3.2656654527846394,0.0,674.2266235325675,0.6663845000002766,1000,mac,phase-15,with
13,4295.478158682667,3.2653324197033857,0.0,674.1578657944755,0.6663165420031874,1000,mac,phase-15,with
14,4319.8312777558685,3.283845150135942,0.0,677.979989007148,0.6700942090028548,1000,mac,phase-15,with
15,4265.151726937065,3.242278902238125,0.0,669.3982553977958,0.6616122920022462,1000,mac,phase-15,with
16,4276.686846265034,3.2510476580588543,0.0,671.2086455663755,0.6634016250027344,1000,mac,phase-15,with
17,4299.618753671808,3.268480013185516,0.0,674.8077153753321,0.6669588329968974,1000,mac,phase-15,with
18,4303.942006740275,3.2717664595091955,0.0,675.4862324005056,0.6676294579956448,1000,mac,phase-15,with
19,4289.792248441328,3.261010109971921,0.0,673.2654852557334,0.6654345409988309,1000,mac,phase-15,with
20,4275.650013315842,3.2502594793933506,0.0,671.0459188425068,0.6632407910001348,1000,mac,phase-15,with
21,4326.895677929745,3.2892153590070743,0.0,679.0887179468381,0.671190041997761,1000,mac,phase-15,with
22,4278.935099028814,3.252756732663836,0.0,671.5614997141571,0.6637503750025644,1000,mac,phase-15,with
23,4290.464042488559,3.2615207937190505,0.0,673.3709206052811,0.6655387499995413,1000,mac,phase-15,with
24,4292.318246650916,3.2629303208404616,0.0,673.6619304241333,0.6658263749995967,1000,mac,phase-15,with
25,4290.3651902754345,3.2614456483395724,0.0,673.3554061515772,0.665523415998905,1000,mac,phase-15,with
26,4293.871607225367,3.2641111529750617,0.0,673.9057240626983,0.666067333004321,1000,mac,phase-15,with
27,4303.54044143831,3.271461197987499,0.0,675.4232083559292,0.6675671670018346,1000,mac,phase-15,with
28,4328.639477548016,3.2905409589092636,0.0,679.3624002205217,0.6714605409943033,1000,mac,phase-15,with
29,4325.602321796796,3.2882321767965896,0.0,678.8857309502592,0.6709894160012482,1000,mac,phase-15,with
0,373.7002810104703,0.0,0.0,80.05956189892107,0.1265379169999505,1000,mac,phase-12,without
1,377.3721755823788,0.0,0.0,80.84620907502472,0.127781249997497,1000,mac,phase-12,without
2,375.5968928291588,0.0,0.0,80.46588193401963,0.127180124996812,1000,mac,phase-12,without
3,376.8571996022623,0.0,0.0,80.73588335826284,0.127606874993944,1000,mac,phase-12,without
4,358.4247515000995,0.0,0.0,76.78701364964624,0.1213655000028666,1000,mac,phase-12,without
5,376.5106839164296,0.0,0.0,80.66164767954228,0.127489541999239,1000,mac,phase-12,without
6,373.5288674694652,0.0,0.0,80.02283917299937,0.12647987499804,1000,mac,phase-12,without
7,374.2099647272519,0.0,0.0,80.1687538293157,0.1267105000006267,1000,mac,phase-12,without
8,375.82244863222303,0.0,0.0,80.51420381038605,0.1272565000035683,1000,mac,phase-12,without
9,375.6955792262256,0.0,0.0,80.48702398318585,0.1272135410035844,1000,mac,phase-12,without
10,378.9298999868846,0.0,0.0,81.17992767177498,0.1283087079937104,1000,mac,phase-12,without
11,367.9267647010967,0.0,0.0,78.82267445239606,0.1245829580002464,1000,mac,phase-12,without
12,374.54122384829685,0.0,0.0,80.23972102268834,0.1268226669999421,1000,mac,phase-12,without
13,375.0623514767027,0.0,0.0,80.35136463588229,0.1269991250010207,1000,mac,phase-12,without
14,374.88404796498406,0.0,0.0,80.31316583925673,0.126938749999681,1000,mac,phase-12,without
15,375.918677893981,0.0,0.0,80.53481945594396,0.1272890840045875,1000,mac,phase-12,without
16,375.49242102266754,0.0,0.0,80.44350044948914,0.1271447500039357,1000,mac,phase-12,without
17,373.65007545091566,0.0,0.0,80.04880612669643,0.1265209169941954,1000,mac,phase-12,without
18,378.19699950514024,0.0,0.0,81.02291496810425,0.128060542003368,1000,mac,phase-12,without
19,372.4382495153243,0.0,0.0,79.7891909793948,0.1261105829980806,1000,mac,phase-12,without
20,363.61881019547434,0.0,0.0,77.8997611769015,0.1231242499998188,1000,mac,phase-12,without
21,384.24356897781905,0.0,0.0,82.31829987299409,0.1301079589975415,1000,mac,phase-12,without
22,368.9578241234784,0.0,0.0,79.04356314272411,0.1249320830029319,1000,mac,phase-12,without
23,378.87735844050263,0.0,0.0,81.16867145014876,0.1282909170040511,1000,mac,phase-12,without
24,329.8612412749815,0.0,0.0,70.66771904078234,0.1116936659964267,1000,mac,phase-12,without
25,382.7609018593844,0.0,0.0,82.0006611502646,0.1296059160013101,1000,mac,phase-12,without
26,377.9771021827879,0.0,0.0,80.97580533456942,0.1279860830036341,1000,mac,phase-12,without
27,376.3770485675717,0.0,0.0,80.63301835270623,0.1274442919966532,1000,mac,phase-12,without
28,376.4166725657793,0.0,0.0,80.64150718747139,0.1274577090007369,1000,mac,phase-12,without
29,374.1499159502624,0.0,0.0,80.15588929850684,0.1266901670023799,1000,mac,phase-12,without
0,4360.146666135477,1.7462616426803412,0.0,679.4301068213205,0.674253207995207,1000,mac,phase-12,with
1,4376.520182243895,1.7528193218882475,0.0,681.9815484700583,0.6767852090051747,1000,mac,phase-12,with
2,4337.145668188113,1.73704962218323,0.0,675.845922230983,0.6706963329997961,1000,mac,phase-12,with
3,4341.215338897163,1.7386795466792917,0.0,676.4800882387582,0.6713256669972907,1000,mac,phase-12,with
4,4308.598732289321,1.725616424404978,0.0,671.3975288184906,0.6662818339973455,1000,mac,phase-12,with
5,4348.292258162062,1.7415138900183866,0.0,677.5828658240769,0.6724200419994304,1000,mac,phase-12,with
6,4311.747709970245,1.726877606507076,0.0,671.8882256702146,0.6667687919980381,1000,mac,phase-12,with
7,4306.280975347587,1.7246881505751448,0.0,671.0363588930063,0.6659234159960761,1000,mac,phase-12,with
8,4323.279866387675,1.7314962957281423,0.0,673.6852510609957,0.6685521250037709,1000,mac,phase-12,with
9,4294.274601565868,1.719879534808721,0.0,669.165437466347,0.6640667500032578,1000,mac,phase-12,with
10,4344.090293075072,1.7398309809290466,0.0,676.9280847337783,0.6717702499954612,1000,mac,phase-12,with
11,4335.575899967733,1.73642092176532,0.0,675.6013094068453,0.6704535839962773,1000,mac,phase-12,with
12,4343.066140409669,1.7394208024069042,0.0,676.7684937364709,0.6716118749973248,1000,mac,phase-12,with
13,4311.251661161372,1.726678936353487,0.0,671.8109276981489,0.6666920829957235,1000,mac,phase-12,with
14,4342.320861210378,1.7391223141727998,0.0,676.6523588527709,0.6714966250001453,1000,mac,phase-12,with
15,4308.135288271203,1.7254308126413518,0.0,671.3253115646121,0.6662101670008269,1000,mac,phase-12,with
16,4318.364153378066,1.7295275268466326,0.0,672.9192485223283,0.6677919590001693,1000,mac,phase-12,with
17,4313.870918315717,1.7277279626021849,0.0,672.2190796032193,0.6670971249986906,1000,mac,phase-12,with
18,4316.866585143321,1.72892774290222,0.0,672.6858864307253,0.6675603750045411,1000,mac,phase-12,with
19,4300.695700981408,1.7224512188532706,0.0,670.1660203815263,0.6650597090047086,1000,mac,phase-12,with
20,4352.139903565255,1.7430548922132016,0.0,678.1824342164904,0.6730150419971324,1000,mac,phase-12,with
21,4306.033090002182,1.724588871192223,0.0,670.9977315761741,0.6658850829990115,1000,mac,phase-12,with
22,4321.644617054854,1.730841369780742,0.0,673.4304344885379,0.6682992499991087,1000,mac,phase-12,with
23,4323.045722596532,1.7314025199098837,0.0,673.6487650541686,0.6685159170010593,1000,mac,phase-12,with
24,4336.681422280947,1.7368636892588285,0.0,675.773580020858,0.6706245419991319,1000,mac,phase-12,with
25,4337.414039838985,1.737157106439102,0.0,675.8877418745368,0.6707378339997376,1000,mac,phase-12,with
26,4315.615557161916,1.7284266996242923,0.0,672.4909420538208,0.6673669160009013,1000,mac,phase-12,with
27,4331.95646847958,1.734971320442236,0.0,675.0373029843714,0.6698938750050729,1000,mac,phase-12,with
28,4351.439890797971,1.742774533422891,0.0,678.0733530809987,0.6729067920023226,1000,mac,phase-12,with
29,4318.289787120437,1.7294977427698228,0.0,672.9076602253664,0.6677804589999141,1000,mac,phase-12,with
0,376.57177593891714,0.0,0.0,79.74107126114866,0.1257639160030521,1000,mac,phase-24,without
1,380.690278713343,0.0,0.0,80.61318607221193,0.1271393749993876,1000,mac,phase-24,without
2,383.849116295926,0.0,0.0,81.28208668789696,0.1281943339999998,1000,mac,phase-24,without
3,321.82332515261595,0.0,0.0,68.14779636766306,0.1074795410022488,1000,mac,phase-24,without
4,377.175622428229,0.0,0.0,79.86893895865455,0.1259655829999246,1000,mac,phase-24,without
5,380.9577662999694,0.0,0.0,80.66982798769662,0.1272287079991656,1000,mac,phase-24,without
6,381.55025850883186,0.0,0.0,80.79529135608311,0.1274265829997602,1000,mac,phase-24,without
7,386.5080296823765,0.0,0.0,81.84512570296262,0.1290823329982231,1000,mac,phase-24,without
8,378.1668532813673,0.0,0.0,80.07883735026734,0.1262966249996679,1000,mac,phase-24,without
9,364.021648680628,0.0,0.0,77.0835152360204,0.1215725420042872,1000,mac,phase-24,without
10,381.3288079055205,0.0,0.0,80.7483980160407,0.1273526250006398,1000,mac,phase-24,without
11,372.39002208305175,0.0,0.0,78.85556269804478,0.1243673330027377,1000,mac,phase-24,without
12,382.33663003234,0.0,0.0,80.96180969787187,0.1276892079986282,1000,mac,phase-24,without
13,380.7838498071915,0.0,0.0,80.63300024772721,0.1271706249972339,1000,mac,phase-24,without
14,374.52294312491887,0.0,0.0,79.30722004376555,0.1250796660024207,1000,mac,phase-24,without
15,359.0034919453096,0.0,0.0,76.02089392609103,0.1198966250012745,1000,mac,phase-24,without
16,379.99722678356534,0.0,0.0,80.46642864945426,0.1269079160047113,1000,mac,phase-24,without
17,379.1418641633633,0.0,0.0,80.28530107694411,0.1266222500053118,1000,mac,phase-24,without
18,382.58927200969583,0.0,0.0,81.01530797683783,0.1277735830008168,1000,mac,phase-24,without
19,377.303501937692,0.0,0.0,79.89601812318169,0.1260082910011988,1000,mac,phase-24,without
20,379.6446508726636,0.0,0.0,80.39176882991234,0.1267901660030475,1000,mac,phase-24,without
21,362.21660074358863,0.0,0.0,76.70128675960746,0.1209697089943802,1000,mac,phase-24,without
22,380.5168592731632,0.0,0.0,80.57646358576704,0.1270814579984289,1000,mac,phase-24,without
23,379.91950137360783,0.0,0.0,80.44996988156394,0.1268819580000126,1000,mac,phase-24,without
24,380.7278329052986,0.0,0.0,80.62113837158283,0.1271519169968087,1000,mac,phase-24,without
25,381.2378568006439,0.0,0.0,80.7291386370892,0.1273222500021802,1000,mac,phase-24,without
26,381.37821343052354,0.0,0.0,80.75885989805546,0.1273691249953117,1000,mac,phase-24,without
27,358.5115594791486,0.0,0.0,75.91672461668911,0.1197323340020375,1000,mac,phase-24,without
28,379.36082052776175,0.0,0.0,80.33166624866482,0.1266953750018729,1000,mac,phase-24,without
29,378.77381981874754,0.0,0.0,80.2073657345035,0.1264993340009823,1000,mac,phase-24,without
0,4335.519852132827,1.998426580480376,0.0,678.132752976341,0.6699371249997057,1000,mac,phase-24,with
1,4331.921408259013,1.9967679037516195,0.0,677.5699086730496,0.6693810829965514,1000,mac,phase-24,with
2,4350.730917348134,2.0054380111923673,0.0,680.5119651312767,0.6722875829946133,1000,mac,phase-24,with
3,4328.056822657964,1.9949865509148013,0.0,676.9654362770892,0.6687839160003932,1000,mac,phase-24,with
4,4355.864195195424,2.007804158562208,0.0,681.3148778054425,0.6730807920030202,1000,mac,phase-24,with
5,4351.232732949868,2.0056693194716986,0.0,680.5904557407297,0.6723651249994873,1000,mac,phase-24,with
6,4442.778222222504,2.0478665519432595,0.0,694.9093832927462,0.6865109999998822,1000,mac,phase-24,with
7,4341.772161436582,2.001308537322498,0.0,679.1106969981009,0.670903250000265,1000,mac,phase-24,with
8,4327.920383360535,1.9949236602055196,0.0,676.944095363073,0.6687628330037114,1000,mac,phase-24,with
9,4344.395287088693,2.0025176481571627,0.0,679.5209886079973,0.6713085829978809,1000,mac,phase-24,with
10,4319.72068635306,1.9911440690583215,0.0,675.6615541004571,0.667495791996771,1000,mac,phase-24,with
11,4319.176805846711,1.9908933712648476,0.0,675.5764839825382,0.6674117500006105,1000,mac,phase-24,with
12,4344.049066553329,2.0023580603005326,0.0,679.4668351286475,0.6712550839947653,1000,mac,phase-24,with
13,4320.446844110383,1.9914787862348884,0.0,675.7751347957055,0.6676080000033835,1000,mac,phase-24,with
14,4331.440896987593,1.9965464155495631,0.0,677.4947503431518,0.6693068329987,1000,mac,phase-24,with
15,4331.623180642343,1.9966304378844304,0.0,677.5232619221168,0.6693349999986822,1000,mac,phase-24,with
16,4319.566443896243,1.99107297211123,0.0,675.6374285364107,0.667471958004171,1000,mac,phase-24,with
17,4338.182887724405,1.999654087513554,0.0,678.5492870295993,0.670348624997132,1000,mac,phase-24,with
18,4322.328979303685,1.9923463428663044,0.0,676.0695256792993,0.6678988330022548,1000,mac,phase-24,with
19,4331.732931351392,1.9966810266815465,0.0,677.5404283872713,0.6693519589971402,1000,mac,phase-24,with
20,4317.770056454693,1.9902449402870257,0.0,675.3564497373974,0.6671943749970524,1000,mac,phase-24,with
21,4342.2680426204615,2.0015371101747563,0.0,679.1882593859673,0.6709798750016489,1000,mac,phase-24,with
22,4325.429652267266,1.993775575687081,0.0,676.5545120164828,0.6683779579980182,1000,mac,phase-24,with
23,4327.734863914915,1.994838146356208,0.0,676.9150776635399,0.668734165999922,1000,mac,phase-24,with
24,4362.47593988768,2.0108517945521234,0.0,682.3490422846872,0.6741024580041994,1000,mac,phase-24,with
25,4339.640872229763,2.000326134947036,0.0,678.7773351253609,0.6705739169992739,1000,mac,phase-24,with
26,4327.754822133625,1.9948473459530565,0.0,676.9181993934038,0.6687372500018682,1000,mac,phase-24,with
27,4321.052204219479,1.9917578226074668,0.0,675.8698211381337,0.6677015420063981,1000,mac,phase-24,with
28,4374.789111129667,2.0165274619551656,0.0,684.2749854234528,0.6760051250021206,1000,mac,phase-24,with
29,4340.623729721767,2.000779176013352,0.0,678.9310670605307,0.6707257909947657,1000,mac,phase-24,with
0,375.7903775249154,0.0,0.0,80.41439874522317,0.1264599169953726,1000,mac,phase-23,without
1,383.4508304762699,0.0,0.0,82.0536390106512,0.1290377909972448,1000,mac,phase-23,without
2,376.1037582773654,0.0,0.0,80.48145827174051,0.126565375001519,1000,mac,phase-23,without
3,378.9841223881726,0.0,0.0,81.09781984454986,0.127534667000873,1000,mac,phase-23,without
4,377.41585176705246,0.0,0.0,80.76222972141316,0.1270069169986527,1000,mac,phase-23,without
5,378.5934796234818,0.0,0.0,81.01422722237132,0.1274032090004766,1000,mac,phase-23,without
6,371.1963832179937,0.0,0.0,79.43134193450003,0.1249139589999686,1000,mac,phase-23,without
7,381.4723549525934,0.0,0.0,81.63027021468451,0.1283719999992172,1000,mac,phase-23,without
8,379.93739319762295,0.0,0.0,81.30180776858403,0.1278554590026033,1000,mac,phase-23,without
9,376.8108781888688,0.0,0.0,80.63277300975706,0.1268033329979516,1000,mac,phase-23,without
10,377.2519165934144,0.0,0.0,80.72714966292916,0.126951749996806,1000,mac,phase-23,without
11,367.1828436771961,0.0,0.0,78.57249511905164,0.1235633340038475,1000,mac,phase-23,without
12,377.61655773184407,0.0,0.0,80.80517826519866,0.1270744580033351,1000,mac,phase-23,without
13,377.07560168009087,0.0,0.0,80.68942049637064,0.1268924169999081,1000,mac,phase-23,without
14,378.470650841746,0.0,0.0,80.98794341303869,0.1273618750055902,1000,mac,phase-23,without
15,378.9410339449637,0.0,0.0,81.08859946143005,0.1275201669996022,1000,mac,phase-23,without
16,378.1692783957104,0.0,0.0,80.92345351256293,0.1272604580008192,1000,mac,phase-23,without
17,360.8712520229351,0.0,0.0,77.22189415011354,0.1214393749978626,1000,mac,phase-23,without
18,376.8633777379917,0.0,0.0,80.64400725078504,0.1268209999980172,1000,mac,phase-23,without
19,378.58864776937514,0.0,0.0,81.01319326656494,0.1274015829985728,1000,mac,phase-23,without
20,377.4466793231688,0.0,0.0,80.76882642941354,0.1270172910008113,1000,mac,phase-23,without
21,377.031895147184,0.0,0.0,80.68006784985506,0.126877709000837,1000,mac,phase-23,without
22,374.3029586664954,0.0,0.0,80.09610987904745,0.1259593750000931,1000,mac,phase-23,without
23,347.9967234803297,0.0,0.0,74.46690750383311,0.1171068749972619,1000,mac,phase-23,without
24,376.47582842715946,0.0,0.0,80.56107658869635,0.1266905829979805,1000,mac,phase-23,without
25,378.12197917183966,0.0,0.0,80.91333207551675,0.1272445409995271,1000,mac,phase-23,without
26,378.17670742869615,0.0,0.0,80.92504323187597,0.1272629579980275,1000,mac,phase-23,without
27,379.35755353744975,0.0,0.0,81.17772939822082,0.1276603329970385,1000,mac,phase-23,without
28,376.6962243120295,0.0,0.0,80.60823852691433,0.1267647499989834,1000,mac,phase-23,without
29,356.6068604960436,0.0,0.0,76.30936817510647,0.1200043339995318,1000,mac,phase-23,without
0,4332.58371365921,2.4060626871073127,0.0,676.5046255250061,0.6693673330009915,1000,mac,phase-23,with
1,4331.503324019295,2.405462702116385,0.0,676.3359297450568,0.6692004170035943,1000,mac,phase-23,with
2,4350.059072645651,2.415767475746139,0.0,679.2332885972894,0.6720672079973156,1000,mac,phase-23,with
3,4322.327526661576,2.40036700285101,0.0,674.9031889682756,0.6677827919993433,1000,mac,phase-23,with
4,4326.0145062339625,2.402414534892752,0.0,675.4788867273454,0.6683524160034722,1000,mac,phase-23,with
5,4362.596876971952,2.422730236343853,0.0,681.1909847853467,0.6740042500023264,1000,mac,phase-23,with
6,4325.22430505349,2.401975703539154,0.0,675.3555019784254,0.6682303329944261,1000,mac,phase-23,with
7,4311.28678919562,2.394235625314961,0.0,673.1792499843899,0.6660770410016994,1000,mac,phase-23,with
8,4307.970640987334,2.392394031246341,0.0,672.6614551187628,0.6655647090010461,1000,mac,phase-23,with
9,4337.06737992598,2.4085526521764025,0.0,677.2047207035985,0.6700600420008413,1000,mac,phase-23,with
10,4329.655918280066,2.4044367614050497,0.0,676.0474694150532,0.6689150000020163,1000,mac,phase-23,with
11,4323.590231617601,2.4010682350672363,0.0,675.1003520930714,0.6679778750039986,1000,mac,phase-23,with
12,4320.7654549478775,2.3994995199093494,0.0,674.6592816811788,0.6675414579949575,1000,mac,phase-23,with
13,4324.107234857322,2.401355348320302,0.0,675.1810787693915,0.6680577499937499,1000,mac,phase-23,with
14,4306.829829097011,2.3917604912841095,0.0,672.4833247993821,0.6653884580009617,1000,mac,phase-23,with
15,4319.394604970456,2.3987382302959728,0.0,674.4452324182178,0.6673296670051059,1000,mac,phase-23,with
16,4329.7395190654615,2.404483188374186,0.0,676.0605231312086,0.6689279159982107,1000,mac,phase-23,with
17,4354.7628092046925,2.4183796549382017,0.0,679.9677463134577,0.6727939170013997,1000,mac,phase-23,with
18,4322.831856512374,2.400647078047751,0.0,674.9819367777593,0.6678607089997968,1000,mac,phase-23,with
19,4306.705502315277,2.39169144748708,0.0,672.4639119851174,0.6653692499967292,1000,mac,phase-23,with
20,4329.030226168632,2.404089288732291,0.0,675.9497716818959,0.6688183330043103,1000,mac,phase-23,with
21,4307.017270725094,2.391864585362181,0.0,672.5125925843332,0.6654174170034821,1000,mac,phase-23,with
22,4293.861327863387,2.384558546904464,0.0,670.4583781046385,0.6633848749988829,1000,mac,phase-23,with
23,4309.194775380104,2.393073843635692,0.0,672.8525957022355,0.6657538330036914,1000,mac,phase-23,with
24,4354.490420446147,2.41822838620997,0.0,679.9252145893698,0.6727518339976086,1000,mac,phase-23,with
25,4275.350887789215,2.374278934985141,0.0,667.5680938866554,0.6605250840002554,1000,mac,phase-23,with
26,4311.080207926462,2.3941209022036656,0.0,673.1469936695974,0.6660451249990729,1000,mac,phase-23,with
27,4308.664024143173,2.3927790955519357,0.0,672.7697223660192,0.6656718340018415,1000,mac,phase-23,with
28,4313.886103787923,2.3956791320688815,0.0,673.5851159667005,0.666478624996671,1000,mac,phase-23,with
29,4302.407659547652,2.389304677882228,0.0,671.7928319312199,0.6647052500047721,1000,mac,phase-23,with
0,391.0022498249037,0.0,0.0,82.00330714172952,0.1264092919955146,1000,mac,phase-8,without
1,388.85277091672145,0.0,0.0,81.5525056970287,0.1257143750044633,1000,mac,phase-8,without
2,381.74472404346903,0.0,0.0,80.06176401667737,0.1234163749977597,1000,mac,phase-8,without
3,392.66726186303595,0.0,0.0,82.35250332568698,0.1269475829976727,1000,mac,phase-8,without
4,399.7876812973492,0.0,0.0,83.84583985280774,0.1292495829984545,1000,mac,phase-8,without
5,384.44104316633167,0.0,0.0,80.62725202929938,0.1242880830031936,1000,mac,phase-8,without
6,394.38228386701905,0.0,0.0,82.71218789581523,0.1275020419998327,1000,mac,phase-8,without
7,392.0421898742136,0.0,0.0,82.22140952684555,0.1267454999979236,1000,mac,phase-8,without
8,396.18906710609906,0.0,0.0,83.09111717552949,0.1280861670020385,1000,mac,phase-8,without
9,394.03494844532105,0.0,0.0,82.63934265444013,0.1273897499995655,1000,mac,phase-8,without
10,392.7300279752369,0.0,0.0,82.36566700640546,0.1269678750031744,1000,mac,phase-8,without
11,394.56722610240735,0.0,0.0,82.75097507655093,0.1275618330037105,1000,mac,phase-8,without
12,394.3054687072889,0.0,0.0,82.6960777656579,0.1274772079996182,1000,mac,phase-8,without
13,373.9605683304472,0.0,0.0,78.42922478689076,0.1208997920039109,1000,mac,phase-8,without
14,394.4120553877859,0.0,0.0,82.71843175544166,0.1275116670003626,1000,mac,phase-8,without
15,345.62697490492934,0.0,0.0,72.48693579714173,0.1117396670015296,1000,mac,phase-8,without
16,390.35114282852976,0.0,0.0,81.86675312693883,0.1261987919933744,1000,mac,phase-8,without
17,396.3350882853156,0.0,0.0,83.12174160189497,0.1281333750011981,1000,mac,phase-8,without
18,343.90009686569954,0.0,0.0,72.12476470909637,0.1111813749957946,1000,mac,phase-8,without
19,391.0384643812334,0.0,0.0,82.01090227292643,0.1264210000008461,1000,mac,phase-8,without
20,395.20003402797175,0.0,0.0,82.88369130185403,0.1277664169974741,1000,mac,phase-8,without
21,392.31580638784453,0.0,0.0,82.27879400229646,0.126833959002397,1000,mac,phase-8,without
22,345.98874293694035,0.0,0.0,72.56280793101395,0.1118566250006551,1000,mac,phase-8,without
23,391.0902745692909,0.0,0.0,82.02176821235837,0.1264377500046976,1000,mac,phase-8,without
24,392.7198453431928,0.0,0.0,82.36353144451702,0.1269645830034278,1000,mac,phase-8,without
25,410.9331853581329,0.0,0.0,86.18334096221345,0.132852874994569,1000,mac,phase-8,without
26,396.49541525584135,0.0,0.0,83.1553663235251,0.1281852079991949,1000,mac,phase-8,without
27,395.588223713584,0.0,0.0,82.96510474137456,0.1278919169999426,1000,mac,phase-8,without
28,392.22867867129474,0.0,0.0,82.2605210616574,0.1268057909983326,1000,mac,phase-8,without
29,394.0684595625691,0.0,0.0,82.6463708043845,0.1274005839950405,1000,mac,phase-8,without
0,4337.254079439231,1.6712729288293031,0.0,680.5423366192922,0.6729385419967002,1000,mac,phase-8,with
1,4349.354222159726,1.6759354735161824,0.0,682.4409248157895,0.674815917001979,1000,mac,phase-8,with
2,4321.136396164294,1.665062306338787,0.0,678.0133711411542,0.6704378330032341,1000,mac,phase-8,with
3,4317.7016217057935,1.663738785635599,0.0,677.4744335108159,0.6699049169983482,1000,mac,phase-8,with
4,4333.543222965376,1.669843025518606,0.0,679.9600799911764,0.6723627910032519,1000,mac,phase-8,with
5,4299.8848105559455,1.656873438665505,0.0,674.6788642245937,0.6671405829983996,1000,mac,phase-8,with
6,4318.773143762031,1.6641516749366254,0.0,677.6425620341939,0.6700711669982411,1000,mac,phase-8,with
7,4333.700867206943,1.6699037705311166,0.0,679.9848153602708,0.672387250000611,1000,mac,phase-8,with
8,4369.361604669405,1.6836449127495607,0.0,685.5802084716212,0.6779201250028564,1000,mac,phase-8,with
9,4335.564883714424,1.6706220315024098,0.0,680.2772912277812,0.6726764579943847,1000,mac,phase-8,with
10,4336.533816837319,1.6709953902377943,0.0,680.4293229048299,0.6728267910002614,1000,mac,phase-8,with
11,4321.626234797135,1.665251055725281,0.0,678.0902298913345,0.670513832999859,1000,mac,phase-8,with
12,4339.109775214032,1.6719879835749474,0.0,680.8335069117186,0.6732264590027626,1000,mac,phase-8,with
13,4312.391545143513,1.66169265528538,0.0,676.6412492322067,0.6690810420041089,1000,mac,phase-8,with
14,4309.1270218457785,1.660434737415431,0.0,676.1290250755635,0.6685745409995434,1000,mac,phase-8,with
15,4323.7714316398615,1.6660776638382933,0.0,678.426824714953,0.6708466670024791,1000,mac,phase-8,with
16,4365.080891728177,1.6819954268020627,0.0,684.9085377938,0.6772559589953744,1000,mac,phase-8,with
17,4305.991145670247,1.6592263911059144,0.0,675.6369864583284,0.6680879999985336,1000,mac,phase-8,with
18,4317.303357089854,1.6635853224400057,0.0,677.4119432975704,0.6698431249969872,1000,mac,phase-8,with
19,4307.279659793664,1.6597228939008717,0.0,675.839162396435,0.6682879169966327,1000,mac,phase-8,with
20,4303.975665866741,1.658449766824167,0.0,675.3207450508007,0.6677752920004423,1000,mac,phase-8,with
21,4316.510856167055,1.663279948276056,0.0,677.28759493801,0.6697201659990242,1000,mac,phase-8,with
22,4338.901909588244,1.671907886770183,0.0,680.8008914928187,0.6731942080004956,1000,mac,phase-8,with
23,4350.208217166831,1.676264543178828,0.0,682.5749219824187,0.6749484169995412,1000,mac,phase-8,with
24,4352.857748036645,1.6772854861846365,0.0,682.990649974384,0.6753595000045607,1000,mac,phase-8,with
25,4318.728297755329,1.6641343944371212,0.0,677.6355254147958,0.6700642089999747,1000,mac,phase-8,with
26,4307.455557011805,1.6597906723278557,0.0,675.8667617719028,0.668315208000422,1000,mac,phase-8,with
27,4315.44094543445,1.6628676798659248,0.0,677.1197192414046,0.6695541660010349,1000,mac,phase-8,with
28,4303.342420509143,1.6582057585636232,0.0,675.2213848871073,0.6676770420017419,1000,mac,phase-8,with
29,4297.0886503610045,1.6557959950219268,0.0,674.2401291729286,0.6667067499947734,1000,mac,phase-8,with
0,413.0072096269986,1.4107272937812247,0.0,91.6972740957796,0.1269404159975238,1000,mac,phase-1,without
1,416.2951969601929,1.4219582199355971,0.0,92.4272842958138,0.1279510000022128,1000,mac,phase-1,without
2,415.0127574793532,1.4175777337453508,0.0,92.1425526934478,0.127556833998824,1000,mac,phase-1,without
3,413.0934320082623,1.411021807445268,0.0,91.71641748394242,0.1269669169996632,1000,mac,phase-1,without
4,413.4505093068436,1.4122414924274098,0.0,91.79569700778164,0.1270766669986187,1000,mac,phase-1,without
5,401.3017471664815,1.370744419404052,0.0,89.09838726126338,0.1233426670005428,1000,mac,phase-1,without
6,415.17299164786726,1.4181250527985056,0.0,92.17812843190286,0.1276060829986818,1000,mac,phase-1,without
7,418.85668894968217,1.4307076232829092,0.0,92.99599551338908,0.1287382910013548,1000,mac,phase-1,without
8,416.11991185189385,1.421359490710763,0.0,92.3883668961996,0.1278971249994356,1000,mac,phase-1,without
9,411.9964417244347,1.4072747684146274,0.0,91.4728599469508,0.1266297499969368,1000,mac,phase-1,without
10,413.4103800010833,1.412104420953603,0.0,91.78678736198415,0.127064332998998,1000,mac,phase-1,without
11,396.2525049402136,1.353497495729422,0.0,87.97733722241243,0.1217907500031287,1000,mac,phase-1,without
12,368.7876480349551,1.259684549241063,0.0,81.87949570066912,0.1133492500011925,1000,mac,phase-1,without
13,412.9376649737701,1.410489746982624,0.0,91.68183355387056,0.126919041002111,1000,mac,phase-1,without
14,413.4071296914159,1.412093318724745,0.0,91.78606571710844,0.1270633339954656,1000,mac,phase-1,without
15,415.7098276987633,1.419958747832471,0.0,92.2973186091106,0.1277710830036085,1000,mac,phase-1,without
16,416.36013135422826,1.4221800192646052,0.0,92.44170125219934,0.1279709580048802,1000,mac,phase-1,without
17,392.0143470933253,1.3390210294339349,0.0,87.03636691320577,0.1204881249941536,1000,mac,phase-1,without
18,416.4180185498556,1.4223777471611854,0.0,92.45455356547706,0.1279887500058976,1000,mac,phase-1,without
19,416.8541278587761,1.4238673853341408,0.0,92.55138004671916,0.1281227910003508,1000,mac,phase-1,without
20,411.35644206336633,1.405088692799397,0.0,91.3307650319608,0.1264330419944599,1000,mac,phase-1,without
21,434.2858446220848,1.4834096839726385,0.0,96.42162945822147,0.1334805410006083,1000,mac,phase-1,without
22,425.7506982570446,1.454255800812937,0.0,94.52662705284092,0.1308572089983499,1000,mac,phase-1,without
23,343.1229552610153,1.1720205043073066,0.0,76.18133277997494,0.1054610419960226,1000,mac,phase-1,without
24,425.9506550579292,1.4549388022473182,0.0,94.57102214607568,0.1309186670041526,1000,mac,phase-1,without
25,423.1848627760689,1.4454915612064811,0.0,93.95695147842127,0.1300685829992289,1000,mac,phase-1,without
26,413.7155371406136,1.4131467599142624,0.0,91.85453939442706,0.1271581250039162,1000,mac,phase-1,without
27,414.45965044482983,1.4156884611811038,0.0,92.01974997677176,0.1273868330026744,1000,mac,phase-1,without
28,416.577442567405,1.4229222989452677,0.0,92.4899494314424,0.1280377500006579,1000,mac,phase-1,without
29,391.13724489124553,1.3360250720097848,0.0,86.841629680636,0.1202185420042951,1000,mac,phase-1,without
0,4319.289765826592,1.8254119541148643,0.0,675.5351802555263,0.6684346249967348,1000,mac,phase-1,with
1,4352.448749074268,1.8394255553521544,0.0,680.7212318843227,0.6735661659986363,1000,mac,phase-1,with
2,4376.829120766304,1.849729152551054,0.0,684.5343122004392,0.6773391669994453,1000,mac,phase-1,with
3,4330.179511549561,1.8300141626022992,0.0,677.2383321019491,0.6701198750015465,1000,mac,phase-1,with
4,4310.66218590011,1.821765778843762,0.0,674.1858302288351,0.6670994579981198,1000,mac,phase-1,with
5,4325.011416888251,1.8278300299586896,0.0,676.430044177803,0.6693200829977286,1000,mac,phase-1,with
6,4325.735138314875,1.828135888054634,0.0,676.5432339175277,0.6694320829992648,1000,mac,phase-1,with
7,4347.06876561683,1.8371518745739288,0.0,679.8798046377772,0.6727335830000811,1000,mac,phase-1,with
8,4327.957460643241,1.8290750826824616,0.0,676.8908042348878,0.6697760000024573,1000,mac,phase-1,with
9,4348.485786304246,1.8377507337943737,0.0,680.1014261027397,0.6729528750001919,1000,mac,phase-1,with
10,4383.086028420811,1.8523734377570833,0.0,685.5128900383214,0.6783074589984608,1000,mac,phase-1,with
11,4330.842382203359,1.8302943040332005,0.0,677.3420048053048,0.6702224580003531,1000,mac,phase-1,with
12,4337.304451966587,1.8330252945510048,0.0,678.3526699143846,0.6712225000010221,1000,mac,phase-1,with
13,4316.722008708338,1.8243267723389136,0.0,675.1335840761136,0.6680372499977238,1000,mac,phase-1,with
14,4344.111956519706,1.8359022722169327,0.0,679.4173608855173,0.6722759999975096,1000,mac,phase-1,with
15,4328.966308884005,1.8295014406575965,0.0,677.0485876935404,0.669932124998013,1000,mac,phase-1,with
16,4330.573681242119,1.8301807460240551,0.0,677.2999800831567,0.6701808750003693,1000,mac,phase-1,with
17,4371.366206613537,1.8474204237230736,0.0,683.6799146265353,0.6764937500047381,1000,mac,phase-1,with
18,4327.686065067118,1.8289603858790968,0.0,676.8483580760569,0.6697339999955148,1000,mac,phase-1,with
19,4330.916964261218,1.8303258237939384,0.0,677.3536694091241,0.6702339999974356,1000,mac,phase-1,with
20,4324.388396143734,1.8275667298384473,0.0,676.3326039842137,0.6692236669987324,1000,mac,phase-1,with
21,4336.148055024984,1.8325365797586783,0.0,678.1718098983298,0.671043541005929,1000,mac,phase-1,with
22,4315.7473562602345,1.8239148661399016,0.0,674.9811488256646,0.6678864169953158,1000,mac,phase-1,with
23,4364.8955232319495,1.8446857929304157,0.0,682.6679023510125,0.6754923749977024,1000,mac,phase-1,with
24,4344.278884181038,1.8359728189422015,0.0,679.4434683045378,0.6723018330012565,1000,mac,phase-1,with
25,4356.507572628897,1.841140889455201,0.0,681.3560302540211,0.674194291997992,1000,mac,phase-1,with
26,4314.834620808611,1.8235291272118217,0.0,674.8383973685347,0.6677451659998042,1000,mac,phase-1,with
27,4362.184256020569,1.8435399611277865,0.0,682.2438612508175,0.6750727909966372,1000,mac,phase-1,with
28,4324.733023249692,1.8277123756443632,0.0,676.3865035248249,0.669277000000875,1000,mac,phase-1,with
29,4332.038357679215,1.8307997454480665,0.0,677.5290548881808,0.6704075419984292,1000,mac,phase-1,with
0,596.4459331278491,0.4886326329094673,23.45436637965443,115.49181302124482,0.1359050419996492,1000,mac,phase-30,without
1,554.2467896523963,0.454061387742615,21.79494661164552,107.3206522885938,0.1262896249972982,1000,mac,phase-30,without
2,561.8597160149025,0.4602982049393548,22.094313837089032,108.7947685817375,0.128024291996553,1000,mac,phase-30,without
3,578.047053073734,0.4735595261883244,22.73085725703957,111.92917658265468,0.1317127079964848,1000,mac,phase-30,without
4,568.9121664239593,0.4660758575654181,22.37164116314007,110.16035804885487,0.1296312500053318,1000,mac,phase-30,without
5,548.2467135468028,0.4491458827114073,21.55900237014755,106.15883756371764,0.1249224590064841,1000,mac,phase-30,without
6,574.285027647265,0.4704775227960507,22.58292109421043,111.20072306658084,0.1308554999995976,1000,mac,phase-30,without
7,568.8810812926358,0.4660503913685354,22.3704187856897,110.15433893132028,0.1296241670061135,1000,mac,phase-30,without
8,581.4331164691322,0.4763335262781819,22.86400926135273,112.58483131817884,0.132484249996196,1000,mac,phase-30,without
9,573.1562154950751,0.4695527542238312,22.538532202743895,110.98214740904696,0.130598290998023,1000,mac,phase-30,without
10,583.8964565002159,0.4783515940665353,22.960876515193696,113.0618160547261,0.1330455419956706,1000,mac,phase-30,without
11,542.9270608157159,0.444787808029728,21.349814785426947,105.12877548359786,0.1237103329985984,1000,mac,phase-30,without
12,564.993609313329,0.4628656170862312,22.2175496201391,109.40159478130994,0.1287383749950095,1000,mac,phase-30,without
13,560.8248965977349,0.4594504390173964,22.053621072835032,108.5943930506118,0.1277885000017704,1000,mac,phase-30,without
14,573.9476466490644,0.4702011266362514,22.56965407854007,111.135394859954,0.130778625003586,1000,mac,phase-30,without
15,548.2132497074549,0.4491184677806992,21.55768645347356,106.15235784902384,0.1249148339993553,1000,mac,phase-30,without
16,568.2311855811712,0.4655179705153254,22.34486258473562,110.02849745965798,0.1294760829987353,1000,mac,phase-30,without
17,569.4581948227624,0.4665231861149672,22.393112933518424,110.26608734674474,0.1297556670033373,1000,mac,phase-30,without
18,566.7441505316564,0.4642997312565504,22.286387100314418,109.74055790913752,0.1291372500054421,1000,mac,phase-30,without
19,582.8598113728299,0.4775023324489214,22.92011195754823,112.86108700524863,0.1328093339980114,1000,mac,phase-30,without
20,575.8457576853292,0.4717561359701918,22.644294526569208,111.50293242324037,0.1312111249935696,1000,mac,phase-30,without
21,575.1305845711598,0.4711702372284064,22.616171386963508,111.36445107062836,0.1310481670006993,1000,mac,phase-30,without
22,561.1286338518851,0.4596992728612786,22.065565097341377,108.65320670699792,0.127857708997908,1000,mac,phase-30,without
23,581.2049042884294,0.4761465656292358,22.85503515020332,112.54064183336725,0.13243225000042,1000,mac,phase-30,without
24,571.7183733013259,0.4683748157422062,22.4819911556259,110.7037332350686,0.1302706669957842,1000,mac,phase-30,without
25,574.0612041322552,0.470294157519549,22.574119560938353,111.15738337372768,0.1308044999968842,1000,mac,phase-30,without
26,558.5815399432987,0.457612590508876,21.965404344426048,108.16000442813365,0.1272773329983465,1000,mac,phase-30,without
27,574.211337065327,0.4704171524907589,22.580023319556428,111.18645411370866,0.1308387090030009,1000,mac,phase-30,without
28,571.0388539527394,0.4678181260072767,22.45527004834928,110.57215563986276,0.1301158330024918,1000,mac,phase-30,without
29,578.4687365725639,0.4739049863664284,22.747439345588564,112.01082856332224,0.131808792000811,1000,mac,phase-30,without
0,5519.84217345951,4.72710642584526,111.62724174174592,771.4300036520476,0.698210457994719,1000,mac,phase-30,with
1,5506.5306196541005,4.715706619554766,111.3580434589147,769.5696366926267,0.6965266659972258,1000,mac,phase-30,with
2,5484.447700017819,4.696795152879866,110.9114626815774,766.4834204131879,0.6937333750029211,1000,mac,phase-30,with
3,5465.242122921156,4.680347797311944,110.52307012795204,763.799329465614,0.6913040419967729,1000,mac,phase-30,with
4,5448.99591016236,4.666434795034992,110.1945245170406,761.5288268726033,0.6892490419995738,1000,mac,phase-30,with
5,5442.0461360896625,4.660483117315803,110.0539798989003,760.5575555808152,0.6883699579993845,1000,mac,phase-30,with
6,5404.328375074235,4.628182217242643,109.29121721574413,755.2862794095905,0.6835989999963203,1000,mac,phase-30,with
7,5414.837350473571,4.637181939259716,109.50373922280446,756.7549697590482,0.6849282909970498,1000,mac,phase-30,with
8,5447.795224150921,4.665406546331182,110.17024315836348,761.3610240287751,0.6890971660031937,1000,mac,phase-30,with
9,5447.082730832096,4.664796378206813,110.1558344739409,761.261448949222,0.6890070419976837,1000,mac,phase-30,with
10,5462.674746967845,4.6781491367370425,110.4711503289476,763.4405237645086,0.6909792919977917,1000,mac,phase-30,with
11,5445.905105721958,4.663787878497866,110.13201947367104,761.096869000291,0.6888580829981947,1000,mac,phase-30,with
12,5440.649135749839,4.659286748094407,110.0257284942865,760.362316669378,0.6881932500036783,1000,mac,phase-30,with
13,5404.703231762331,4.6285032386420575,109.2987979067903,755.3386678089649,0.6836464160005562,1000,mac,phase-30,with
14,5410.787987894806,4.633714128538842,109.42184934963866,756.189047819478,0.6844160830005421,1000,mac,phase-30,with
15,5535.119945995178,4.74019007107577,111.93620267840356,773.5651610990581,0.7001429590018233,1000,mac,phase-30,with
16,5419.449013845381,4.641131295577101,109.59700045127067,757.3994765003574,0.6855116249935236,1000,mac,phase-30,with
17,5435.615181475974,4.654975748459343,109.92392731718992,759.6587923217901,0.6875565000009374,1000,mac,phase-30,with
18,5520.117228557755,4.727341978725491,111.6328041547605,771.4684441995806,0.6982452499942156,1000,mac,phase-30,with
19,5449.549965300805,4.6669092791819855,110.2057291212546,761.6062592962202,0.689319124998292,1000,mac,phase-30,with
20,5450.2212936203105,4.667484194245363,110.21930532982265,761.7000813280272,0.6894040420011152,1000,mac,phase-30,with
21,5479.125519767146,4.692237321030356,110.8038327380454,765.7396148112895,0.6930601670028409,1000,mac,phase-30,with
22,5449.408975070284,4.666788537355728,110.20287788927168,761.5865550926165,0.6893012910004472,1000,mac,phase-30,with
23,5401.537331059038,4.6257920108410016,109.23477419885964,754.8962147977454,0.6832459579964052,1000,mac,phase-30,with
24,5428.360389682284,4.648762858338857,109.7772143547733,758.6448930319134,0.686638833998586,1000,mac,phase-30,with
25,5423.497388261687,4.644598260051115,109.67887034092132,757.9652603384844,0.6860237079963554,1000,mac,phase-30,with
26,5439.028799304912,4.657899117328863,109.992960584923,760.1358652400894,0.6879882919965894,1000,mac,phase-30,with
27,5402.778533859611,4.6268549574887485,109.25987492469858,755.0696800981816,0.6834029590027058,1000,mac,phase-30,with
28,5425.496549978012,4.646310310848687,109.71929919761256,758.244654799714,0.6862765839978238,1000,mac,phase-30,with
29,5472.8253332894155,4.686841939958393,110.67642466787464,764.8591271587816,0.6922632499990868,1000,mac,phase-30,with
0,390.2923708501913,0.4469127826171484,0.0,83.81333569389291,0.1297804999994696,1000,mac,phase-6,without
1,365.9657287665602,0.4190570310900451,0.0,78.58931090750231,0.121691375003138,1000,mac,phase-6,without
2,385.5064629144986,0.4414325744638846,0.0,82.78558588791928,0.1281890839964035,1000,mac,phase-6,without
3,383.1150096237612,0.4386941887702718,0.0,82.2720332478402,0.1273938750018715,1000,mac,phase-6,without
4,375.13807536719554,0.4295600264047865,0.0,80.55902649037459,0.1247413749952102,1000,mac,phase-6,without
5,383.3887996646965,0.4390076980217611,0.0,82.33082829054258,0.1274849160035955,1000,mac,phase-6,without
6,381.2259091931742,0.4365310331640328,0.0,81.86635837337784,0.1267657089993008,1000,mac,phase-6,without
7,372.53711365314894,0.4265817385264631,0.0,80.00048296365516,0.1238765000016428,1000,mac,phase-6,without
8,382.10893252225594,0.4375421582655974,0.0,82.05598321934819,0.1270593330045812,1000,mac,phase-6,without
9,382.39876363587337,0.4378740356968514,0.0,82.11822300222491,0.1271557080035563,1000,mac,phase-6,without
10,381.75469649055145,0.4371365325796854,0.0,81.97991280225177,0.1269415420028963,1000,mac,phase-6,without
11,381.439053481218,0.4367750986748731,0.0,81.91213004379543,0.1268365840005572,1000,mac,phase-6,without
12,381.4226364679471,0.4367563000161465,0.0,81.90860457225888,0.1268311249950784,1000,mac,phase-6,without
13,363.8404268617468,0.4166234078395762,0.0,78.13291294714513,0.1209846669953549,1000,mac,phase-6,without
14,381.63778666959325,0.4370026624420605,0.0,81.95480700259564,0.1269026670051971,1000,mac,phase-6,without
15,384.03863484277593,0.4397518059505053,0.0,82.47037714671785,0.1277009999976144,1000,mac,phase-6,without
16,382.3201972167614,0.4377840715069055,0.0,82.1013512564489,0.1271295830010785,1000,mac,phase-6,without
17,380.616549606845,0.4358332726934718,0.0,81.73550144820648,0.1265630839989171,1000,mac,phase-6,without
18,383.1444573623307,0.4387279085449043,0.0,82.27835700249821,0.1274036670001805,1000,mac,phase-6,without
19,365.0784440553923,0.4180410264000793,0.0,78.39877095103026,0.1213963339978363,1000,mac,phase-6,without
20,337.2567860558492,0.3861832307518752,0.0,72.42420896715937,0.1121450420032488,1000,mac,phase-6,without
21,390.46266073377785,0.4471077767584878,0.0,83.84990459516871,0.1298371250013588,1000,mac,phase-6,without
22,383.0279234600802,0.4385944688611858,0.0,82.25333192950546,0.1273649170034332,1000,mac,phase-6,without
23,381.9510508443386,0.4373613724104996,0.0,82.02207891821523,0.1270068339945282,1000,mac,phase-6,without
24,381.2948250919911,0.436609946815457,0.0,81.88115771816032,0.1267886249988805,1000,mac,phase-6,without
25,375.600202278002,0.4300891948924535,0.0,80.65826593444629,0.1248950420049368,1000,mac,phase-6,without
26,382.64762293629394,0.4381589974607435,0.0,82.17166429302252,0.1272384590047295,1000,mac,phase-6,without
27,380.0551779472132,0.4351904618438977,0.0,81.61494969041713,0.1263764160030405,1000,mac,phase-6,without
28,374.44313329201606,0.4287642678407653,0.0,80.409791153522,0.1245102920001954,1000,mac,phase-6,without
29,379.2905681139203,0.4343149286955839,0.0,81.45075355075643,0.1261221669992664,1000,mac,phase-6,without
0,4365.871975336225,1.7026540141784747,0.0,680.6609811974655,0.671927625000535,1000,mac,phase-6,with
1,4401.740248761848,1.716642344591,0.0,686.2530219906139,0.6774479160012561,1000,mac,phase-6,with
2,4382.3174979665255,1.7090676321864988,0.0,683.224919314085,0.6744586659988272,1000,mac,phase-6,with
3,4369.221999416928,1.703960495903277,0.0,681.1832664799218,0.6724432089977199,1000,mac,phase-6,with
4,4366.362539084882,1.7028453299890571,0.0,680.7374625062137,0.6720031250006286,1000,mac,phase-6,with
5,4391.016889062863,1.7124603228688555,0.0,684.5811973068672,0.6757975419968716,1000,mac,phase-6,with
6,4358.197303689572,1.6996609556186966,0.0,679.4644620226271,0.6707464580031228,1000,mac,phase-6,with
7,4344.730354172825,1.6944089565259697,0.0,677.3648981500287,0.6686738330026856,1000,mac,phase-6,with
8,4341.138576337993,1.693008192833616,0.0,676.8049222645444,0.6681210419992567,1000,mac,phase-6,with
9,4358.578494459232,1.6998096168707433,0.0,679.5238915443277,0.6708051250025164,1000,mac,phase-6,with
10,4363.328464069257,1.7016620657903228,0.0,680.2644352418255,0.6715361670067068,1000,mac,phase-6,with
11,4349.108612846212,1.6961164412500904,0.0,678.0474902785655,0.6693476669970551,1000,mac,phase-6,with
12,4361.97832862776,1.7011355241184332,0.0,680.0539424652277,0.6713283749995753,1000,mac,phase-6,with
13,4363.309510738167,1.7016546741477263,0.0,680.261480323997,0.6715332500025397,1000,mac,phase-6,with
14,4332.586464835557,1.6896729399765502,0.0,675.4716058870962,0.6668048330029706,1000,mac,phase-6,with
15,4337.37785615621,1.6915415430211873,0.0,676.2186074336464,0.6675422499974957,1000,mac,phase-6,with
16,4348.047071902495,1.6957024490489343,0.0,677.8819908080328,0.6691842910004198,1000,mac,phase-6,with
17,4355.601272770992,1.6986485250001575,0.0,679.0597279941807,0.6703469169951859,1000,mac,phase-6,with
18,4342.518489939411,1.6935463477419472,0.0,677.0200576031926,0.6683334170011221,1000,mac,phase-6,with
19,4329.186630619755,1.6883470327104235,0.0,674.9415549588258,0.6662815829986357,1000,mac,phase-6,with
20,4377.93626990169,1.707358989424236,0.0,682.5418642427711,0.67378437500156,1000,mac,phase-6,with
21,4353.607342345028,1.6978709086012025,0.0,678.748864403163,0.6700400420013466,1000,mac,phase-6,with
22,4351.52785883947,1.6970599272077582,0.0,678.4246626649368,0.6697199999980512,1000,mac,phase-6,with
23,4358.339982972328,1.6997165993606331,0.0,679.4867064267565,0.6707684169959975,1000,mac,phase-6,with
24,4340.545949390721,1.692777073218478,0.0,676.712528799575,0.6680298340070294,1000,mac,phase-6,with
25,4368.247362930842,1.703580395722884,0.0,681.0313158431011,0.6722932079937891,1000,mac,phase-6,with
26,4370.011443217426,1.7042683724657322,0.0,681.3063446633597,0.672564708002028,1000,mac,phase-6,with
27,4409.230825797347,1.719563607772801,0.0,687.4208399072915,0.6786007499977131,1000,mac,phase-6,with
28,4343.254062662983,1.693833215029304,0.0,677.1347370199501,0.6684466250007972,1000,mac,phase-6,with
29,4337.080321147453,1.6914255068250093,0.0,676.1722202578096,0.6674964580015512,1000,mac,phase-6,with
0,384.9922799870706,0.0,0.0,81.6414086697934,0.1287048750018584,1000,mac,phase-7,without
1,382.1713775858955,0.0,0.0,81.0432085039104,0.127761832998658,1000,mac,phase-7,without
2,387.3060348462912,0.0,0.0,82.13206319935875,0.1294783750054193,1000,mac,phase-7,without
3,382.6248077427939,0.0,0.0,81.13936283911889,0.1279134170035831,1000,mac,phase-7,without
4,382.57595115897095,0.0,0.0,81.1290023188346,0.1278970839994144,1000,mac,phase-7,without
5,380.9924394855085,0.0,0.0,80.79320305638996,0.1273677080025663,1000,mac,phase-7,without
6,381.0339464626488,0.0,0.0,80.80200502011628,0.1273815839958842,1000,mac,phase-7,without
7,373.8850362618945,0.0,0.0,79.28600812983309,0.1249916669985395,1000,mac,phase-7,without
8,375.0913924440434,0.0,0.0,79.54182785191026,0.125394957998651,1000,mac,phase-7,without
9,379.9175739652012,0.0,0.0,80.5652672255431,0.1270083749986952,1000,mac,phase-7,without
10,380.5149594438619,0.0,0.0,80.6919487060091,0.1272080839989939,1000,mac,phase-7,without
11,383.2371466215314,0.0,0.0,81.26921533549904,0.1281181250014924,1000,mac,phase-7,without
12,380.5183216338946,0.0,0.0,80.69266169155388,0.1272092079962021,1000,mac,phase-7,without
13,380.6673860889716,0.0,0.0,80.72427227890252,0.1272590410007978,1000,mac,phase-7,without
14,361.8152226748145,0.0,0.0,76.72648516053064,0.1209566670004278,1000,mac,phase-7,without
15,382.2867931309956,0.0,0.0,81.06768350814862,0.1278004170017084,1000,mac,phase-7,without
16,380.5179477428493,0.0,0.0,80.69258240427148,0.1272090830025263,1000,mac,phase-7,without
17,380.8158283426864,0.0,0.0,80.7557509223179,0.1273086660003173,1000,mac,phase-7,without
18,365.9374543718208,0.0,0.0,77.6006450336018,0.1223347499981173,1000,mac,phase-7,without
19,378.25367465054006,0.0,0.0,80.21242097122808,0.1264521250050165,1000,mac,phase-7,without
20,356.6132616527771,0.0,0.0,75.62335803886796,0.1192176250042393,1000,mac,phase-7,without
21,384.7918642445624,0.0,0.0,81.59890853566469,0.1286378750010044,1000,mac,phase-7,without
22,380.5077295415131,0.0,0.0,80.69041553393531,0.12720566700591,1000,mac,phase-7,without
23,383.7435463378665,0.0,0.0,81.37660238802117,0.1282874169992283,1000,mac,phase-7,without
24,382.10669117039305,0.0,0.0,81.02949111174972,0.1277402080013416,1000,mac,phase-7,without
25,382.2867931309956,0.0,0.0,81.06768350814862,0.1278004170017084,1000,mac,phase-7,without
26,363.2618803228803,0.0,0.0,77.03326317762489,0.1214402920013526,1000,mac,phase-7,without
27,378.3778127457374,0.0,0.0,80.23874567821139,0.1264936250008759,1000,mac,phase-7,without
28,383.1464121294845,0.0,0.0,81.24997419189508,0.1280877919998602,1000,mac,phase-7,without
29,380.0084340815053,0.0,0.0,80.58453500900934,0.1270387499971548,1000,mac,phase-7,without
0,4459.5610091822355,2.5150736977002492,0.0,690.7063060204271,0.6769831249985145,1000,mac,phase-7,with
1,4426.857021083713,2.496629518977919,0.0,685.6410426985092,0.6720185000012862,1000,mac,phase-7,with
2,4382.096714354068,2.4713858974813334,0.0,678.7084710723069,0.6652236669979175,1000,mac,phase-7,with
3,4405.997731201146,2.4848654347489263,0.0,682.4103114603151,0.6688519579984131,1000,mac,phase-7,with
4,4434.534363155629,2.5009593355391373,0.0,686.8301257879948,0.6731839579952066,1000,mac,phase-7,with
5,4508.661591420469,2.542765119047526,0.0,698.3111087602919,0.6844368330057478,1000,mac,phase-7,with
6,4417.676650902167,2.49145203457279,0.0,684.2191674146103,0.67062487500516,1000,mac,phase-7,with
7,4441.321865669631,2.5047873062768153,0.0,687.881388631781,0.67421433400159,1000,mac,phase-7,with
8,4488.969648701046,2.531659387544298,0.0,695.2611787366654,0.6814474999991944,1000,mac,phase-7,with
9,4469.66032219995,2.520769441403138,0.0,692.270509127739,0.6785162500018487,1000,mac,phase-7,with
10,4437.025225139686,2.502364115392536,0.0,687.2159157965342,0.6735620830004336,1000,mac,phase-7,with
11,4457.31223434689,2.5138054485544745,0.0,690.3580109850202,0.6766417500039097,1000,mac,phase-7,with
12,4384.7036727319055,2.472856152610391,0.0,679.1122423375498,0.6656194160023006,1000,mac,phase-7,with
13,4413.516435463956,2.489105783808676,0.0,683.5748243880973,0.6699933339987183,1000,mac,phase-7,with
14,4425.455280873639,2.495838974813121,0.0,685.4239381896781,0.6718057089965441,1000,mac,phase-7,with
15,4456.375729504962,2.513277284752958,0.0,690.2129631207556,0.6764995839985204,1000,mac,phase-7,with
16,4460.908133199345,2.5158334397860727,0.0,690.9149514569832,0.6771876249986235,1000,mac,phase-7,with
17,4419.527987940163,2.492496139380473,0.0,684.5059064375947,0.6709059170025284,1000,mac,phase-7,with
18,4419.9397006307345,2.4927283343783517,0.0,684.5696733758788,0.6709684169982211,1000,mac,phase-7,with
19,4410.844690025743,2.4875989905021676,0.0,683.1610187649752,0.6695877500023926,1000,mac,phase-7,with
20,4423.770269180167,2.494888673072245,0.0,685.1629599902537,0.6715499159981846,1000,mac,phase-7,with
21,4435.222200105335,2.5013472572688658,0.0,686.9366594395577,0.6732883750009933,1000,mac,phase-7,with
22,4429.481831298017,2.4981098420675356,0.0,686.0475788942005,0.6724169590015663,1000,mac,phase-7,with
23,4456.3466329368575,2.513260875063085,0.0,690.2084565823247,0.6764951669974835,1000,mac,phase-7,with
24,4405.202032174738,2.484416681679177,0.0,682.2870719006135,0.6687311670029885,1000,mac,phase-7,with
25,4415.936199536094,2.490470466332346,0.0,683.9496026006311,0.6703606659939396,1000,mac,phase-7,with
26,4416.292742781535,2.4906715472317567,0.0,684.0048247777665,0.6704147909986204,1000,mac,phase-7,with
27,4422.136876349898,2.493967482996145,0.0,684.909976630288,0.6713019589951728,1000,mac,phase-7,with
28,4430.8585920505975,2.4988862984832485,0.0,686.2608145314596,0.6726259580027545,1000,mac,phase-7,with
29,4428.806615859681,2.497729038534241,0.0,685.943000089197,0.672314458002802,1000,mac,phase-7,with
0,371.8360981389177,0.0,0.0,79.91504063021144,0.1259272919996874,1000,mac,phase-9,without
1,381.8268399751352,0.0,0.0,82.0622515754731,0.1293107909950777,1000,mac,phase-9,without
2,378.69492235952407,0.0,0.0,81.38913961900961,0.1282501250025234,1000,mac,phase-9,without
3,377.1005429822752,0.0,0.0,81.04647548997387,0.1277101669984404,1000,mac,phase-9,without
4,376.1059449323693,0.0,0.0,80.83271640642396,0.1273733330017421,1000,mac,phase-9,without
5,377.0002693980719,0.0,0.0,81.02492468413269,0.1276762080015032,1000,mac,phase-9,without
6,376.09511706560784,0.0,0.0,80.83038928053028,0.1273696659991401,1000,mac,phase-9,without
7,373.9279005486811,0.0,0.0,80.36461095273609,0.1266357089989469,1000,mac,phase-9,without
8,375.2913456412782,0.0,0.0,80.65764266890704,0.1270974580038455,1000,mac,phase-9,without
9,375.9660567759833,0.0,0.0,80.8026516339147,0.1273259579975274,1000,mac,phase-9,without
10,380.76937419502184,0.0,0.0,81.83498095488036,0.1289526659966213,1000,mac,phase-9,without
11,374.6659725434551,0.0,0.0,80.52323743829143,0.126885666999442,1000,mac,phase-9,without
12,367.4374331842578,0.0,0.0,78.96967924563978,0.1244376249960623,1000,mac,phase-9,without
13,367.6221062246298,0.0,0.0,79.00936918859718,0.1245001670031342,1000,mac,phase-9,without
14,373.8652749683743,0.0,0.0,80.35115145856713,0.1266145000045071,1000,mac,phase-9,without
15,374.382871422958,0.0,0.0,80.46239332536042,0.126789791000192,1000,mac,phase-9,without
16,375.6328853036798,0.0,0.0,80.7310463974161,0.1272131250007078,1000,mac,phase-9,without
17,373.0515349216383,0.0,0.0,80.17626238990805,0.1263389160012593,1000,mac,phase-9,without
18,373.3190099077397,0.0,0.0,80.23374813292452,0.1264295000000856,1000,mac,phase-9,without
19,372.9278900370712,0.0,0.0,80.14968862253218,0.1262970419993507,1000,mac,phase-9,without
20,374.2486437648836,0.0,0.0,80.43354510755047,0.1267443329998059,1000,mac,phase-9,without
21,375.006771060872,0.0,0.0,80.59648187986771,0.1270010829975945,1000,mac,phase-9,without
22,375.173975427608,0.0,0.0,80.63241745424612,0.1270577090035658,1000,mac,phase-9,without
23,379.6903796752694,0.0,0.0,81.6030833760348,0.1285872500011464,1000,mac,phase-9,without
24,375.5708768393117,0.0,0.0,80.71771953384852,0.1271921250008745,1000,mac,phase-9,without
25,376.1684465051145,0.0,0.0,80.84614924887896,0.1273944999993546,1000,mac,phase-9,without
26,377.5824609660864,0.0,0.0,81.15004933729386,0.1278733750004903,1000,mac,phase-9,without
27,377.7160744515755,0.0,0.0,81.17876555708816,0.1279186250030761,1000,mac,phase-9,without
28,375.568662234418,0.0,0.0,80.71724357080743,0.1271913749951636,1000,mac,phase-9,without
29,375.75431854819095,0.0,0.0,80.757144838954,0.1272542500009876,1000,mac,phase-9,without
0,4298.324586146077,2.34866663806101,0.0,675.5559166546752,0.666461957996944,1000,mac,phase-9,with
1,4386.990791615231,2.397115133407328,0.0,689.4913416118936,0.6802097920008237,1000,mac,phase-9,with
2,4314.322225328852,2.3574079791773657,0.0,678.0702218416924,0.6689424170035636,1000,mac,phase-9,with
3,4320.785126850016,2.3609394019174617,0.0,679.0859783937804,0.6699445000049309,1000,mac,phase-9,with
4,4316.092062346529,2.358375043687017,0.0,678.3483822841725,0.6692168330046115,1000,mac,phase-9,with
5,4324.958738322495,2.363219923508882,0.0,679.7419334915267,0.6705916249993606,1000,mac,phase-9,with
6,4338.561200090624,2.370652505090384,0.0,681.8797951965608,0.6727007079971372,1000,mac,phase-9,with
7,4313.949226812134,2.35720416740031,0.0,678.011598685199,0.6688845829994534,1000,mac,phase-9,with
8,4369.91905173871,2.3877868881578013,0.0,686.8082229571636,0.6775627919996623,1000,mac,phase-9,with
9,4322.818863117996,2.36205066478919,0.0,679.4056151595047,0.6702598339979886,1000,mac,phase-9,with
10,4317.2954232396205,2.35903257746012,0.0,678.5375112238108,0.6694034159954754,1000,mac,phase-9,with
11,4328.716359179343,2.365273141819432,0.0,680.3325084822034,0.6711742499974207,1000,mac,phase-9,with
12,4327.235400242506,2.364463924465652,0.0,680.0997502174303,0.6709446249951725,1000,mac,phase-9,with
13,4348.149681125506,2.3758917896220573,0.0,683.3867905304459,0.674187416996574,1000,mac,phase-9,with
14,4333.099578385659,2.3676681961041557,0.0,681.0214070540715,0.6718538749992149,1000,mac,phase-9,with
15,4346.979638150608,2.375252461240693,0.0,683.2028980768653,0.6740060000010999,1000,mac,phase-9,with
16,4316.435767323145,2.35856284905065,0.0,678.4024014551038,0.669270124999457,1000,mac,phase-9,with
17,4332.924101282284,2.3675723128803137,0.0,680.9938277977714,0.6718266669995501,1000,mac,phase-9,with
18,4326.004087331245,2.363791117306087,0.0,679.9062281355622,0.6707537080001202,1000,mac,phase-9,with
19,4354.886149742676,2.3795726933747634,0.0,684.4455428746397,0.6752319170045666,1000,mac,phase-9,with
20,4306.127370941402,2.352930192375129,0.0,676.7822589955617,0.6676717919981456,1000,mac,phase-9,with
21,4337.617971975319,2.3701371116243717,0.0,681.7315506139848,0.6725544590008212,1000,mac,phase-9,with
22,4341.152002730764,2.372068157074022,0.0,682.28698456008,0.6731024160035304,1000,mac,phase-9,with
23,4367.9377173689945,2.3867042584401683,0.0,686.4968220544382,0.6772555830029887,1000,mac,phase-9,with
24,4337.825696425971,2.370250615264541,0.0,681.7641980976402,0.6725866670021787,1000,mac,phase-9,with
25,4313.800353776128,2.3571228210231423,0.0,677.988200717389,0.6688615000020945,1000,mac,phase-9,with
26,4338.812194020074,2.370789651798745,0.0,681.9192432258304,0.6727396249989397,1000,mac,phase-9,with
27,4312.218351039484,2.356258391877691,0.0,677.739561675017,0.6686162080004578,1000,mac,phase-9,with
28,4308.521464833542,2.3542383598576357,0.0,677.1585321832766,0.6680430000051274,1000,mac,phase-9,with
29,4335.538818517061,2.369001032143879,0.0,681.4047757527085,0.6722320830012904,1000,mac,phase-9,with
